checkpoint,distance_cum_m,dplus_cum_m,dmoins_cum_m,dist_total,dplus_total,dmoins_total,dist_secteur,dplus_secteur,dmoins_secteur,dist_depart_secteur,dp_secteur,dm_secteur,vitesse_norm_pred,vitesse_norm_pred_low,vitesse_norm_pred_high,temps_secteur_med_27,temps_secteur_med_28,temps_secteur_med_29,temps_secteur_med_30,temps_secteur_med_31,temps_secteur_med_32,temps_secteur_med_33,temps_secteur_med_34,temps_secteur_med_35,temps_secteur_med_36,temps_secteur_med_37,temps_secteur_med_38,temps_secteur_med_39,temps_secteur_med_40,temps_secteur_med_41,temps_secteur_med_42,temps_secteur_med_43,temps_secteur_med_44,temps_secteur_med_45,temps_secteur_med_46,temps_secteur_med_47,temps_secteur_med_48,temps_secteur_med_49,temps_secteur_med_50,temps_secteur_med_51,temps_secteur_med_52,temps_secteur_med_53,temps_secteur_med_54,temps_secteur_med_55,temps_secteur_med_56,temps_secteur_med_57,temps_secteur_med_58,temps_secteur_med_59,temps_secteur_med_60,heure_passage_27,temps_cumule_med_27,temps_secteur_27,heure_passage_28,temps_cumule_med_28,temps_secteur_28,heure_passage_29,temps_cumule_med_29,temps_secteur_29,heure_passage_30,temps_cumule_med_30,temps_secteur_30,heure_passage_31,temps_cumule_med_31,temps_secteur_31,heure_passage_32,temps_cumule_med_32,temps_secteur_32,heure_passage_33,temps_cumule_med_33,temps_secteur_33,heure_passage_34,temps_cumule_med_34,temps_secteur_34,heure_passage_35,temps_cumule_med_35,temps_secteur_35,heure_passage_36,temps_cumule_med_36,temps_secteur_36,heure_passage_37,temps_cumule_med_37,temps_secteur_37,heure_passage_38,temps_cumule_med_38,temps_secteur_38,heure_passage_39,temps_cumule_med_39,temps_secteur_39,heure_passage_40,temps_cumule_med_40,temps_secteur_40,heure_passage_41,temps_cumule_med_41,temps_secteur_41,heure_passage_42,temps_cumule_med_42,temps_secteur_42,heure_passage_43,temps_cumule_med_43,temps_secteur_43,heure_passage_44,temps_cumule_med_44,temps_secteur_44,heure_passage_45,temps_cumule_med_45,temps_secteur_45,heure_passage_46,temps_cumule_med_46,temps_secteur_46,heure_passage_47,temps_cumule_med_47,temps_secteur_47,heure_passage_48,temps_cumule_med_48,temps_secteur_48,heure_passage_49,temps_cumule_med_49,temps_secteur_49,heure_passage_50,temps_cumule_med_50,temps_secteur_50,heure_passage_51,temps_cumule_med_51,temps_secteur_51,heure_passage_52,temps_cumule_med_52,temps_secteur_52,heure_passage_53,temps_cumule_med_53,temps_secteur_53,heure_passage_54,temps_cumule_med_54,temps_secteur_54,heure_passage_55,temps_cumule_med_55,temps_secteur_55,heure_passage_56,temps_cumule_med_56,temps_secteur_56,heure_passage_57,temps_cumule_med_57,temps_secteur_57,heure_passage_58,temps_cumule_med_58,temps_secteur_58,heure_passage_59,temps_cumule_med_59,temps_secteur_59,heure_passage_60,temps_cumule_med_60,temps_secteur_60
St Pierre,0,0,0,0.0,0,0,0.0,0.0,0.0,0.0,0.0,0.0,0.0021354044407543215,0.0020286342187166052,0.002242174662792038,0.0,0.0,0.0,0.0,0.0,0.0,0.0,0.0,0.0,0.0,0.0,0.0,0.0,0.0,0.0,0.0,0.0,0.0,0.0,0.0,0.0,0.0,0.0,0.0,0.0,0.0,0.0,0.0,0.0,0.0,0.0,0.0,0.0,0.0,Jeu. 22:00,0h00,0h00-0h00,Jeu. 22:00,0h00,0h00-0h00,Jeu. 22:00,0h00,0h00-0h00,Jeu. 22:00,0h00,0h00-0h00,Jeu. 22:00,0h00,0h00-0h00,Jeu. 22:00,0h00,0h00-0h00,Jeu. 22:00,0h00,0h00-0h00,Jeu. 22:00,0h00,0h00-0h00,Jeu. 22:00,0h00,0h00-0h00,Jeu. 22:00,0h00,0h00-0h00,Jeu. 22:00,0h00,0h00-0h00,Jeu. 22:00,0h00,0h00-0h00,Jeu. 22:00,0h00,0h00-0h00,Jeu. 22:00,0h00,0h00-0h00,Jeu. 22:00,0h00,0h00-0h00,Jeu. 22:00,0h00,0h00-0h00,Jeu. 22:00,0h00,0h00-0h00,Jeu. 22:00,0h00,0h00-0h00,Jeu. 22:00,0h00,0h00-0h00,Jeu. 22:00,0h00,0h00-0h00,Jeu. 22:00,0h00,0h00-0h00,Jeu. 22:00,0h00,0h00-0h00,Jeu. 22:00,0h00,0h00-0h00,Jeu. 22:00,0h00,0h00-0h00,Jeu. 22:00,0h00,0h00-0h00,Jeu. 22:00,0h00,0h00-0h00,Jeu. 22:00,0h00,0h00-0h00,Jeu. 22:00,0h00,0h00-0h00,Jeu. 22:00,0h00,0h00-0h00,Jeu. 22:00,0h00,0h00-0h00,Jeu. 22:00,0h00,0h00-0h00,Jeu. 22:00,0h00,0h00-0h00,Jeu. 22:00,0h00,0h00-0h00,Jeu. 22:00,0h00,0h00-0h00
Dom Vidot,14000,646,-1,14.0,646,1,14.0,646.0,1.0,0.0,46.142857142857146,0.07142857142857142,0.0036406786421181742,0.0034586447100122654,0.003822712574224083,1.3352363953198136,1.3846895951464733,1.434142794973133,1.4835959947997928,1.5330491946264526,1.5825023944531125,1.631955594279772,1.681408794106432,1.7308619939330918,1.7803151937597514,1.829768393586411,1.879221593413071,1.9286747932397306,1.9781279930663906,2.02758119289305,2.07703439271971,2.1264875925463698,2.175940792373029,2.225393992199689,2.274847192026349,2.3243003918530087,2.3737535916796686,2.4232067915063285,2.4726599913329883,2.5221131911596477,2.5715663909863076,2.6210195908129674,2.6704727906396273,2.719925990466287,2.7693791902929465,2.8188323901196064,2.868285589946266,2.9177387897729257,2.9671919895995855,Jeu. 23:20,1h20,1h16-1h24,Jeu. 23:23,1h23,1h18-1h27,Jeu. 23:26,1h26,1h21-1h30,Jeu. 23:29,1h29,1h24-1h33,Jeu. 23:31,1h31,1h27-1h36,Jeu. 23:34,1h34,1h30-1h39,Jeu. 23:37,1h37,1h33-1h42,Jeu. 23:40,1h40,1h35-1h45,Jeu. 23:43,1h43,1h38-1h49,Jeu. 23:46,1h46,1h41-1h52,Jeu. 23:49,1h49,1h44-1h55,Jeu. 23:52,1h52,1h47-1h58,Jeu. 23:55,1h55,1h49-2h01,Jeu. 23:58,1h58,1h52-2h04,Ven. 00:01,2h01,1h55-2h07,Ven. 00:04,2h04,1h58-2h10,Ven. 00:07,2h07,2h01-2h13,Ven. 00:10,2h10,2h04-2h17,Ven. 00:13,2h13,2h06-2h20,Ven. 00:16,2h16,2h09-2h23,Ven. 00:19,2h19,2h12-2h26,Ven. 00:22,2h22,2h15-2h29,Ven. 00:25,2h25,2h18-2h32,Ven. 00:28,2h28,2h20-2h35,Ven. 00:31,2h31,2h23-2h38,Ven. 00:34,2h34,2h26-2h42,Ven. 00:37,2h37,2h29-2h45,Ven. 00:40,2h40,2h32-2h48,Ven. 00:43,2h43,2h35-2h51,Ven. 00:46,2h46,2h37-2h54,Ven. 00:49,2h49,2h40-2h57,Ven. 00:52,2h52,2h43-3h00,Ven. 00:55,2h55,2h46-3h03,Ven. 00:58,2h58,2h49-3h06
Dame paix,33400,1976,296,33.4,1976,296,19.4,1330.0,295.0,14.0,68.55670103092784,15.20618556701031,0.00473232713295633,0.004495710776308513,0.004968943489604146,2.4050508797613515,2.494126838271031,2.5832027967807107,2.6722787552903906,2.76135471380007,2.85043067230975,2.9395066308194298,3.028582589329109,3.117658547838789,3.206734506348469,3.2958104648581488,3.3848864233678277,3.4739623818775076,3.5630383403871875,3.652114298896867,3.7411902574065468,3.8302662159162266,3.919342174425906,4.008418132935586,4.097494091445266,4.186570049954945,4.2756460084646255,4.3647219669743045,4.453797925483984,4.542873883993664,4.631949842503344,4.721025801013023,4.810101759522703,4.899177718032383,4.988253676542062,5.0773296350517425,5.1664055935614215,5.255481552071101,5.344557510580781,Ven. 01:44,3h44,2h17-2h31,Ven. 01:52,3h52,2h22-2h37,Ven. 02:01,4h01,2h27-2h42,Ven. 02:09,4h09,2h32-2h48,Ven. 02:17,4h17,2h37-2h53,Ven. 02:25,4h25,2h42-2h59,Ven. 02:34,4h34,2h47-3h05,Ven. 02:42,4h42,2h52-3h10,Ven. 02:50,4h50,2h57-3h16,Ven. 02:59,4h59,3h02-3h22,Ven. 03:07,5h07,3h07-3h27,Ven. 03:15,5h15,3h12-3h33,Ven. 03:24,5h24,3h18-3h38,Ven. 03:32,5h32,3h23-3h44,Ven. 03:40,5h40,3h28-3h50,Ven. 03:49,5h49,3h33-3h55,Ven. 03:57,5h57,3h38-4h01,Ven. 04:05,6h05,3h43-4h06,Ven. 04:14,6h14,3h48-4h12,Ven. 04:22,6h22,3h53-4h18,Ven. 04:30,6h30,3h58-4h23,Ven. 04:38,6h38,4h03-4h29,Ven. 04:47,6h47,4h08-4h34,Ven. 04:55,6h55,4h13-4h40,Ven. 05:03,7h03,4h18-4h46,Ven. 05:12,7h12,4h24-4h51,Ven. 05:20,7h20,4h29-4h57,Ven. 05:28,7h28,4h34-5h03,Ven. 05:37,7h37,4h39-5h08,Ven. 05:45,7h45,4h44-5h14,Ven. 05:53,7h53,4h49-5h19,Ven. 06:02,8h02,4h54-5h25,Ven. 06:10,8h10,4h59-5h31,Ven. 06:18,8h18,5h04-5h36
Nez boeuf,45400,2573,558,45.4,2573,558,12.0,597.0,262.0,33.4,49.75,21.833333333333332,0.004494831923152377,0.0042700903269947575,0.004719573519309996,1.4130010437080627,1.46533441569725,1.5176677876864377,1.5700011596756251,1.6223345316648126,1.6746679036540002,1.7270012756431878,1.779334647632375,1.8316680196215627,1.8840013916107503,1.9363347635999377,1.988668135589125,2.041001507578313,2.0933348795675,2.1456682515566876,2.1980016235458755,2.250334995535063,2.30266836752425,2.3550017395134377,2.407335111502625,2.4596684834918126,2.5120018554810004,2.564335227470188,2.6166685994593752,2.669001971448563,2.72133534343775,2.7736687154269375,2.8260020874161254,2.8783354594053128,2.9306688313945,2.983002203383688,3.0353355753728755,3.087668947362063,3.1400023193512503,Ven. 03:09,5h09,1h20-1h29,Ven. 03:20,5h20,1h23-1h32,Ven. 03:32,5h32,1h26-1h35,Ven. 03:43,5h43,1h29-1h38,Ven. 03:55,5h55,1h32-1h42,Ven. 04:06,6h06,1h35-1h45,Ven. 04:17,6h17,1h38-1h48,Ven. 04:29,6h29,1h41-1h52,Ven. 04:40,6h40,1h44-1h55,Ven. 04:52,6h52,1h47-1h58,Ven. 05:03,7h03,1h50-2h01,Ven. 05:15,7h15,1h53-2h05,Ven. 05:26,7h26,1h56-2h08,Ven. 05:38,7h38,1h59-2h11,Ven. 05:49,7h49,2h02-2h15,Ven. 06:00,8h00,2h05-2h18,Ven. 06:12,8h12,2h08-2h21,Ven. 06:23,8h23,2h11-2h25,Ven. 06:35,8h35,2h14-2h28,Ven. 06:46,8h46,2h17-2h31,Ven. 06:58,8h58,2h20-2h34,Ven. 07:09,9h09,2h23-2h38,Ven. 07:21,9h21,2h26-2h41,Ven. 07:32,9h32,2h29-2h44,Ven. 07:44,9h44,2h32-2h48,Ven. 07:55,9h55,2h35-2h51,Ven. 08:06,10h06,2h38-2h54,Ven. 08:18,10h18,2h41-2h58,Ven. 08:29,10h29,2h44-3h01,Ven. 08:41,10h41,2h47-3h04,Ven. 08:52,10h52,2h50-3h07,Ven. 09:04,11h04,2h53-3h11,Ven. 09:15,11h15,2h55-3h14,Ven. 09:27,11h27,2h58-3h17
Mare Boue,55700,2604,1006,55.7,2604,1006,10.300000000000004,31.0,448.0,45.4,3.0097087378640763,43.49514563106794,0.0033551191882543623,0.003187363228841644,0.003522875147667081,0.9053009110788572,0.9388305744521482,0.9723602378254392,1.0058899011987301,1.0394195645720212,1.0729492279453123,1.1064788913186032,1.1400085546918943,1.1735382180651852,1.2070678814384763,1.2405975448117674,1.2741272081850583,1.3076568715583492,1.3411865349316403,1.3747161983049314,1.4082458616782223,1.4417755250515132,1.4753051884248045,1.5088348517980954,1.5423645151713863,1.5758941785446774,1.6094238419179685,1.6429535052912594,1.6764831686645505,1.7100128320378414,1.7435424954111325,1.7770721587844236,1.8106018221577145,1.8441314855310054,1.8776611489042965,1.9111908122775876,1.9447204756508785,1.9782501390241696,2.0117798023974602,Ven. 04:03,6h03,0h51-0h57,Ven. 04:16,6h16,0h53-0h59,Ven. 04:30,6h30,0h55-1h01,Ven. 04:43,6h43,0h57-1h03,Ven. 04:57,6h57,0h59-1h05,Ven. 05:10,7h10,1h01-1h07,Ven. 05:24,7h24,1h03-1h09,Ven. 05:37,7h37,1h04-1h11,Ven. 05:51,7h51,1h06-1h13,Ven. 06:04,8h04,1h08-1h16,Ven. 06:18,8h18,1h10-1h18,Ven. 06:31,8h31,1h12-1h20,Ven. 06:45,8h45,1h14-1h22,Ven. 06:58,8h58,1h16-1h24,Ven. 07:12,9h12,1h18-1h26,Ven. 07:25,9h25,1h20-1h28,Ven. 07:38,9h38,1h22-1h30,Ven. 07:52,9h52,1h24-1h32,Ven. 08:05,10h05,1h26-1h35,Ven. 08:19,10h19,1h27-1h37,Ven. 08:32,10h32,1h29-1h39,Ven. 08:46,10h46,1h31-1h41,Ven. 08:59,10h59,1h33-1h43,Ven. 09:13,11h13,1h35-1h45,Ven. 09:26,11h26,1h37-1h47,Ven. 09:40,11h40,1h39-1h49,Ven. 09:53,11h53,1h41-1h51,Ven. 10:07,12h07,1h43-1h54,Ven. 10:20,12h20,1h45-1h56,Ven. 10:33,12h33,1h47-1h58,Ven. 10:47,12h47,1h48-2h00,Ven. 11:00,13h00,1h50-2h02,Ven. 11:14,13h14,1h52-2h04,Ven. 11:27,13h27,1h54-2h06
Kerveguen,65200,3289,1096,65.2,3289,1096,9.5,685.0,90.0,55.7,72.10526315789474,9.473684210526315,0.005482851965383373,0.005208709367114203,0.005756994563652542,1.3645137159623717,1.415051260998015,1.4655888060336586,1.516126351069302,1.5666638961049455,1.6172014411405888,1.6677389861762322,1.7182765312118757,1.7688140762475189,1.8193516212831624,1.8698891663188058,1.920426711354449,1.9709642563900924,2.0215018014257358,2.0720393464613793,2.122576891497023,2.173114436532666,2.2236519815683096,2.274189526603953,2.3247270716395962,2.37526461667524,2.4258021617108834,2.4763397067465265,2.52687725178217,2.5774147968178136,2.627952341853457,2.6784898868891003,2.7290274319247434,2.779564976960387,2.83010252199603,2.8806400670316736,2.931177612067317,2.9817151571029603,3.032252702138604,Ven. 05:25,7h25,1h17-1h25,Ven. 05:41,7h41,1h20-1h29,Ven. 05:58,7h58,1h23-1h32,Ven. 06:14,8h14,1h26-1h35,Ven. 06:31,8h31,1h29-1h38,Ven. 06:47,8h47,1h32-1h41,Ven. 07:04,9h04,1h35-1h45,Ven. 07:20,9h20,1h37-1h48,Ven. 07:37,9h37,1h40-1h51,Ven. 07:53,9h53,1h43-1h54,Ven. 08:10,10h10,1h46-1h57,Ven. 08:26,10h26,1h49-2h00,Ven. 08:43,10h43,1h52-2h04,Ven. 08:59,10h59,1h55-2h07,Ven. 09:16,11h16,1h58-2h10,Ven. 09:32,11h32,2h00-2h13,Ven. 09:49,11h49,2h03-2h16,Ven. 10:05,12h05,2h06-2h20,Ven. 10:22,12h22,2h09-2h23,Ven. 10:38,12h38,2h12-2h26,Ven. 10:55,12h55,2h15-2h29,Ven. 11:11,13h11,2h18-2h32,Ven. 11:28,13h28,2h21-2h36,Ven. 11:44,13h44,2h24-2h39,Ven. 12:01,14h01,2h26-2h42,Ven. 12:17,14h17,2h29-2h45,Ven. 12:34,14h34,2h32-2h48,Ven. 12:50,14h50,2h35-2h51,Ven. 13:07,15h07,2h38-2h55,Ven. 13:23,15h23,2h41-2h58,Ven. 13:40,15h40,2h44-3h01,Ven. 13:56,15h56,2h47-3h04,Ven. 14:13,16h13,2h49-3h07,Ven. 14:29,16h29,2h52-3h11
Croisée,67800,3572,1089,67.8,3572,1089,2.5999999999999943,283.0,-7.0,65.2,108.84615384615408,-2.6923076923076983,0.006731557406696829,0.006394979536361987,0.007068135277031671,0.4584971935652195,0.475478571104672,0.4924599486441246,0.5094413261835772,0.5264227037230298,0.5434040812624823,0.5603854588019349,0.5773668363413875,0.5943482138808401,0.6113295914202926,0.6283109689597453,0.6452923464991979,0.6622737240386504,0.679255101578103,0.6962364791175555,0.713217856657008,0.7301992341964606,0.7471806117359132,0.7641619892753658,0.7811433668148183,0.7981247443542709,0.8151061218937236,0.8320874994331761,0.8490688769726287,0.8660502545120813,0.8830316320515338,0.9000130095909864,0.916994387130439,0.9339757646698916,0.950957142209344,0.9679385197487966,0.9849198972882492,1.0019012748277019,1.0188826523671544,Ven. 05:52,7h52,0h26-0h28,Ven. 06:10,8h10,0h27-0h29,Ven. 06:27,8h27,0h28-0h31,Ven. 06:45,8h45,0h29-0h32,Ven. 07:02,9h02,0h30-0h33,Ven. 07:20,9h20,0h30-0h34,Ven. 07:37,9h37,0h31-0h35,Ven. 07:55,9h55,0h32-0h36,Ven. 08:13,10h13,0h33-0h37,Ven. 08:30,10h30,0h34-0h38,Ven. 08:48,10h48,0h35-0h39,Ven. 09:05,11h05,0h36-0h40,Ven. 09:23,11h23,0h37-0h41,Ven. 09:40,11h40,0h38-0h42,Ven. 09:58,11h58,0h39-0h43,Ven. 10:15,12h15,0h40-0h44,Ven. 10:33,12h33,0h41-0h46,Ven. 10:50,12h50,0h42-0h47,Ven. 11:08,13h08,0h43-0h48,Ven. 11:25,13h25,0h44-0h49,Ven. 11:43,13h43,0h45-0h50,Ven. 12:00,14h00,0h46-0h51,Ven. 12:18,14h18,0h47-0h52,Ven. 12:35,14h35,0h48-0h53,Ven. 12:53,14h53,0h49-0h54,Ven. 13:10,15h10,0h50-0h55,Ven. 13:28,15h28,0h51-0h56,Ven. 13:45,15h45,0h52-0h57,Ven. 14:03,16h03,0h53-0h58,Ven. 14:20,16h20,0h54-0h59,Ven. 14:38,16h38,0h55-1h00,Ven. 14:55,16h55,0h56-1h02,Ven. 15:13,17h13,0h57-1h03,Ven. 15:30,17h30,0h58-1h04
Le Bloc,71800,3572,2186,71.8,3572,2186,4.0,0.0,1097.0,67.8,0.0,274.25,0.005621660232732761,0.005340577221096122,0.005902743244369399,0.5890774050458465,0.6108950867142111,0.6327127683825758,0.6545304500509405,0.6763481317193052,0.6981658133876699,0.7199834950560345,0.7418011767243993,0.7636188583927639,0.7854365400611286,0.8072542217294933,0.829071903397858,0.8508895850662227,0.8727072667345873,0.894524948402952,0.9163426300713168,0.9381603117396814,0.959977993408046,0.9817956750764106,1.0036133567447756,1.0254310384131402,1.0472487200815048,1.0690664017498694,1.090884083418234,1.112701765086599,1.1345194467549635,1.1563371284233284,1.178154810091693,1.1999724917600576,1.2217901734284222,1.243607855096787,1.2654255367651517,1.2872432184335163,1.309060900101881,Ven. 06:28,8h28,0h33-0h37,Ven. 06:47,8h47,0h34-0h38,Ven. 07:05,9h05,0h36-0h39,Ven. 07:24,9h24,0h37-0h41,Ven. 07:43,9h43,0h38-0h42,Ven. 08:02,10h02,0h39-0h43,Ven. 08:21,10h21,0h41-0h45,Ven. 08:40,10h40,0h42-0h46,Ven. 08:58,10h58,0h43-0h48,Ven. 09:17,11h17,0h44-0h49,Ven. 09:36,11h36,0h46-0h50,Ven. 09:55,11h55,0h47-0h52,Ven. 10:14,12h14,0h48-0h53,Ven. 10:32,12h32,0h49-0h54,Ven. 10:51,12h51,0h50-0h56,Ven. 11:10,13h10,0h52-0h57,Ven. 11:29,13h29,0h53-0h59,Ven. 11:48,13h48,0h54-1h00,Ven. 12:07,14h07,0h55-1h01,Ven. 12:25,14h25,0h57-1h03,Ven. 12:44,14h44,0h58-1h04,Ven. 13:03,15h03,0h59-1h05,Ven. 13:22,15h22,1h00-1h07,Ven. 13:41,15h41,1h02-1h08,Ven. 14:00,16h00,1h03-1h10,Ven. 14:18,16h18,1h04-1h11,Ven. 14:37,16h37,1h05-1h12,Ven. 14:56,16h56,1h07-1h14,Ven. 15:15,17h15,1h08-1h15,Ven. 15:34,17h34,1h09-1h16,Ven. 15:52,17h52,1h10-1h18,Ven. 16:11,18h11,1h12-1h19,Ven. 16:30,18h30,1h13-1h21,Ven. 16:49,18h49,1h14-1h22
chênes,73800,3707,2317,73.8,3707,2317,2.0,135.0,131.0,71.8,67.5,65.5,0.0060818009966022496,0.0057777109467721365,0.006385891046432363,0.31864710786177514,0.3304488525973964,0.34225059733301777,0.35405234206863906,0.3658540868042604,0.3776558315398817,0.389457576275503,0.40125932101112427,0.4130610657467456,0.4248628104823669,0.4366645552179882,0.4484662999536095,0.4602680446892308,0.4720697894248521,0.4838715341604734,0.49567327889609475,0.5074750236317159,0.5192767683673373,0.5310785131029585,0.5428802578385798,0.5546820025742012,0.5664837473098224,0.5782854920454438,0.590087236781065,0.6018889815166863,0.6136907262523077,0.6254924709879289,0.6372942157235503,0.6490959604591716,0.6608977051947929,0.6726994499304142,0.6845011946660355,0.6963029394016568,0.7081046841372781,Ven. 06:47,8h47,0h18-0h20,Ven. 07:06,9h06,0h18-0h20,Ven. 07:26,9h26,0h19-0h21,Ven. 07:45,9h45,0h20-0h22,Ven. 08:05,10h05,0h20-0h23,Ven. 08:25,10h25,0h21-0h23,Ven. 08:44,10h44,0h22-0h24,Ven. 09:04,11h04,0h22-0h25,Ven. 09:23,11h23,0h23-0h26,Ven. 09:43,11h43,0h24-0h26,Ven. 10:02,12h02,0h24-0h27,Ven. 10:22,12h22,0h25-0h28,Ven. 10:41,12h41,0h26-0h28,Ven. 11:01,13h01,0h26-0h29,Ven. 11:20,13h20,0h27-0h30,Ven. 11:40,13h40,0h28-0h31,Ven. 11:59,13h59,0h28-0h31,Ven. 12:19,14h19,0h29-0h32,Ven. 12:38,14h38,0h30-0h33,Ven. 12:58,14h58,0h30-0h34,Ven. 13:17,15h17,0h31-0h34,Ven. 13:37,15h37,0h32-0h35,Ven. 13:57,15h57,0h32-0h36,Ven. 14:16,16h16,0h33-0h37,Ven. 14:36,16h36,0h34-0h37,Ven. 14:55,16h55,0h34-0h38,Ven. 15:15,17h15,0h35-0h39,Ven. 15:34,17h34,0h36-0h40,Ven. 15:54,17h54,0h36-0h40,Ven. 16:13,18h13,0h37-0h41,Ven. 16:33,18h33,0h38-0h42,Ven. 16:52,18h52,0h39-0h43,Ven. 17:12,19h12,0h39-0h43,Ven. 17:31,19h31,0h40-0h44
Cilaos,76200,3707,2503,76.2,3707,2503,2.4000000000000057,0.0,186.0,73.8,0.0,77.49999999999982,0.004017395632177874,0.0038165258505689806,0.004218265413786768,0.25258271358339834,0.261937628901302,0.2712925442192056,0.28064745953710923,0.2900023748550129,0.29935729017291657,0.3087122054908202,0.31806712080872385,0.3274220361266275,0.3367769514445311,0.34613186676243474,0.3554867820803384,0.36484169739824207,0.3741966127161457,0.38355152803404935,0.39290644335195296,0.40226135866985663,0.41161627398776024,0.4209711893056639,0.4303261046235676,0.4396810199414712,0.44903593525937485,0.45839085057727846,0.46774576589518213,0.47710068121308574,0.48645559653098935,0.495810511848893,0.5051654271667967,0.5145203424847004,0.523875257802604,0.5332301731205077,0.5425850884384112,0.5519400037563149,0.5612949190742185,Ven. 07:02,9h02,0h14-0h15,Ven. 07:22,9h22,0h14-0h16,Ven. 07:42,9h42,0h15-0h17,Ven. 08:02,10h02,0h15-0h17,Ven. 08:22,10h22,0h16-0h18,Ven. 08:42,10h42,0h17-0h18,Ven. 09:03,11h03,0h17-0h19,Ven. 09:23,11h23,0h18-0h20,Ven. 09:43,11h43,0h18-0h20,Ven. 10:03,12h03,0h19-0h21,Ven. 10:23,12h23,0h19-0h21,Ven. 10:43,12h43,0h20-0h22,Ven. 11:03,13h03,0h20-0h22,Ven. 11:23,13h23,0h21-0h23,Ven. 11:43,13h43,0h21-0h24,Ven. 12:03,14h03,0h22-0h24,Ven. 12:24,14h24,0h22-0h25,Ven. 12:44,14h44,0h23-0h25,Ven. 13:04,15h04,0h23-0h26,Ven. 13:24,15h24,0h24-0h27,Ven. 13:44,15h44,0h25-0h27,Ven. 14:04,16h04,0h25-0h28,Ven. 14:24,16h24,0h26-0h28,Ven. 14:44,16h44,0h26-0h29,Ven. 15:04,17h04,0h27-0h30,Ven. 15:24,17h24,0h27-0h30,Ven. 15:44,17h44,0h28-0h31,Ven. 16:05,18h05,0h28-0h31,Ven. 16:25,18h25,0h29-0h32,Ven. 16:45,18h45,0h29-0h33,Ven. 17:05,19h05,0h30-0h33,Ven. 17:25,19h25,0h30-0h34,Ven. 17:45,19h45,0h31-0h34,Ven. 18:05,20h05,0h31-0h35
Sentier T,82800,4236,2977,82.8,4236,2977,6.599999999999994,529.0,474.0,76.2,80.15151515151523,71.81818181818188,0.006621246689364872,0.0062901843548966285,0.006952309023833116,1.1448049122797352,1.1872050942160217,1.2296052761523084,1.2720054580885949,1.3144056400248811,1.3568058219611678,1.3992060038974543,1.4416061858337408,1.4840063677700273,1.5264065497063137,1.5688067316426004,1.6112069135788867,1.6536070955151732,1.6960072774514596,1.7384074593877463,1.7808076413240328,1.823207823260319,1.8656080051966057,1.9080081871328922,1.9504083690691785,1.9928085510054652,2.0352087329417516,2.0776089148780383,2.120009096814325,2.162409278750611,2.2048094606868975,2.2472096426231842,2.2896098245594705,2.332010006495757,2.3744101884320434,2.41681037036833,2.459210552304617,2.501610734240903,2.5440109161771898,Ven. 08:11,10h11,1h05-1h12,Ven. 08:33,10h33,1h07-1h14,Ven. 08:56,10h56,1h10-1h17,Ven. 09:19,11h19,1h12-1h20,Ven. 09:41,11h41,1h14-1h22,Ven. 10:04,12h04,1h17-1h25,Ven. 10:27,12h27,1h19-1h28,Ven. 10:49,12h49,1h22-1h30,Ven. 11:12,13h12,1h24-1h33,Ven. 11:34,13h34,1h27-1h36,Ven. 11:57,13h57,1h29-1h38,Ven. 12:20,14h20,1h31-1h41,Ven. 12:42,14h42,1h34-1h44,Ven. 13:05,15h05,1h36-1h46,Ven. 13:28,15h28,1h39-1h49,Ven. 13:50,15h50,1h41-1h52,Ven. 14:13,16h13,1h43-1h54,Ven. 14:36,16h36,1h46-1h57,Ven. 14:58,16h58,1h48-2h00,Ven. 15:21,17h21,1h51-2h02,Ven. 15:43,17h43,1h53-2h05,Ven. 16:06,18h06,1h56-2h08,Ven. 16:29,18h29,1h58-2h10,Ven. 16:51,18h51,2h00-2h13,Ven. 17:14,19h14,2h03-2h16,Ven. 17:37,19h37,2h05-2h18,Ven. 17:59,19h59,2h08-2h21,Ven. 18:22,20h22,2h10-2h24,Ven. 18:45,20h45,2h12-2h26,Ven. 19:07,21h07,2h15-2h29,Ven. 19:30,21h30,2h17-2h32,Ven. 19:52,21h52,2h20-2h34,Ven. 20:15,22h15,2h22-2h37,Ven. 20:38,22h38,2h25-2h40
Marla,88700,5094,3484,88.7,5094,3484,5.900000000000006,858.0,507.0,82.8,145.4237288135592,85.93220338983042,0.008980158537970177,0.008531150611071668,0.009429166464868686,1.3879818767822354,1.4393886129593552,1.490795349136475,1.542202085313595,1.5936088214907147,1.6450155576678345,1.6964222938449542,1.7478290300220742,1.799235766199194,1.8506425023763138,1.9020492385534336,1.9534559747305535,2.0048627109076733,2.056269447084793,2.107676183261913,2.1590829194390326,2.2104896556161524,2.2618963917932726,2.3133031279703924,2.364709864147512,2.416116600324632,2.4675233365017517,2.5189300726788715,2.5703368088559913,2.621743545033111,2.6731502812102312,2.724557017387351,2.775963753564471,2.8273704897415906,2.8787772259187103,2.93018396209583,2.98159069827295,3.0329974344500696,3.08440417062719,Ven. 09:34,11h34,1h19-1h27,Ven. 10:00,12h00,1h22-1h30,Ven. 10:25,12h25,1h24-1h33,Ven. 10:51,12h51,1h27-1h37,Ven. 11:17,13h17,1h30-1h40,Ven. 11:43,13h43,1h33-1h43,Ven. 12:08,14h08,1h36-1h46,Ven. 12:34,14h34,1h39-1h50,Ven. 13:00,15h00,1h42-1h53,Ven. 13:25,15h25,1h45-1h56,Ven. 13:51,15h51,1h48-1h59,Ven. 14:17,16h17,1h51-2h03,Ven. 14:43,16h43,1h54-2h06,Ven. 15:08,17h08,1h57-2h09,Ven. 15:34,17h34,2h00-2h12,Ven. 16:00,18h00,2h03-2h16,Ven. 16:26,18h26,2h05-2h19,Ven. 16:51,18h51,2h08-2h22,Ven. 17:17,19h17,2h11-2h25,Ven. 17:43,19h43,2h14-2h28,Ven. 18:08,20h08,2h17-2h32,Ven. 18:34,20h34,2h20-2h35,Ven. 19:00,21h00,2h23-2h38,Ven. 19:26,21h26,2h26-2h41,Ven. 19:51,21h51,2h29-2h45,Ven. 20:17,22h17,2h32-2h48,Ven. 20:43,22h43,2h35-2h51,Ven. 21:08,23h08,2h38-2h54,Ven. 21:34,23h34,2h41-2h58,Ven. 22:00,24h00,2h44-3h01,Ven. 22:26,24h26,2h47-3h04,Ven. 22:51,24h51,2h49-3h07,Ven. 23:17,25h17,2h52-3h11,Ven. 23:43,25h43,2h55-3h14
Merles,95200,5564,3759,95.2,5564,3759,6.5,470.0,275.0,88.7,72.3076923076923,42.30769230769231,0.006315238761494953,0.005999476823420205,0.0066310006995697005,1.07535265388926,1.1151805299592323,1.1550084060292047,1.1948362820991774,1.2346641581691502,1.2744920342391226,1.314319910309095,1.3541477863790679,1.3939756624490405,1.4338035385190129,1.4736314145889855,1.5134592906589581,1.5532871667289307,1.5931150427989034,1.6329429188688758,1.6727707949388484,1.7125986710088212,1.7524265470787936,1.792254423148766,1.8320822992187389,1.8719101752887115,1.911738051358684,1.9515659274286563,1.991393803498629,2.031221679568602,2.071049555638574,2.1108774317085466,2.15070530777852,2.1905331838484923,2.2303610599184647,2.270188935988437,2.3100168120584095,2.3498446881283823,2.3896725641983547,Ven. 10:39,12h39,1h01-1h07,Ven. 11:07,13h07,1h03-1h10,Ven. 11:35,13h35,1h05-1h12,Ven. 12:03,14h03,1h08-1h15,Ven. 12:31,14h31,1h10-1h17,Ven. 12:59,14h59,1h12-1h20,Ven. 13:27,15h27,1h14-1h22,Ven. 13:55,15h55,1h17-1h25,Ven. 14:23,16h23,1h19-1h27,Ven. 14:52,16h52,1h21-1h30,Ven. 15:20,17h20,1h23-1h32,Ven. 15:48,17h48,1h26-1h35,Ven. 16:16,18h16,1h28-1h37,Ven. 16:44,18h44,1h30-1h40,Ven. 17:12,19h12,1h33-1h42,Ven. 17:40,19h40,1h35-1h45,Ven. 18:08,20h08,1h37-1h47,Ven. 18:36,20h36,1h39-1h50,Ven. 19:05,21h05,1h42-1h52,Ven. 19:33,21h33,1h44-1h55,Ven. 20:01,22h01,1h46-1h57,Ven. 20:29,22h29,1h48-2h00,Ven. 20:57,22h57,1h51-2h02,Ven. 21:25,23h25,1h53-2h05,Ven. 21:53,23h53,1h55-2h07,Ven. 22:21,24h21,1h58-2h10,Ven. 22:49,24h49,2h00-2h12,Ven. 23:18,25h18,2h02-2h15,Ven. 23:46,25h46,2h04-2h18,Sam. 00:14,26h14,2h07-2h20,Sam. 00:42,26h42,2h09-2h23,Sam. 01:10,27h10,2h11-2h25,Sam. 01:38,27h38,2h13-2h28,Sam. 02:06,28h06,2h16-2h30
Sen. Scout,97200,5587,3953,97.2,5587,3953,2.0,23.0,194.0,95.2,11.5,97.0,0.004912392985995254,0.004666773336695491,0.005158012635295017,0.257377677852722,0.26691018443985987,0.2764426910269977,0.28597519761413553,0.2955077042012734,0.30504021078841126,0.3145727173755491,0.324105223962687,0.3336377305498248,0.34317023713696265,0.35270274372410054,0.3622352503112384,0.3717677568983762,0.38130026348551405,0.39083277007265194,0.40036527665978977,0.4098977832469276,0.4194302898340655,0.42896279642120333,0.43849530300834116,0.44802780959547905,0.4575603161826169,0.4670928227697547,0.4766253293568926,0.4861578359440304,0.4956903425311683,0.5052228491183062,0.514755355705444,0.5242878622925818,0.5338203688797197,0.5433528754668575,0.5528853820539954,0.5624178886411333,0.5719503952282711,Ven. 10:54,12h54,0h14-0h16,Ven. 11:23,13h23,0h15-0h16,Ven. 11:51,13h51,0h15-0h17,Ven. 12:20,14h20,0h16-0h18,Ven. 12:49,14h49,0h16-0h18,Ven. 13:17,15h17,0h17-0h19,Ven. 13:46,15h46,0h17-0h19,Ven. 14:15,16h15,0h18-0h20,Ven. 14:43,16h43,0h19-0h21,Ven. 15:12,17h12,0h19-0h21,Ven. 15:41,17h41,0h20-0h22,Ven. 16:09,18h09,0h20-0h22,Ven. 16:38,18h38,0h21-0h23,Ven. 17:07,19h07,0h21-0h24,Ven. 17:36,19h36,0h22-0h24,Ven. 18:04,20h04,0h22-0h25,Ven. 18:33,20h33,0h23-0h25,Ven. 19:02,21h02,0h23-0h26,Ven. 19:30,21h30,0h24-0h27,Ven. 19:59,21h59,0h24-0h27,Ven. 20:28,22h28,0h25-0h28,Ven. 20:56,22h56,0h26-0h28,Ven. 21:25,23h25,0h26-0h29,Ven. 21:54,23h54,0h27-0h30,Ven. 22:22,24h22,0h27-0h30,Ven. 22:51,24h51,0h28-0h31,Ven. 23:20,25h20,0h28-0h31,Ven. 23:48,25h48,0h29-0h32,Sam. 00:17,26h17,0h29-0h33,Sam. 00:46,26h46,0h30-0h33,Sam. 01:14,27h14,0h30-0h34,Sam. 01:43,27h43,0h31-0h34,Sam. 02:12,28h12,0h32-0h35,Sam. 02:40,28h40,0h32-0h36
Aurère,105900,5970,5060,105.9,5970,5060,8.700000000000003,383.0,1107.0,97.2,44.022988505747115,127.24137931034478,0.006267468925236014,0.005954095478974213,0.006580842371497814,1.4284308525940708,1.481335698986444,1.5342405453788168,1.5871453917711897,1.6400502381635627,1.6929550845559358,1.7458599309483087,1.7987647773406816,1.8516696237330548,1.9045744701254277,1.9574793165178006,2.010384162910174,2.0632890093025464,2.11619385569492,2.1690987020872927,2.2220035484796656,2.2749083948720386,2.327813241264412,2.3807180876567844,2.4336229340491577,2.4865277804415307,2.5394326268339036,2.5923374732262765,2.64524231961865,2.6981471660110223,2.7510520124033957,2.8039568587957686,2.8568617051881415,2.9097665515805144,2.962671397972888,3.0155762443652603,3.0684810907576336,3.121385937150006,3.1742907835423795,Ven. 12:20,14h20,1h21-1h29,Ven. 12:52,14h52,1h24-1h33,Ven. 13:23,15h23,1h27-1h36,Ven. 13:55,15h55,1h30-1h39,Ven. 14:27,16h27,1h33-1h43,Ven. 14:59,16h59,1h36-1h46,Ven. 15:31,17h31,1h39-1h49,Ven. 16:03,18h03,1h42-1h53,Ven. 16:35,18h35,1h45-1h56,Ven. 17:06,19h06,1h48-1h59,Ven. 17:38,19h38,1h51-2h03,Ven. 18:10,20h10,1h54-2h06,Ven. 18:42,20h42,1h57-2h09,Ven. 19:14,21h14,2h00-2h13,Ven. 19:46,21h46,2h03-2h16,Ven. 20:18,22h18,2h06-2h19,Ven. 20:49,22h49,2h09-2h23,Ven. 21:21,23h21,2h12-2h26,Ven. 21:53,23h53,2h15-2h29,Ven. 22:25,24h25,2h18-2h33,Ven. 22:57,24h57,2h21-2h36,Ven. 23:29,25h29,2h24-2h39,Sam. 00:01,26h01,2h27-2h43,Sam. 00:32,26h32,2h30-2h46,Sam. 01:04,27h04,2h33-2h49,Sam. 01:36,27h36,2h36-2h53,Sam. 02:08,28h08,2h39-2h56,Sam. 02:40,28h40,2h42-2h59,Sam. 03:12,29h12,2h45-3h03,Sam. 03:44,29h44,2h48-3h06,Sam. 04:15,30h15,2h51-3h09,Sam. 04:47,30h47,2h54-3h13,Sam. 05:19,31h19,2h57-3h16,Sam. 05:51,31h51,3h00-3h19
Pass Oussy,109800,6018,5651,109.8,6018,5651,3.8999999999999915,48.0,591.0,105.9,12.307692307692335,151.53846153846186,0.0055863445554573295,0.005307027327684463,0.005865661783230196,0.570742358614684,0.5918809644893019,0.6130195703639199,0.6341581762385379,0.6552967821131558,0.6764353879877737,0.6975739938623916,0.7187125997370095,0.7398512056116274,0.7609898114862453,0.7821284173608632,0.8032670232354813,0.8244056291100992,0.8455442349847171,0.866682840859335,0.8878214467339529,0.9089600526085708,0.9300986584831887,0.9512372643578066,0.9723758702324248,0.9935144761070427,1.0146530819816606,1.0357916878562785,1.0569302937308964,1.0780688996055143,1.0992075054801322,1.1203461113547502,1.141484717229368,1.162623323103986,1.1837619289786039,1.2049005348532218,1.2260391407278397,1.2471777466024578,1.2683163524770757,Ven. 12:54,14h54,0h32-0h35,Ven. 13:27,15h27,0h33-0h37,Ven. 14:00,16h00,0h34-0h38,Ven. 14:33,16h33,0h36-0h39,Ven. 15:06,17h06,0h37-0h41,Ven. 15:40,17h40,0h38-0h42,Ven. 16:13,18h13,0h39-0h43,Ven. 16:46,18h46,0h40-0h45,Ven. 17:19,19h19,0h42-0h46,Ven. 17:52,19h52,0h43-0h47,Ven. 18:25,20h25,0h44-0h49,Ven. 18:58,20h58,0h45-0h50,Ven. 19:31,21h31,0h46-0h51,Ven. 20:05,22h05,0h48-0h53,Ven. 20:38,22h38,0h49-0h54,Ven. 21:11,23h11,0h50-0h55,Ven. 21:44,23h44,0h51-0h57,Ven. 22:17,24h17,0h53-0h58,Ven. 22:50,24h50,0h54-0h59,Ven. 23:23,25h23,0h55-1h01,Ven. 23:56,25h56,0h56-1h02,Sam. 00:30,26h30,0h57-1h03,Sam. 01:03,27h03,0h59-1h05,Sam. 01:36,27h36,1h00-1h06,Sam. 02:09,28h09,1h01-1h07,Sam. 02:42,28h42,1h02-1h09,Sam. 03:15,29h15,1h03-1h10,Sam. 03:48,29h48,1h05-1h11,Sam. 04:21,30h21,1h06-1h13,Sam. 04:55,30h55,1h07-1h14,Sam. 05:28,31h28,1h08-1h15,Sam. 06:01,32h01,1h09-1h17,Sam. 06:34,32h34,1h11-1h18,Sam. 07:07,33h07,1h12-1h19
Ilet  Oran,115500,6927,5950,115.5,6927,5950,5.700000000000003,909.0,299.0,109.8,159.47368421052624,52.45614035087716,0.009591746093562612,0.00911215878888448,0.010071333398240744,1.4322548761842646,1.4853013530799781,1.5383478299756916,1.5913943068714052,1.6444407837671187,1.6974872606628322,1.7505337375585457,1.8035802144542592,1.8566266913499727,1.9096731682456862,1.9627196451413997,2.0157661220371135,2.0688125989328268,2.1218590758285405,2.174905552724254,2.227952029619967,2.280998506515681,2.334044983411394,2.387091460307108,2.440137937202821,2.493184414098535,2.5462308909942486,2.599277367889962,2.6523238447856756,2.7053703216813885,2.758416798577102,2.811463275472816,2.8645097523685292,2.917556229264243,2.9706027061599563,3.02364918305567,3.0766956599513833,3.129742136847097,3.1827886137428103,Ven. 14:20,16h20,1h21-1h30,Ven. 14:56,16h56,1h24-1h33,Ven. 15:32,17h32,1h27-1h36,Ven. 16:09,18h09,1h30-1h40,Ven. 16:45,18h45,1h33-1h43,Ven. 17:21,19h21,1h36-1h46,Ven. 17:58,19h58,1h39-1h50,Ven. 18:34,20h34,1h42-1h53,Ven. 19:10,21h10,1h45-1h56,Ven. 19:47,21h47,1h48-2h00,Ven. 20:23,22h23,1h51-2h03,Ven. 20:59,22h59,1h54-2h06,Ven. 21:36,23h36,1h57-2h10,Ven. 22:12,24h12,2h00-2h13,Ven. 22:48,24h48,2h03-2h17,Ven. 23:24,25h24,2h06-2h20,Sam. 00:01,26h01,2h10-2h23,Sam. 00:37,26h37,2h13-2h27,Sam. 01:13,27h13,2h16-2h30,Sam. 01:50,27h50,2h19-2h33,Sam. 02:26,28h26,2h22-2h37,Sam. 03:02,29h02,2h25-2h40,Sam. 03:39,29h39,2h28-2h43,Sam. 04:15,30h15,2h31-2h47,Sam. 04:51,30h51,2h34-2h50,Sam. 05:28,31h28,2h37-2h53,Sam. 06:04,32h04,2h40-2h57,Sam. 06:40,32h40,2h43-3h00,Sam. 07:16,33h16,2h46-3h03,Sam. 07:53,33h53,2h49-3h07,Sam. 08:29,34h29,2h52-3h10,Sam. 09:05,35h05,2h55-3h13,Sam. 09:42,35h42,2h58-3h17,Sam. 10:18,36h18,3h01-3h20
Pit Orange,123300,8137,6191,123.3,8137,6191,7.799999999999997,1210.0,241.0,115.5,155.1282051282052,30.89743589743591,0.00935702351752606,0.008889172341649756,0.009824874693402362,1.9119657296429333,1.9827792751852642,2.053592820727595,2.124406366269926,2.1952199118122566,2.2660334573545877,2.336847002896919,2.4076605484392495,2.4784740939815806,2.5492876395239112,2.620101185066242,2.6909147306085726,2.7617282761509037,2.8325418216932343,2.9033553672355654,2.974168912777896,3.044982458320227,3.115796003862558,3.186609549404889,3.2574230949472196,3.3282366404895507,3.399050186031882,3.4698637315742125,3.5406772771165436,3.6114908226588742,3.682304368201205,3.7531179137435355,3.8239314592858666,3.8947450048281977,3.9655585503705284,4.036372095912859,4.10718564145519,4.177999186997521,4.248812732539852,Ven. 16:15,18h15,1h48-2h00,Ven. 16:55,18h55,1h53-2h04,Ven. 17:36,19h36,1h57-2h09,Ven. 18:16,20h16,2h01-2h13,Ven. 18:57,20h57,2h05-2h18,Ven. 19:37,21h37,2h09-2h22,Ven. 20:18,22h18,2h13-2h27,Ven. 20:58,22h58,2h17-2h31,Ven. 21:39,23h39,2h21-2h36,Ven. 22:20,24h20,2h25-2h40,Ven. 23:00,25h00,2h29-2h45,Ven. 23:41,25h41,2h33-2h49,Sam. 00:21,26h21,2h37-2h53,Sam. 01:02,27h02,2h41-2h58,Sam. 01:42,27h42,2h45-3h02,Sam. 02:23,28h23,2h49-3h07,Sam. 03:03,29h03,2h53-3h11,Sam. 03:44,29h44,2h57-3h16,Sam. 04:25,30h25,3h01-3h20,Sam. 05:05,31h05,3h05-3h25,Sam. 05:46,31h46,3h09-3h29,Sam. 06:26,32h26,3h13-3h34,Sam. 07:07,33h07,3h17-3h38,Sam. 07:47,33h47,3h21-3h43,Sam. 08:28,34h28,3h25-3h47,Sam. 09:08,35h08,3h29-3h51,Sam. 09:49,35h49,3h33-3h56,Sam. 10:30,36h30,3h37-4h00,Sam. 11:10,37h10,3h42-4h05,Sam. 11:51,37h51,3h46-4h09,Sam. 12:31,38h31,3h50-4h14,Sam. 13:12,39h12,3h54-4h18,Sam. 13:52,39h52,3h58-4h23,Sam. 14:33,40h33,4h02-4h27
Ilet Savan,140500,8209,8086,140.5,8209,8086,17.200000000000003,72.0,1895.0,123.3,4.186046511627906,110.17441860465115,0.005249116141492267,0.004986660334417654,0.005511571948566881,2.3651702567977932,2.452769155197711,2.54036805359763,2.627966951997548,2.715565850397466,2.8031647487973843,2.890763647197303,2.978362545597221,3.065961443997139,3.1535603423970575,3.2411592407969754,3.328758139196894,3.4163570375968124,3.5039559359967307,3.5915548343966486,3.6791537327965673,3.7667526311964856,3.8543515295964035,3.941950427996322,4.02954932639624,4.117148224796159,4.204747123196076,4.2923460215959945,4.379944919995913,4.467543818395831,4.55514271679575,4.642741615195669,4.7303405135955865,4.817939411995504,4.905538310395422,4.993137208795341,5.08073610719526,5.1683350055951776,5.255933903995096,Ven. 18:36,20h36,2h14-2h29,Ven. 19:22,21h22,2h19-2h34,Ven. 20:08,22h08,2h24-2h40,Ven. 20:54,22h54,2h29-2h45,Ven. 21:40,23h40,2h34-2h51,Ven. 22:26,24h26,2h39-2h56,Ven. 23:11,25h11,2h44-3h02,Ven. 23:57,25h57,2h49-3h07,Sam. 00:43,26h43,2h54-3h13,Sam. 01:29,27h29,2h59-3h18,Sam. 02:15,28h15,3h04-3h24,Sam. 03:00,29h00,3h09-3h29,Sam. 03:46,29h46,3h14-3h35,Sam. 04:32,30h32,3h19-3h40,Sam. 05:18,31h18,3h24-3h46,Sam. 06:04,32h04,3h29-3h51,Sam. 06:49,32h49,3h34-3h57,Sam. 07:35,33h35,3h39-4h02,Sam. 08:21,34h21,3h44-4h08,Sam. 09:07,35h07,3h49-4h13,Sam. 09:53,35h53,3h54-4h19,Sam. 10:39,36h39,3h59-4h24,Sam. 11:24,37h24,4h04-4h30,Sam. 12:10,38h10,4h09-4h35,Sam. 12:56,38h56,4h14-4h41,Sam. 13:42,39h42,4h19-4h46,Sam. 14:28,40h28,4h24-4h52,Sam. 15:13,41h13,4h29-4h58,Sam. 15:59,41h59,4h34-5h03,Sam. 16:45,42h45,4h39-5h09,Sam. 17:31,43h31,4h44-5h14,Sam. 18:17,44h17,4h49-5h20,Sam. 19:02,45h02,4h54-5h25,Sam. 19:48,45h48,4h59-5h31
Ratinaud,147300,8813,8351,147.3,8813,8351,6.800000000000011,604.0,265.0,140.5,88.82352941176455,38.97058823529405,0.007675110749054683,0.007291355211601948,0.008058866286507416,1.3672292582152636,1.417867378889903,1.4685054995645426,1.519143620239182,1.5697817409138213,1.6204198615884606,1.6710579822631,1.7216961029377393,1.7723342236123787,1.822972344287018,1.8736104649616574,1.924248585636297,1.9748867063109363,2.025524826985576,2.0761629476602153,2.1268010683348546,2.177439189009494,2.2280773096841333,2.2787154303587727,2.329353551033412,2.3799916717080514,2.4306297923826907,2.48126791305733,2.5319060337319694,2.582544154406609,2.633182275081248,2.6838203957558875,2.7344585164305273,2.7850966371051666,2.835734757779806,2.8863728784544453,2.937010999129085,2.9876491198037245,3.038287240478364,Ven. 19:58,21h58,1h17-1h26,Ven. 20:47,22h47,1h20-1h29,Ven. 21:36,23h36,1h23-1h32,Ven. 22:25,24h25,1h26-1h35,Ven. 23:14,25h14,1h29-1h38,Sam. 00:03,26h03,1h32-1h42,Sam. 00:52,26h52,1h35-1h45,Sam. 01:40,27h40,1h38-1h48,Sam. 02:29,28h29,1h41-1h51,Sam. 03:18,29h18,1h43-1h54,Sam. 04:07,30h07,1h46-1h58,Sam. 04:56,30h56,1h49-2h01,Sam. 05:45,31h45,1h52-2h04,Sam. 06:34,32h34,1h55-2h07,Sam. 07:22,33h22,1h58-2h10,Sam. 08:11,34h11,2h01-2h13,Sam. 09:00,35h00,2h04-2h17,Sam. 09:49,35h49,2h07-2h20,Sam. 10:38,36h38,2h09-2h23,Sam. 11:27,37h27,2h12-2h26,Sam. 12:16,38h16,2h15-2h29,Sam. 13:04,39h04,2h18-2h33,Sam. 13:53,39h53,2h21-2h36,Sam. 14:42,40h42,2h24-2h39,Sam. 15:31,41h31,2h27-2h42,Sam. 16:20,42h20,2h30-2h45,Sam. 17:09,43h09,2h32-2h49,Sam. 17:57,43h57,2h35-2h52,Sam. 18:46,44h46,2h38-2h55,Sam. 19:35,45h35,2h41-2h58,Sam. 20:24,46h24,2h44-3h01,Sam. 21:13,47h13,2h47-3h05,Sam. 22:02,48h02,2h50-3h08,Sam. 22:51,48h51,2h53-3h11
Possession,155600,9001,9000,155.6,9001,9000,8.299999999999983,188.0,649.0,147.3,22.6506024096386,78.19277108433751,0.005968352026747428,0.005669934425410056,0.0062667696280848,1.2977179242314962,1.3457815510548852,1.3938451778782737,1.4419088047016626,1.4899724315250513,1.53803605834844,1.586099685171829,1.6341633119952175,1.6822269388186064,1.7302905656419951,1.7783541924653838,1.8264178192887726,1.8744814461121615,1.92254507293555,1.9706086997589387,2.0186723265823274,2.0667359534057166,2.1147995802291053,2.1628632070524936,2.2109268338758823,2.2589904606992715,2.30705408752266,2.355117714346049,2.4031813411694376,2.4512449679928263,2.499308594816215,2.547372221639604,2.5954358484629925,2.643499475286381,2.6915631021097703,2.739626728933159,2.7876903557565473,2.8357539825799365,2.883817609403325,Ven. 21:16,23h16,1h13-1h21,Ven. 22:08,24h08,1h16-1h24,Ven. 23:00,25h00,1h19-1h27,Ven. 23:52,25h52,1h22-1h30,Sam. 00:43,26h43,1h24-1h33,Sam. 01:35,27h35,1h27-1h36,Sam. 02:27,28h27,1h30-1h39,Sam. 03:19,29h19,1h33-1h42,Sam. 04:10,30h10,1h35-1h45,Sam. 05:02,31h02,1h38-1h49,Sam. 05:54,31h54,1h41-1h52,Sam. 06:45,32h45,1h44-1h55,Sam. 07:37,33h37,1h46-1h58,Sam. 08:29,34h29,1h49-2h01,Sam. 09:21,35h21,1h52-2h04,Sam. 10:12,36h12,1h55-2h07,Sam. 11:04,37h04,1h57-2h10,Sam. 11:56,37h56,2h00-2h13,Sam. 12:48,38h48,2h03-2h16,Sam. 13:39,39h39,2h06-2h19,Sam. 14:31,40h31,2h08-2h22,Sam. 15:23,41h23,2h11-2h25,Sam. 16:15,42h15,2h14-2h28,Sam. 17:06,43h06,2h16-2h31,Sam. 17:58,43h58,2h19-2h34,Sam. 18:50,44h50,2h22-2h37,Sam. 19:41,45h41,2h25-2h40,Sam. 20:33,46h33,2h27-2h43,Sam. 21:25,47h25,2h30-2h46,Sam. 22:17,48h17,2h33-2h49,Sam. 23:08,49h08,2h36-2h52,Dim. 00:00,50h00,2h38-2h55,Dim. 00:52,50h52,2h41-2h58,Dim. 01:44,51h44,2h44-3h01
Chaloupe,162900,9326,9319,162.9,9326,9319,7.300000000000011,325.0,319.0,155.6,44.52054794520541,43.69863013698623,0.00651920497190946,0.0061932447233139865,0.006845165220504933,1.2467095207841015,1.2928839474798088,1.3390583741755162,1.3852328008712238,1.4314072275669312,1.4775816542626388,1.5237560809583461,1.5699305076540535,1.616104934349761,1.6622793610454685,1.7084537877411758,1.7546282144368834,1.8008026411325908,1.8469770678282984,1.8931514945240058,1.9393259212197131,1.9855003479154205,2.0316747746111283,2.0778492013068357,2.124023628002543,2.170198054698251,2.216372481393958,2.262546908089665,2.308721334785373,2.3548957614810804,2.4010701881767877,2.4472446148724956,2.493419041568203,2.5395934682639103,2.5857678949596177,2.631942321655325,2.6781167483510324,2.72429117504674,2.7704656017424476,Ven. 22:31,24h31,1h11-1h18,Ven. 23:26,25h26,1h13-1h21,Sam. 00:20,26h20,1h16-1h24,Sam. 01:15,27h15,1h18-1h27,Sam. 02:09,28h09,1h21-1h30,Sam. 03:04,29h04,1h24-1h33,Sam. 03:58,29h58,1h26-1h35,Sam. 04:53,30h53,1h29-1h38,Sam. 05:47,31h47,1h32-1h41,Sam. 06:42,32h42,1h34-1h44,Sam. 07:36,33h36,1h37-1h47,Sam. 08:31,34h31,1h40-1h50,Sam. 09:25,35h25,1h42-1h53,Sam. 10:20,36h20,1h45-1h56,Sam. 11:14,37h14,1h47-1h59,Sam. 12:09,38h09,1h50-2h02,Sam. 13:03,39h03,1h53-2h05,Sam. 13:58,39h58,1h55-2h07,Sam. 14:52,40h52,1h58-2h10,Sam. 15:47,41h47,2h01-2h13,Sam. 16:41,42h41,2h03-2h16,Sam. 17:36,43h36,2h06-2h19,Sam. 18:30,44h30,2h08-2h22,Sam. 19:25,45h25,2h11-2h25,Sam. 20:19,46h19,2h14-2h28,Sam. 21:14,47h14,2h16-2h31,Sam. 22:08,48h08,2h19-2h34,Sam. 23:03,49h03,2h22-2h37,Sam. 23:57,49h57,2h24-2h39,Dim. 00:52,50h52,2h27-2h42,Dim. 01:46,51h46,2h30-2h45,Dim. 02:41,52h41,2h32-2h48,Dim. 03:35,53h35,2h35-2h51,Dim. 04:30,54h30,2h37-2h54
Colorado,171400,10147,9468,171.4,10147,9468,8.5,821.0,149.0,162.9,96.58823529411765,17.529411764705884,0.008110399112230333,0.007704879156618816,0.00851591906784185,1.8059633477292427,1.872850879126622,1.9397384105240016,2.0066259419213806,2.07351347331876,2.1404010047161397,2.207288536113519,2.2741760675108984,2.3410635989082778,2.407951130305657,2.4748386617030365,2.5417261931004154,2.608613724497795,2.6755012558951745,2.742388787292554,2.809276318689933,2.8761638500873126,2.943051381484692,3.0099389128820713,3.0768264442794506,3.14371397567683,3.2106015070742093,3.2774890384715887,3.3443765698689685,3.4112641012663474,3.4781516326637267,3.545039164061106,3.6119266954584854,3.678814226855865,3.745701758253244,3.812589289650624,3.8794768210480033,3.946364352445382,4.013251883842761,Sam. 00:20,26h20,1h42-1h53,Sam. 01:18,27h18,1h46-1h57,Sam. 02:17,28h17,1h50-2h02,Sam. 03:15,29h15,1h54-2h06,Sam. 04:14,30h14,1h58-2h10,Sam. 05:12,31h12,2h02-2h14,Sam. 06:11,32h11,2h05-2h19,Sam. 07:09,33h09,2h09-2h23,Sam. 08:08,34h08,2h13-2h27,Sam. 09:06,35h06,2h17-2h31,Sam. 10:05,36h05,2h21-2h35,Sam. 11:03,37h03,2h24-2h40,Sam. 12:02,38h02,2h28-2h44,Sam. 13:00,39h00,2h32-2h48,Sam. 13:59,39h59,2h36-2h52,Sam. 14:57,40h57,2h40-2h56,Sam. 15:56,41h56,2h43-3h01,Sam. 16:54,42h54,2h47-3h05,Sam. 17:53,43h53,2h51-3h09,Sam. 18:51,44h51,2h55-3h13,Sam. 19:50,45h50,2h59-3h18,Sam. 20:48,46h48,3h03-3h22,Sam. 21:47,47h47,3h06-3h26,Sam. 22:45,48h45,3h10-3h30,Sam. 23:44,49h44,3h14-3h34,Dim. 00:42,50h42,3h18-3h39,Dim. 01:41,51h41,3h22-3h43,Dim. 02:40,52h40,3h25-3h47,Dim. 03:38,53h38,3h29-3h51,Dim. 04:37,54h37,3h33-3h55,Dim. 05:35,55h35,3h37-4h00,Dim. 06:34,56h34,3h41-4h04,Dim. 07:32,57h32,3h44-4h08,Dim. 08:31,58h31,3h48-4h12
St Denis,175300,10163,10117,175.3,10163,10117,3.9000000000000057,16.0,649.0,171.4,4.102564102564097,166.41025641025618,0.006522543576532488,0.006196416397705864,0.006848670755359112,0.6663913885155016,0.6910725510531128,0.715753713590724,0.7404348761283353,0.7651160386659464,0.7897972012035576,0.8144783637411688,0.8391595262787799,0.8638406888163911,0.8885218513540023,0.9132030138916135,0.9378841764292246,0.9625653389668358,0.9872465015044468,1.0119276640420583,1.0366088265796694,1.0612899891172805,1.0859711516548918,1.1106523141925029,1.1353334767301142,1.1600146392677253,1.1846958018053362,1.2093769643429475,1.2340581268805586,1.2587392894181697,1.283420451955781,1.3081016144933921,1.3327827770310032,1.3574639395686146,1.3821451021062257,1.4068262646438368,1.431507427181448,1.4561885897190592,1.4808697522566705,Sam. 01:00,27h00,0h37-0h41,Sam. 02:00,28h00,0h39-0h43,Sam. 03:00,28h59,0h40-0h45,Sam. 04:00,30h00,0h42-0h46,Sam. 05:00,31h00,0h43-0h48,Sam. 06:00,32h00,0h45-0h49,Sam. 07:00,32h59,0h46-0h51,Sam. 08:00,34h00,0h47-0h52,Sam. 09:00,35h00,0h49-0h54,Sam. 10:00,35h59,0h50-0h55,Sam. 11:00,37h00,0h52-0h57,Sam. 12:00,37h59,0h53-0h59,Sam. 13:00,39h00,0h54-1h00,Sam. 14:00,40h00,0h56-1h02,Sam. 15:00,41h00,0h57-1h03,Sam. 16:00,41h59,0h59-1h05,Sam. 17:00,42h59,1h00-1h06,Sam. 18:00,44h00,1h01-1h08,Sam. 19:00,45h00,1h03-1h09,Sam. 20:00,46h00,1h04-1h11,Sam. 21:00,47h00,1h06-1h13,Sam. 22:00,47h59,1h07-1h14,Sam. 23:00,49h00,1h08-1h16,Dim. 00:00,50h00,1h10-1h17,Dim. 01:00,51h00,1h11-1h19,Dim. 02:00,51h59,1h13-1h20,Dim. 03:00,53h00,1h14-1h22,Dim. 04:00,54h00,1h15-1h23,Dim. 05:00,55h00,1h17-1h25,Dim. 06:00,56h00,1h18-1h27,Dim. 07:00,57h00,1h20-1h28,Dim. 08:00,57h59,1h21-1h30,Dim. 09:00,59h00,1h23-1h31,Dim. 10:00,60h00,1h24-1h33
