checkpoint,distance_cum_m,dplus_cum_m,dmoins_cum_m,barriere_horaire,dist_total,dplus_total,dmoins_total,dist_secteur,dplus_secteur,dmoins_secteur,dist_depart_secteur,dp_secteur,dm_secteur,vitesse_norm_pred,vitesse_norm_pred_low,vitesse_norm_pred_high,temps_secteur_med_27,temps_secteur_med_28,temps_secteur_med_29,temps_secteur_med_30,temps_secteur_med_31,temps_secteur_med_32,temps_secteur_med_33,temps_secteur_med_34,temps_secteur_med_35,temps_secteur_med_36,temps_secteur_med_37,temps_secteur_med_38,temps_secteur_med_39,temps_secteur_med_40,temps_secteur_med_41,temps_secteur_med_42,temps_secteur_med_43,temps_secteur_med_44,temps_secteur_med_45,temps_secteur_med_46,temps_secteur_med_47,temps_secteur_med_48,temps_secteur_med_49,temps_secteur_med_50,temps_secteur_med_51,temps_secteur_med_52,temps_secteur_med_53,temps_secteur_med_54,temps_secteur_med_55,temps_secteur_med_56,temps_secteur_med_57,temps_secteur_med_58,temps_secteur_med_59,temps_secteur_med_60,temps_cumule_low_60_capped,slowest_sur_secteur,heure_passage_27,temps_cumule_med_27,temps_secteur_27,heure_passage_28,temps_cumule_med_28,temps_secteur_28,heure_passage_29,temps_cumule_med_29,temps_secteur_29,heure_passage_30,temps_cumule_med_30,temps_secteur_30,heure_passage_31,temps_cumule_med_31,temps_secteur_31,heure_passage_32,temps_cumule_med_32,temps_secteur_32,heure_passage_33,temps_cumule_med_33,temps_secteur_33,heure_passage_34,temps_cumule_med_34,temps_secteur_34,heure_passage_35,temps_cumule_med_35,temps_secteur_35,heure_passage_36,temps_cumule_med_36,temps_secteur_36,heure_passage_37,temps_cumule_med_37,temps_secteur_37,heure_passage_38,temps_cumule_med_38,temps_secteur_38,heure_passage_39,temps_cumule_med_39,temps_secteur_39,heure_passage_40,temps_cumule_med_40,temps_secteur_40,heure_passage_41,temps_cumule_med_41,temps_secteur_41,heure_passage_42,temps_cumule_med_42,temps_secteur_42,heure_passage_43,temps_cumule_med_43,temps_secteur_43,heure_passage_44,temps_cumule_med_44,temps_secteur_44,heure_passage_45,temps_cumule_med_45,temps_secteur_45,heure_passage_46,temps_cumule_med_46,temps_secteur_46,heure_passage_47,temps_cumule_med_47,temps_secteur_47,heure_passage_48,temps_cumule_med_48,temps_secteur_48,heure_passage_49,temps_cumule_med_49,temps_secteur_49,heure_passage_50,temps_cumule_med_50,temps_secteur_50,heure_passage_51,temps_cumule_med_51,temps_secteur_51,heure_passage_52,temps_cumule_med_52,temps_secteur_52,heure_passage_53,temps_cumule_med_53,temps_secteur_53,heure_passage_54,temps_cumule_med_54,temps_secteur_54,heure_passage_55,temps_cumule_med_55,temps_secteur_55,heure_passage_56,temps_cumule_med_56,temps_secteur_56,heure_passage_57,temps_cumule_med_57,temps_secteur_57,heure_passage_58,temps_cumule_med_58,temps_secteur_58,heure_passage_59,temps_cumule_med_59,temps_secteur_59,heure_passage_60,temps_cumule_med_60,temps_secteur_60
 ST Pierre Ravine Blanche,0.0,0,0,0.0,0.0,0,0,0.0,0.0,0.0,0.0,0.0,0.0,0.002101618243977258,0.0019545049668988498,0.0022487315210556664,0.0,0.0,0.0,0.0,0.0,0.0,0.0,0.0,0.0,0.0,0.0,0.0,0.0,0.0,0.0,0.0,0.0,0.0,0.0,0.0,0.0,0.0,0.0,0.0,0.0,0.0,0.0,0.0,0.0,0.0,0.0,0.0,0.0,0.0,0.0,0.0,Jeu. 22:00,0h00,0h00-0h00,Jeu. 22:00,0h00,0h00-0h00,Jeu. 22:00,0h00,0h00-0h00,Jeu. 22:00,0h00,0h00-0h00,Jeu. 22:00,0h00,0h00-0h00,Jeu. 22:00,0h00,0h00-0h00,Jeu. 22:00,0h00,0h00-0h00,Jeu. 22:00,0h00,0h00-0h00,Jeu. 22:00,0h00,0h00-0h00,Jeu. 22:00,0h00,0h00-0h00,Jeu. 22:00,0h00,0h00-0h00,Jeu. 22:00,0h00,0h00-0h00,Jeu. 22:00,0h00,0h00-0h00,Jeu. 22:00,0h00,0h00-0h00,Jeu. 22:00,0h00,0h00-0h00,Jeu. 22:00,0h00,0h00-0h00,Jeu. 22:00,0h00,0h00-0h00,Jeu. 22:00,0h00,0h00-0h00,Jeu. 22:00,0h00,0h00-0h00,Jeu. 22:00,0h00,0h00-0h00,Jeu. 22:00,0h00,0h00-0h00,Jeu. 22:00,0h00,0h00-0h00,Jeu. 22:00,0h00,0h00-0h00,Jeu. 22:00,0h00,0h00-0h00,Jeu. 22:00,0h00,0h00-0h00,Jeu. 22:00,0h00,0h00-0h00,Jeu. 22:00,0h00,0h00-0h00,Jeu. 22:00,0h00,0h00-0h00,Jeu. 22:00,0h00,0h00-0h00,Jeu. 22:00,0h00,0h00-0h00,Jeu. 22:00,0h00,0h00-0h00,Jeu. 22:00,0h00,0h00-0h00,Jeu. 22:00,0h00,0h00-0h00,Jeu. 22:00,0h00,0h00-0h00
 Domaine Vidot,14.0,662,15,3.5,14.0,662,15,14.0,662.0,15.0,0.0,47.285714285714285,1.0714285714285714,0.0037100158037807903,0.0034503146975161346,0.003969716910045446,1.236027309370707,1.281806098606659,1.3275848878426113,1.3733636770785633,1.4191424663145156,1.4649212555504676,1.5107000447864196,1.5564788340223719,1.6022576232583239,1.6480364124942761,1.6938152017302281,1.7395939909661804,1.7853727802021326,1.8311515694380844,1.8769303586740367,1.922709147909989,1.968487937145941,2.014266726381893,2.060045515617845,2.1058243048537975,2.1516030940897495,2.1973818833257015,2.2431606725616535,2.288939461797606,2.3347182510335576,2.38049704026951,2.426275829505462,2.472054618741414,2.517833407977366,2.563612197213318,2.6093909864492706,2.6551697756852226,2.7009485649211746,2.7467273541571267,2.5544564393661275,2.5544564393661275,Jeu. 23:14,1h14,1h08-1h19,Jeu. 23:16,1h16,1h11-1h22,Jeu. 23:19,1h19,1h14-1h25,Jeu. 23:22,1h22,1h16-1h28,Jeu. 23:25,1h25,1h19-1h31,Jeu. 23:27,1h27,1h21-1h34,Jeu. 23:30,1h30,1h24-1h36,Jeu. 23:33,1h33,1h26-1h39,Jeu. 23:36,1h36,1h29-1h42,Jeu. 23:38,1h38,1h31-1h45,Jeu. 23:41,1h41,1h34-1h48,Jeu. 23:44,1h44,1h37-1h51,Jeu. 23:47,1h47,1h39-1h54,Jeu. 23:49,1h49,1h42-1h57,Jeu. 23:52,1h52,1h44-2h00,Jeu. 23:55,1h55,1h47-2h03,Jeu. 23:58,1h58,1h49-2h06,Ven. 00:00,2h00,1h52-2h09,Ven. 00:03,2h03,1h54-2h12,Ven. 00:06,2h06,1h57-2h15,Ven. 00:09,2h09,2h00-2h18,Ven. 00:11,2h11,2h02-2h21,Ven. 00:14,2h14,2h05-2h24,Ven. 00:17,2h17,2h07-2h26,Ven. 00:20,2h20,2h10-2h29,Ven. 00:22,2h22,2h12-2h32,Ven. 00:25,2h25,2h15-2h35,Ven. 00:28,2h28,2h17-2h38,Ven. 00:31,2h31,2h20-2h41,Ven. 00:33,2h33,2h23-2h44,Ven. 00:36,2h36,2h25-2h47,Ven. 00:39,2h39,2h28-2h50,Ven. 00:42,2h42,2h30-2h53,Ven. 00:44,2h44,2h33-2h56
 Notre Dame de la Paix - École,33.3,2057,376,9.0,33.3,2057,376,19.299999999999997,1395.0,361.0,14.0,72.279792746114,18.704663212435236,0.005029787436671747,0.004677702316104725,0.00538187255723877,2.310102296530149,2.3956616408460807,2.4812209851620124,2.5667803294779437,2.652339673793875,2.7378990181098066,2.823458362425738,2.909017706741669,2.994577051057601,3.080136395373532,3.165695739689464,3.2512550840053955,3.336814428321327,3.422373772637258,3.5079331169531893,3.5934924612691215,3.6790518055850523,3.764611149900984,3.8501704942169153,3.935729838532847,4.021289182848778,4.1068485271647095,4.192407871480642,4.277967215796573,4.363526560112504,4.449085904428435,4.534645248744368,4.620204593060298,4.70576393737623,4.791323281692161,4.876882626008093,4.962441970324025,5.048001314639956,5.133560658955887,7.328667852195102,4.774211412828975,Ven. 01:32,3h32,2h08-2h28,Ven. 01:40,3h40,2h13-2h33,Ven. 01:48,3h48,2h18-2h39,Ven. 01:56,3h56,2h23-2h44,Ven. 02:04,4h04,2h28-2h50,Ven. 02:12,4h12,2h32-2h55,Ven. 02:20,4h20,2h37-3h01,Ven. 02:27,4h27,2h42-3h06,Ven. 02:35,4h35,2h47-3h12,Ven. 02:43,4h43,2h51-3h17,Ven. 02:51,4h51,2h56-3h23,Ven. 02:59,4h59,3h01-3h28,Ven. 03:07,5h07,3h06-3h34,Ven. 03:15,5h15,3h10-3h39,Ven. 03:23,5h23,3h15-3h45,Ven. 03:30,5h30,3h20-3h50,Ven. 03:38,5h38,3h25-3h56,Ven. 03:46,5h46,3h30-4h01,Ven. 03:54,5h54,3h34-4h07,Ven. 04:02,6h02,3h39-4h12,Ven. 04:10,6h10,3h44-4h18,Ven. 04:18,6h18,3h49-4h23,Ven. 04:26,6h26,3h53-4h29,Ven. 04:34,6h34,3h58-4h34,Ven. 04:41,6h41,4h03-4h40,Ven. 04:49,6h49,4h08-4h45,Ven. 04:57,6h57,4h13-4h51,Ven. 05:05,7h05,4h17-4h56,Ven. 05:13,7h13,4h22-5h02,Ven. 05:21,7h21,4h27-5h07,Ven. 05:29,7h29,4h32-5h13,Ven. 05:37,7h37,4h36-5h18,Ven. 05:44,7h44,4h41-5h24,Ven. 05:52,7h52,4h46-5h29
 Parking aire Nez de Bœuf,45.3,2702,686,12.25,45.3,2702,686,12.0,645.0,310.0,33.3,53.75,25.833333333333332,0.0048769788261893675,0.004535590308356111,0.0052183673440226236,1.392696189037334,1.44427752937205,1.4958588697067663,1.5474402100414821,1.5990215503761982,1.6506028907109143,1.7021842310456305,1.7537655713803466,1.8053469117150625,1.8569282520497787,1.9085095923844948,1.9600909327192106,2.011672273053927,2.063253613388643,2.114834953723359,2.166416294058075,2.217997634392791,2.2695789747275072,2.3211603150622233,2.3727416553969394,2.4243229957316554,2.475904336066372,2.5274856764010876,2.5790670167358036,2.6306483570705197,2.6822296974052358,2.7338110377399523,2.785392378074668,2.836973718409384,2.8885550587441,2.940136399078816,2.9917177394135326,3.043299079748248,3.0948804200829643,10.206906642872259,2.8782387906771563,Ven. 02:56,4h56,1h17-1h29,Ven. 03:07,5h07,1h20-1h32,Ven. 03:18,5h18,1h23-1h36,Ven. 03:29,5h29,1h26-1h39,Ven. 03:40,5h40,1h29-1h42,Ven. 03:51,5h51,1h32-1h45,Ven. 04:02,6h02,1h34-1h49,Ven. 04:13,6h13,1h37-1h52,Ven. 04:24,6h24,1h40-1h55,Ven. 04:35,6h35,1h43-1h59,Ven. 04:46,6h46,1h46-2h02,Ven. 04:57,6h57,1h49-2h05,Ven. 05:08,7h08,1h52-2h09,Ven. 05:19,7h19,1h55-2h12,Ven. 05:29,7h29,1h58-2h15,Ven. 05:40,7h40,2h00-2h19,Ven. 05:51,7h51,2h03-2h22,Ven. 06:02,8h02,2h06-2h25,Ven. 06:13,8h13,2h09-2h29,Ven. 06:24,8h24,2h12-2h32,Ven. 06:35,8h35,2h15-2h35,Ven. 06:46,8h46,2h18-2h38,Ven. 06:57,8h57,2h21-2h42,Ven. 07:08,9h08,2h23-2h45,Ven. 07:19,9h19,2h26-2h48,Ven. 07:30,9h30,2h29-2h52,Ven. 07:41,9h41,2h32-2h55,Ven. 07:52,9h52,2h35-2h58,Ven. 08:03,10h03,2h38-3h02,Ven. 08:14,10h14,2h41-3h05,Ven. 08:25,10h25,2h44-3h08,Ven. 08:36,10h36,2h46-3h12,Ven. 08:47,10h47,2h49-3h15,Ven. 08:58,10h58,2h52-3h18
 Mare à Boue,55.6,2773,1173,14.5,55.6,2773,1173,10.300000000000004,71.0,487.0,45.3,6.893203883495143,47.281553398058236,0.0037695014209252224,0.0035056363214604567,0.004033366520389988,0.9239434842942077,0.9581636133421415,0.992383742390075,1.0266038714380086,1.0608240004859424,1.095044129533876,1.1292642585818093,1.1634843876297432,1.1977045166776767,1.2319246457256103,1.2661447747735441,1.3003649038214775,1.334585032869411,1.368805161917345,1.4030252909652785,1.437245420013212,1.4714655490611457,1.5056856781090793,1.5399058071570129,1.5741259362049467,1.6083460652528803,1.6425661943008136,1.6767863233487474,1.711006452396681,1.7452265814446148,1.7794467104925484,1.813666839540482,1.8478869685884154,1.8821070976363492,1.916327226684283,1.9505473557322164,1.98476748478015,2.018987613828084,2.053207742876017,12.116389843746955,1.9094832008746963,Ven. 03:51,5h51,0h51-0h59,Ven. 04:04,6h04,0h53-1h01,Ven. 04:17,6h17,0h55-1h03,Ven. 04:30,6h30,0h57-1h05,Ven. 04:43,6h43,0h59-1h08,Ven. 04:56,6h56,1h01-1h10,Ven. 05:09,7h09,1h03-1h12,Ven. 05:22,7h22,1h04-1h14,Ven. 05:35,7h35,1h06-1h16,Ven. 05:49,7h49,1h08-1h19,Ven. 06:02,8h02,1h10-1h21,Ven. 06:15,8h15,1h12-1h23,Ven. 06:28,8h28,1h14-1h25,Ven. 06:41,8h41,1h16-1h27,Ven. 06:54,8h54,1h18-1h30,Ven. 07:07,9h07,1h20-1h32,Ven. 07:20,9h20,1h22-1h34,Ven. 07:33,9h33,1h24-1h36,Ven. 07:46,9h46,1h25-1h38,Ven. 07:59,9h59,1h27-1h41,Ven. 08:12,10h12,1h29-1h43,Ven. 08:25,10h25,1h31-1h45,Ven. 08:38,10h38,1h33-1h47,Ven. 08:51,10h51,1h35-1h49,Ven. 09:04,11h04,1h37-1h52,Ven. 09:17,11h17,1h39-1h54,Ven. 09:30,11h30,1h41-1h56,Ven. 09:43,11h43,1h43-1h58,Ven. 09:56,11h56,1h45-2h00,Ven. 10:09,12h09,1h46-2h03,Ven. 10:22,12h22,1h48-2h05,Ven. 10:35,12h35,1h50-2h07,Ven. 10:48,12h48,1h52-2h09,Ven. 11:01,13h01,1h54-2h11
 Coteau Kerveguen,65.1,3452,1270,,65.1,3452,1270,9.499999999999993,679.0,97.0,55.6,71.47368421052637,10.210526315789481,0.0057683847163736875,0.005364597786227529,0.006172171646519846,1.3040735724614412,1.3523725936637168,1.4006716148659926,1.448970636068268,1.4972696572705437,1.5455686784728193,1.593867699675095,1.6421667208773705,1.690465742079646,1.7387647632819216,1.7870637844841972,1.8353628056864728,1.8836618268887486,1.9319608480910242,1.9802598692932996,2.0285588904955754,2.076857911697851,2.1251569329001265,2.173455954102402,2.2217549753046777,2.2700539965069533,2.318353017709229,2.3666520389115044,2.41495106011378,2.4632500813160556,2.5115491025183316,2.5598481237206068,2.6081471449228824,2.6564461661251584,2.7047451873274335,2.753044208529709,2.801343229731985,2.8496422509342603,2.897941272136536,14.811475226833933,2.695085383086978,Ven. 05:10,7h10,1h12-1h23,Ven. 05:25,7h25,1h15-1h26,Ven. 05:41,7h41,1h18-1h29,Ven. 05:57,7h57,1h20-1h33,Ven. 06:13,8h13,1h23-1h36,Ven. 06:29,8h29,1h26-1h39,Ven. 06:45,8h45,1h28-1h42,Ven. 07:01,9h01,1h31-1h45,Ven. 07:17,9h17,1h34-1h48,Ven. 07:33,9h33,1h37-1h51,Ven. 07:49,9h49,1h39-1h54,Ven. 08:05,10h05,1h42-1h57,Ven. 08:21,10h21,1h45-2h00,Ven. 08:37,10h37,1h47-2h04,Ven. 08:52,10h52,1h50-2h07,Ven. 09:08,11h08,1h53-2h10,Ven. 09:24,11h24,1h55-2h13,Ven. 09:40,11h40,1h58-2h16,Ven. 09:56,11h56,2h01-2h19,Ven. 10:12,12h12,2h03-2h22,Ven. 10:28,12h28,2h06-2h25,Ven. 10:44,12h44,2h09-2h28,Ven. 11:00,13h00,2h12-2h31,Ven. 11:16,13h16,2h14-2h35,Ven. 11:32,13h32,2h17-2h38,Ven. 11:48,13h48,2h20-2h41,Ven. 12:04,14h04,2h22-2h44,Ven. 12:20,14h20,2h25-2h47,Ven. 12:35,14h35,2h28-2h50,Ven. 12:51,14h51,2h30-2h53,Ven. 13:07,15h07,2h33-2h56,Ven. 13:23,15h23,2h36-2h59,Ven. 13:39,15h39,2h39-3h02,Ven. 13:55,15h55,2h41-3h06
 Croisée Coteau Kerveguen,67.7,3755,1270,,67.7,3755,1270,2.6000000000000085,303.0,0.0,65.1,116.53846153846115,0.0,0.007377318168416858,0.006860905896627677,0.007893730440206038,0.456453070778361,0.4733587400664484,0.4902644093545359,0.5071700786426233,0.5240757479307108,0.5409814172187982,0.5578870865068856,0.5747927557949731,0.5916984250830605,0.6086040943711479,0.6255097636592354,0.6424154329473228,0.6593211022354103,0.6762267715234977,0.6931324408115852,0.7100381100996727,0.7269437793877601,0.7438494486758476,0.7607551179639349,0.7776607872520225,0.7945664565401098,0.8114721258281973,0.8283777951162847,0.8452834644043722,0.8621891336924596,0.879094802980547,0.8960004722686344,0.912906141556722,0.9298118108448095,0.9467174801328968,0.9636231494209843,0.9805288187090718,0.9974344879971592,1.0143401572852466,15.754811573109212,0.9433363462752791,Ven. 05:37,7h37,0h25-0h29,Ven. 05:54,7h54,0h26-0h30,Ven. 06:11,8h11,0h27-0h31,Ven. 06:28,8h28,0h28-0h32,Ven. 06:45,8h45,0h29-0h33,Ven. 07:02,9h02,0h30-0h34,Ven. 07:19,9h19,0h31-0h35,Ven. 07:35,9h35,0h32-0h36,Ven. 07:52,9h52,0h33-0h37,Ven. 08:09,10h09,0h33-0h39,Ven. 08:26,10h26,0h34-0h40,Ven. 08:43,10h43,0h35-0h41,Ven. 09:00,11h00,0h36-0h42,Ven. 09:17,11h17,0h37-0h43,Ven. 09:34,11h34,0h38-0h44,Ven. 09:51,11h51,0h39-0h45,Ven. 10:08,12h08,0h40-0h46,Ven. 10:25,12h25,0h41-0h47,Ven. 10:42,12h42,0h42-0h48,Ven. 10:59,12h59,0h43-0h49,Ven. 11:16,13h16,0h44-0h51,Ven. 11:33,13h33,0h45-0h52,Ven. 11:50,13h50,0h46-0h53,Ven. 12:07,14h07,0h47-0h54,Ven. 12:23,14h23,0h48-0h55,Ven. 12:40,14h40,0h49-0h56,Ven. 12:57,14h57,0h49-0h57,Ven. 13:14,15h14,0h50-0h58,Ven. 13:31,15h31,0h51-0h59,Ven. 13:48,15h48,0h52-1h00,Ven. 14:05,16h05,0h53-1h01,Ven. 14:22,16h22,0h54-1h02,Ven. 14:39,16h39,0h55-1h04,Ven. 14:56,16h56,0h56-1h05
 Le Bloc,71.7,3755,2373,,71.7,3755,2373,4.0,0.0,1103.0,67.7,0.0,275.75,0.00642717524064753,0.0059772729738022026,0.006877077507492857,0.6117928594001352,0.6344518541927329,0.6571108489853305,0.679769843777928,0.7024288385705256,0.7250878333631232,0.7477468281557209,0.7704058229483185,0.7930648177409161,0.8157238125335137,0.8383828073261113,0.8610418021187088,0.8837007969113065,0.906359791703904,0.9290187864965016,0.9516777812890993,0.9743367760816969,0.9969957708742944,1.0196547656668922,1.0423137604594896,1.0649727552520873,1.0876317500446848,1.1102907448372823,1.1329497396298802,1.1556087344224777,1.1782677292150754,1.2009267240076729,1.2235857188002703,1.2462447135928683,1.2689037083854657,1.2915627031780632,1.314221697970661,1.3368806927632584,1.359539687555856,17.019183482536157,1.264371909426945,Ven. 06:14,8h14,0h34-0h39,Ven. 06:32,8h32,0h35-0h40,Ven. 06:50,8h50,0h36-0h42,Ven. 07:09,9h09,0h37-0h43,Ven. 07:27,9h27,0h39-0h45,Ven. 07:45,9h45,0h40-0h46,Ven. 08:03,10h03,0h41-0h48,Ven. 08:22,10h22,0h42-0h49,Ven. 08:40,10h40,0h44-0h50,Ven. 08:58,10h58,0h45-0h52,Ven. 09:17,11h17,0h46-0h53,Ven. 09:35,11h35,0h48-0h55,Ven. 09:53,11h53,0h49-0h56,Ven. 10:12,12h12,0h50-0h58,Ven. 10:30,12h30,0h51-0h59,Ven. 10:48,12h48,0h53-1h01,Ven. 11:06,13h06,0h54-1h02,Ven. 11:25,13h25,0h55-1h04,Ven. 11:43,13h43,0h56-1h05,Ven. 12:01,14h01,0h58-1h06,Ven. 12:20,14h20,0h59-1h08,Ven. 12:38,14h38,1h00-1h09,Ven. 12:56,14h56,1h01-1h11,Ven. 13:15,15h15,1h03-1h12,Ven. 13:33,15h33,1h04-1h14,Ven. 13:51,15h51,1h05-1h15,Ven. 14:09,16h09,1h07-1h17,Ven. 14:28,16h28,1h08-1h18,Ven. 14:46,16h46,1h09-1h20,Ven. 15:04,17h04,1h10-1h21,Ven. 15:23,17h23,1h12-1h22,Ven. 15:41,17h41,1h13-1h24,Ven. 15:59,17h59,1h14-1h25,Ven. 16:18,18h18,1h15-1h27
 Plateau des Chênes,73.7,3896,2511,,73.7,3896,2511,2.0,141.0,138.0,71.7,70.5,69.0,0.006691998658369518,0.006223558752283652,0.007160438564455384,0.3185004952419252,0.330296809880515,0.34209312451910484,0.35388943915769466,0.3656857537962845,0.3774820684348743,0.3892783830734642,0.40107469771205395,0.4128710123506438,0.4246673269892336,0.4364636416278234,0.4482599562664133,0.46005627090500306,0.4718525855435929,0.48364890018218276,0.4954452148207726,0.5072415294593624,0.5190378440979522,0.530834158736542,0.5426304733751318,0.5544267880137216,0.5662231026523116,0.5780194172909013,0.5898157319294911,0.6016120465680809,0.6134083612066707,0.6252046758452606,0.6370009904838504,0.6487973051224402,0.66059361976103,0.6723899343996199,0.6841862490382097,0.6959825636767996,0.7077788783153893,17.67741783936947,0.6582343568333116,Ven. 06:33,8h33,0h17-0h20,Ven. 06:52,8h52,0h18-0h21,Ven. 07:11,9h11,0h19-0h21,Ven. 07:30,9h30,0h19-0h22,Ven. 07:49,9h49,0h20-0h23,Ven. 08:08,10h08,0h21-0h24,Ven. 08:27,10h27,0h21-0h24,Ven. 08:46,10h46,0h22-0h25,Ven. 09:05,11h05,0h23-0h26,Ven. 09:24,11h24,0h23-0h27,Ven. 09:43,11h43,0h24-0h28,Ven. 10:02,12h02,0h25-0h28,Ven. 10:21,12h21,0h25-0h29,Ven. 10:40,12h40,0h26-0h30,Ven. 10:59,12h59,0h26-0h31,Ven. 11:18,13h18,0h27-0h31,Ven. 11:37,13h37,0h28-0h32,Ven. 11:56,13h56,0h28-0h33,Ven. 12:15,14h15,0h29-0h34,Ven. 12:34,14h34,0h30-0h34,Ven. 12:53,14h53,0h30-0h35,Ven. 13:12,15h12,0h31-0h36,Ven. 13:31,15h31,0h32-0h37,Ven. 13:50,15h50,0h32-0h37,Ven. 14:09,16h09,0h33-0h38,Ven. 14:28,16h28,0h34-0h39,Ven. 14:47,16h47,0h34-0h40,Ven. 15:06,17h06,0h35-0h40,Ven. 15:25,17h25,0h36-0h41,Ven. 15:44,17h44,0h36-0h42,Ven. 16:03,18h03,0h37-0h43,Ven. 16:22,18h22,0h38-0h43,Ven. 16:41,18h41,0h38-0h44,Ven. 17:00,19h00,0h39-0h45
 Cilaos Stade,76.0,3900,2694,22.0,76.0,3900,2694,2.299999999999997,4.0,183.0,73.7,1.7391304347826109,79.56521739130444,0.004523212109166638,0.004206587261524973,0.004839836956808303,0.24757059526751035,0.25673987657371444,0.26590915787991853,0.2750784391861226,0.2842477204923267,0.2934170017985308,0.3025862831047349,0.31175556441093893,0.320924845717143,0.3300941270233472,0.33926340832955126,0.3484326896357553,0.3576019709419594,0.3667712522481635,0.3759405335543676,0.38510981486057166,0.39427909616677576,0.40344837747297985,0.41261765877918394,0.42178694008538803,0.43095622139159206,0.4401255026977962,0.44929478400400025,0.4584640653102044,0.46763334661640843,0.4768026279226125,0.48597190922881667,0.4951411905350207,0.5043104718412248,0.5134797531474289,0.522649034453633,0.5318183157598371,0.5409875970660412,0.5501568783722453,18.189063736255655,0.5116458968861863,Ven. 06:48,8h48,0h13-0h15,Ven. 07:07,9h07,0h14-0h16,Ven. 07:27,9h27,0h14-0h17,Ven. 07:46,9h46,0h15-0h17,Ven. 08:06,10h06,0h15-0h18,Ven. 08:25,10h25,0h16-0h18,Ven. 08:45,10h45,0h16-0h19,Ven. 09:04,11h04,0h17-0h20,Ven. 09:24,11h24,0h17-0h20,Ven. 09:44,11h44,0h18-0h21,Ven. 10:03,12h03,0h18-0h21,Ven. 10:23,12h23,0h19-0h22,Ven. 10:42,12h42,0h19-0h22,Ven. 11:02,13h02,0h20-0h23,Ven. 11:21,13h21,0h20-0h24,Ven. 11:41,13h41,0h21-0h24,Ven. 12:00,14h00,0h22-0h25,Ven. 12:20,14h20,0h22-0h25,Ven. 12:40,14h40,0h23-0h26,Ven. 12:59,14h59,0h23-0h27,Ven. 13:19,15h19,0h24-0h27,Ven. 13:38,15h38,0h24-0h28,Ven. 13:58,15h58,0h25-0h28,Ven. 14:17,16h17,0h25-0h29,Ven. 14:37,16h37,0h26-0h30,Ven. 14:57,16h57,0h26-0h30,Ven. 15:16,17h16,0h27-0h31,Ven. 15:36,17h36,0h27-0h31,Ven. 15:55,17h55,0h28-0h32,Ven. 16:15,18h15,0h28-0h32,Ven. 16:34,18h34,0h29-0h33,Ven. 16:54,18h54,0h29-0h34,Ven. 17:13,19h13,0h30-0h34,Ven. 17:33,19h33,0h30-0h35
 Début sentier Taïbit,82.6,4384,3132,24.75,82.6,4384,3132,6.599999999999994,484.0,438.0,76.0,73.3333333333334,66.36363636363642,0.006848151753410827,0.006368781130672069,0.007327522376149585,1.0755771869953252,1.115413379106263,1.155249571217201,1.195085763328139,1.234921955439077,1.274758147550015,1.314594339660953,1.354430531771891,1.3942667238828288,1.4341029159937668,1.4739391081047049,1.5137753002156427,1.5536114923265807,1.5934476844375187,1.6332838765484565,1.6731200686593946,1.7129562607703326,1.7527924528812706,1.7926286449922086,1.8324648371031467,1.8723010292140845,1.9121372213250225,1.9519734134359605,1.9918096055468986,2.0316457976578364,2.0714819897687744,2.1113181818797124,2.1511543739906505,2.1909905661015885,2.230826758212526,2.270662950323464,2.310499142434402,2.35033533454534,2.390171526656278,20.411923256045995,2.2228595197903402,Ven. 07:52,9h52,1h00-1h09,Ven. 08:14,10h14,1h02-1h11,Ven. 08:36,10h36,1h04-1h14,Ven. 08:58,10h58,1h06-1h16,Ven. 09:20,11h20,1h08-1h19,Ven. 09:42,11h42,1h11-1h21,Ven. 10:04,12h04,1h13-1h24,Ven. 10:26,12h26,1h15-1h26,Ven. 10:48,12h48,1h17-1h29,Ven. 11:10,13h10,1h20-1h32,Ven. 11:32,13h32,1h22-1h34,Ven. 11:54,13h54,1h24-1h37,Ven. 12:15,14h15,1h26-1h39,Ven. 12:37,14h37,1h28-1h42,Ven. 12:59,14h59,1h31-1h44,Ven. 13:21,15h21,1h33-1h47,Ven. 13:43,15h43,1h35-1h49,Ven. 14:05,16h05,1h37-1h52,Ven. 14:27,16h27,1h40-1h55,Ven. 14:49,16h49,1h42-1h57,Ven. 15:11,17h11,1h44-2h00,Ven. 15:33,17h33,1h46-2h02,Ven. 15:55,17h55,1h48-2h05,Ven. 16:17,18h17,1h51-2h07,Ven. 16:39,18h39,1h53-2h10,Ven. 17:01,19h01,1h55-2h12,Ven. 17:23,19h23,1h57-2h15,Ven. 17:45,19h45,2h00-2h18,Ven. 18:07,20h07,2h02-2h20,Ven. 18:29,20h29,2h04-2h23,Ven. 18:51,20h51,2h06-2h25,Ven. 19:13,21h13,2h08-2h28,Ven. 19:34,21h34,2h11-2h30,Ven. 19:56,21h56,2h13-2h33
 Marla,88.5,5224,3610,,88.5,5224,3610,5.900000000000006,840.0,478.0,82.6,142.37288135593207,81.0169491525423,0.009471510046433693,0.008808504343183334,0.010134515749684051,1.3298281042361075,1.379080996985593,1.4283338897350786,1.477586782484564,1.5268396752340496,1.576092567983535,1.6253454607330204,1.674598353482506,1.7238512462319915,1.7731041389814768,1.8223570317309625,1.8716099244804478,1.9208628172299334,1.9701157099794187,2.0193686027289046,2.0686214954783897,2.117874388227875,2.1671272809773607,2.216380173726846,2.265633066476332,2.314885959225817,2.364138851975303,2.413391744724788,2.4626446374742734,2.511897530223759,2.5611504229732445,2.61040331572273,2.659656208472215,2.708909101221701,2.758161993971186,2.8074148867206716,2.856667779470157,2.9059206722196427,2.955173564969128,23.160234671467283,2.7483114154212878,Ven. 09:12,11h12,1h14-1h25,Ven. 09:37,11h37,1h16-1h28,Ven. 10:02,12h02,1h19-1h31,Ven. 10:27,12h27,1h22-1h34,Ven. 10:52,12h52,1h25-1h38,Ven. 11:16,13h16,1h27-1h41,Ven. 11:41,13h41,1h30-1h44,Ven. 12:06,14h06,1h33-1h47,Ven. 12:31,14h31,1h36-1h50,Ven. 12:56,14h56,1h38-1h53,Ven. 13:21,15h21,1h41-1h56,Ven. 13:46,15h46,1h44-2h00,Ven. 14:11,16h11,1h47-2h03,Ven. 14:36,16h36,1h49-2h06,Ven. 15:01,17h01,1h52-2h09,Ven. 15:25,17h25,1h55-2h12,Ven. 15:50,17h50,1h58-2h15,Ven. 16:15,18h15,2h00-2h19,Ven. 16:40,18h40,2h03-2h22,Ven. 17:05,19h05,2h06-2h25,Ven. 17:30,19h30,2h09-2h28,Ven. 17:55,19h55,2h11-2h31,Ven. 18:20,20h20,2h14-2h34,Ven. 18:45,20h45,2h17-2h38,Ven. 19:10,21h10,2h20-2h41,Ven. 19:34,21h34,2h22-2h44,Ven. 19:59,21h59,2h25-2h47,Ven. 20:24,22h24,2h28-2h50,Ven. 20:49,22h49,2h31-2h53,Ven. 21:14,23h14,2h33-2h57,Ven. 21:39,23h39,2h36-3h00,Ven. 22:04,24h04,2h39-3h03,Ven. 22:29,24h29,2h42-3h06,Ven. 22:54,24h54,2h44-3h09
 Plaine des Merles,95.0,5721,3912,31.5,95.0,5721,3912,6.5,497.0,302.0,88.5,76.46153846153847,46.46153846153846,0.006999423732853947,0.00650946407155417,0.007489383394153724,1.0826794993802356,1.122778740098022,1.1628779808158085,1.202977221533595,1.2430764622513815,1.283175702969168,1.3232749436869544,1.363374184404741,1.4034734251225274,1.4435726658403139,1.4836719065581003,1.5237711472758868,1.5638703879936733,1.6039696287114598,1.6440688694292465,1.684168110147033,1.7242673508648194,1.764366591582606,1.8044658323003924,1.8445650730181788,1.8846643137359653,1.9247635544537522,1.9648627951715387,2.004962035889325,2.0450612766071115,2.085160517324898,2.1252597580426844,2.165358998760471,2.2054582394782574,2.245557480196044,2.2856567209138303,2.325755961631617,2.3658552023494033,2.40595444306719,25.39777230351977,2.2375376320524865,Ven. 10:17,12h17,1h00-1h09,Ven. 10:44,12h44,1h02-1h12,Ven. 11:11,13h11,1h04-1h14,Ven. 11:39,13h39,1h07-1h17,Ven. 12:06,14h06,1h09-1h19,Ven. 12:33,14h33,1h11-1h22,Ven. 13:01,15h01,1h13-1h24,Ven. 13:28,15h28,1h16-1h27,Ven. 13:55,15h55,1h18-1h30,Ven. 14:23,16h23,1h20-1h32,Ven. 14:50,16h50,1h22-1h35,Ven. 15:17,17h17,1h25-1h37,Ven. 15:45,17h45,1h27-1h40,Ven. 16:12,18h12,1h29-1h42,Ven. 16:39,18h39,1h31-1h45,Ven. 17:06,19h06,1h33-1h48,Ven. 17:34,19h34,1h36-1h50,Ven. 18:01,20h01,1h38-1h53,Ven. 18:28,20h28,1h40-1h55,Ven. 18:56,20h56,1h42-1h58,Ven. 19:23,21h23,1h45-2h00,Ven. 19:50,21h50,1h47-2h03,Ven. 20:18,22h18,1h49-2h06,Ven. 20:45,22h45,1h51-2h08,Ven. 21:12,23h12,1h54-2h11,Ven. 21:40,23h40,1h56-2h13,Ven. 22:07,24h07,1h58-2h16,Ven. 22:34,24h34,2h00-2h19,Ven. 23:02,25h02,2h03-2h21,Ven. 23:29,25h29,2h05-2h24,Ven. 23:56,25h56,2h07-2h26,Sam. 00:23,26h23,2h09-2h29,Sam. 00:51,26h51,2h12-2h31,Sam. 01:18,27h18,2h14-2h34
 Départ Sentier Scout,97.2,5744,4110,32.5,97.2,5744,4110,2.200000000000003,23.0,198.0,95.0,10.45454545454544,89.99999999999989,0.005366886951821954,0.004991204865194417,0.005742569038449491,0.2809761124081157,0.29138263508989776,0.3017891577716798,0.3121956804534619,0.3226022031352439,0.333008725817026,0.34341524849880806,0.3538217711805901,0.3642282938623722,0.37463481654415426,0.3850413392259363,0.39544786190771836,0.40585438458950046,0.4162609072712825,0.42666742995306456,0.43707395263484666,0.4474804753166287,0.4578869979984107,0.4682935206801928,0.47870004336197486,0.48910656604375696,0.499513088725539,0.5099196114073211,0.5203261340891031,0.5307326567708852,0.5411391794526672,0.5515457021344493,0.5619522248162314,0.5723587474980135,0.5827652701797955,0.5931717928615775,0.6035783155433596,0.6139848382251417,0.6243913609069238,25.978456269163207,0.5806839656434377,Ven. 10:34,12h34,0h15-0h18,Ven. 11:02,13h02,0h16-0h18,Ven. 11:30,13h30,0h16-0h19,Ven. 11:58,13h58,0h17-0h20,Ven. 12:25,14h25,0h18-0h20,Ven. 12:53,14h53,0h18-0h21,Ven. 13:21,15h21,0h19-0h22,Ven. 13:49,15h49,0h19-0h22,Ven. 14:17,16h17,0h20-0h23,Ven. 14:45,16h45,0h20-0h24,Ven. 15:13,17h13,0h21-0h24,Ven. 15:41,17h41,0h22-0h25,Ven. 16:09,18h09,0h22-0h26,Ven. 16:37,18h37,0h23-0h26,Ven. 17:05,19h05,0h23-0h27,Ven. 17:33,19h33,0h24-0h28,Ven. 18:01,20h01,0h24-0h28,Ven. 18:29,20h29,0h25-0h29,Ven. 18:57,20h57,0h26-0h30,Ven. 19:24,21h24,0h26-0h30,Ven. 19:52,21h52,0h27-0h31,Ven. 20:20,22h20,0h27-0h32,Ven. 20:48,22h48,0h28-0h32,Ven. 21:16,23h16,0h29-0h33,Ven. 21:44,23h44,0h29-0h34,Ven. 22:12,24h12,0h30-0h34,Ven. 22:40,24h40,0h30-0h35,Ven. 23:08,25h08,0h31-0h36,Ven. 23:36,25h36,0h31-0h36,Sam. 00:04,26h04,0h32-0h37,Sam. 00:32,26h32,0h33-0h38,Sam. 01:00,27h00,0h33-0h38,Sam. 01:28,27h28,0h34-0h39,Sam. 01:56,27h56,0h34-0h40
 Aurère,105.7,6012,5103,36.25,105.7,6012,5103,8.5,268.0,993.0,97.2,31.529411764705884,116.82352941176471,0.006409171075382721,0.00596052910010593,0.006857813050659512,1.296418025420251,1.3444335078432235,1.3924489902661958,1.4404644726891678,1.4884799551121402,1.5364954375351125,1.5845109199580847,1.632526402381057,1.6805418848040292,1.7285573672270016,1.7765728496499738,1.824588332072946,1.8726038144959185,1.9206192969188907,1.9686347793418628,2.0166502617648354,2.064665744187807,2.1126812266107793,2.160696709033752,2.208712191456724,2.2567276738796966,2.304743156302669,2.352758638725641,2.4007741211486135,2.4487896035715853,2.496805085994558,2.54482056841753,2.592836050840502,2.6408515332634748,2.688867015686447,2.736882498109419,2.7848979805323917,2.8329134629553634,2.8809289453783355,28.657720188365058,2.6792639192018513,Ven. 11:51,13h51,1h12-1h23,Ven. 12:22,14h22,1h15-1h26,Ven. 12:53,14h53,1h17-1h29,Ven. 13:24,15h24,1h20-1h32,Ven. 13:55,15h55,1h23-1h35,Ven. 14:26,16h26,1h25-1h38,Ven. 14:56,16h56,1h28-1h41,Ven. 15:27,17h27,1h31-1h44,Ven. 15:58,17h58,1h33-1h47,Ven. 16:29,18h29,1h36-1h50,Ven. 17:00,19h00,1h39-1h54,Ven. 17:30,19h30,1h41-1h57,Ven. 18:01,20h01,1h44-2h00,Ven. 18:32,20h32,1h47-2h03,Ven. 19:03,21h03,1h49-2h06,Ven. 19:34,21h34,1h52-2h09,Ven. 20:05,22h05,1h55-2h12,Ven. 20:35,22h35,1h57-2h15,Ven. 21:06,23h06,2h00-2h18,Ven. 21:37,23h37,2h03-2h21,Ven. 22:08,24h08,2h05-2h24,Ven. 22:39,24h39,2h08-2h27,Ven. 23:09,25h09,2h11-2h31,Ven. 23:40,25h40,2h13-2h34,Sam. 00:11,26h11,2h16-2h37,Sam. 00:42,26h42,2h19-2h40,Sam. 01:13,27h13,2h22-2h43,Sam. 01:43,27h43,2h24-2h46,Sam. 02:14,28h14,2h27-2h49,Sam. 02:45,28h45,2h30-2h52,Sam. 03:16,29h16,2h32-2h55,Sam. 03:47,29h47,2h35-2h58,Sam. 04:18,30h18,2h38-3h01,Sam. 04:48,30h48,2h40-3h04
 Passerelle Bras d'Oussy,109.6,6062,5694,,109.6,6062,5694,3.8999999999999915,50.0,591.0,105.7,12.820512820512848,151.53846153846186,0.006321390243136672,0.005878892926117104,0.00676388756015624,0.5866802655511508,0.6084091642752676,0.6301380629993842,0.651866961723501,0.6735958604476177,0.6953247591717343,0.7170536578958511,0.7387825566199677,0.7605114553440845,0.7822403540682011,0.8039692527923179,0.8256981515164346,0.8474270502405512,0.869155948964668,0.8908848476887846,0.9126137464129014,0.9343426451370181,0.9560715438611347,0.9778004425852515,0.9995293413093681,1.0212582400334849,1.0429871387576015,1.0647160374817182,1.086444936205835,1.1081738349299515,1.1299027336540683,1.151631632378185,1.1733605311023017,1.1950894298264185,1.2168183285505352,1.2385472272746518,1.2602761259987685,1.2820050247228851,1.303733923447002,29.87019273717077,1.2124725488057102,Ven. 12:27,14h27,0h32-0h37,Ven. 12:59,14h59,0h33-0h39,Ven. 13:31,15h31,0h35-0h40,Ven. 14:03,16h03,0h36-0h41,Ven. 14:35,16h35,0h37-0h43,Ven. 15:07,17h07,0h38-0h44,Ven. 15:39,17h39,0h40-0h46,Ven. 16:12,18h12,0h41-0h47,Ven. 16:44,18h44,0h42-0h48,Ven. 17:16,19h16,0h43-0h50,Ven. 17:48,19h48,0h44-0h51,Ven. 18:20,20h20,0h46-0h53,Ven. 18:52,20h52,0h47-0h54,Ven. 19:24,21h24,0h48-0h55,Ven. 19:56,21h56,0h49-0h57,Ven. 20:28,22h28,0h50-0h58,Ven. 21:01,23h01,0h52-0h59,Ven. 21:33,23h33,0h53-1h01,Ven. 22:05,24h05,0h54-1h02,Ven. 22:37,24h37,0h55-1h04,Ven. 23:09,25h09,0h56-1h05,Ven. 23:41,25h41,0h58-1h06,Sam. 00:13,26h13,0h59-1h08,Sam. 00:45,26h45,1h00-1h09,Sam. 01:18,27h18,1h01-1h11,Sam. 01:50,27h50,1h03-1h12,Sam. 02:22,28h22,1h04-1h13,Sam. 02:54,28h54,1h05-1h15,Sam. 03:26,29h26,1h06-1h16,Sam. 03:58,29h58,1h07-1h18,Sam. 04:30,30h30,1h09-1h19,Sam. 05:02,31h02,1h10-1h20,Sam. 05:34,31h34,1h11-1h22,Sam. 06:07,32h07,1h12-1h23
 Ilet des Orangers - Ecole,115.1,6893,5915,,115.1,6893,5915,5.5,831.0,221.0,109.6,151.0909090909091,40.18181818181818,0.009887389646974588,0.009195272371686367,0.01057950692226281,1.2941023026058196,1.3420320175171465,1.389961732428473,1.4378914473397997,1.4858211622511264,1.5337508771624528,1.5816805920737795,1.6296103069851062,1.677540021896433,1.7254697368077594,1.7733994517190863,1.8213291666304128,1.8692588815417395,1.917188596453066,1.9651183113643929,2.0130480262757198,2.0609777411870462,2.1089074560983727,2.156837171009699,2.204766885921026,2.2526966008323526,2.3006263157436795,2.3485560306550064,2.396485745566333,2.4444154604776593,2.492345175388986,2.5402748903003127,2.588204605211639,2.636134320122966,2.684064035034293,2.7319937499456195,2.779923464856946,2.8278531797682724,2.8757828946795994,32.544670829222795,2.674478092052027,Ven. 13:44,15h44,1h12-1h23,Ven. 14:19,16h19,1h14-1h26,Ven. 14:54,16h54,1h17-1h29,Ven. 15:29,17h29,1h20-1h32,Ven. 16:04,18h04,1h22-1h35,Ven. 16:39,18h39,1h25-1h38,Ven. 17:14,19h14,1h28-1h41,Ven. 17:49,19h49,1h30-1h44,Ven. 18:24,20h24,1h33-1h47,Ven. 18:59,20h59,1h36-1h50,Ven. 19:34,21h34,1h38-1h53,Ven. 20:09,22h09,1h41-1h56,Ven. 20:44,22h44,1h44-2h00,Ven. 21:19,23h19,1h46-2h03,Ven. 21:54,23h54,1h49-2h06,Ven. 22:29,24h29,1h52-2h09,Ven. 23:04,25h04,1h55-2h12,Ven. 23:39,25h39,1h57-2h15,Sam. 00:14,26h14,2h00-2h18,Sam. 00:49,26h49,2h03-2h21,Sam. 01:24,27h24,2h05-2h24,Sam. 01:59,27h59,2h08-2h27,Sam. 02:34,28h34,2h11-2h30,Sam. 03:09,29h09,2h13-2h33,Sam. 03:44,29h44,2h16-2h36,Sam. 04:19,30h19,2h19-2h40,Sam. 04:54,30h54,2h21-2h43,Sam. 05:29,31h29,2h24-2h46,Sam. 06:04,32h04,2h27-2h49,Sam. 06:39,32h39,2h29-2h52,Sam. 07:14,33h14,2h32-2h55,Sam. 07:49,33h49,2h35-2h58,Sam. 08:24,34h24,2h37-3h01,Sam. 08:59,34h59,2h40-3h04
 Ti Col Maïdo,121.2,8042,6018,,121.2,8042,6018,6.1000000000000085,1149.0,103.0,115.1,188.36065573770466,16.88524590163932,0.011011581866671206,0.010240771136004221,0.011782392597338192,1.5984675272332203,1.657670028241858,1.716872529250496,1.776075030259134,1.8352775312677714,1.8944800322764093,1.9536825332850472,2.0128850342936846,2.0720875353023227,2.1312900363109604,2.190492537319598,2.249695038328236,2.308897539336874,2.368100040345512,2.427302541354149,2.4865050423627872,2.5457075433714254,2.6049100443800626,2.6641125453887007,2.7233150463973383,2.782517547405976,2.841720048414614,2.900922549423252,2.9601250504318894,3.019327551440527,3.078530052449165,3.137732553457803,3.1969350544664406,3.2561375554750787,3.315340056483716,3.374542557492354,3.433745058500992,3.4929475595096298,3.552150060518268,35.84817038550479,3.3034995562819915,Ven. 15:20,17h20,1h29-1h42,Ven. 15:59,17h59,1h32-1h46,Ven. 16:37,18h37,1h35-1h50,Ven. 17:16,19h16,1h39-1h54,Ven. 17:54,19h54,1h42-1h57,Ven. 18:33,20h33,1h45-2h01,Ven. 19:12,21h12,1h49-2h05,Ven. 19:50,21h50,1h52-2h09,Ven. 20:29,22h29,1h55-2h13,Ven. 21:07,23h07,1h58-2h16,Ven. 21:46,23h46,2h02-2h20,Ven. 22:24,24h24,2h05-2h24,Ven. 23:03,25h03,2h08-2h28,Ven. 23:41,25h41,2h12-2h32,Sam. 00:20,26h20,2h15-2h35,Sam. 00:58,26h58,2h18-2h39,Sam. 01:37,27h37,2h22-2h43,Sam. 02:16,28h16,2h25-2h47,Sam. 02:54,28h54,2h28-2h51,Sam. 03:33,29h33,2h31-2h54,Sam. 04:11,30h11,2h35-2h58,Sam. 04:50,30h50,2h38-3h02,Sam. 05:28,31h28,2h41-3h06,Sam. 06:07,32h07,2h45-3h10,Sam. 06:45,32h45,2h48-3h13,Sam. 07:24,33h24,2h51-3h17,Sam. 08:02,34h02,2h55-3h21,Sam. 08:41,34h41,2h58-3h25,Sam. 09:20,35h20,3h01-3h29,Sam. 09:58,35h58,3h04-3h32,Sam. 10:37,36h37,3h08-3h36,Sam. 11:15,37h15,3h11-3h40,Sam. 11:54,37h54,3h14-3h44,Sam. 12:32,38h32,3h18-3h48
 Maïdo - Tête Dure,122.8,8049,6106,46.25,122.8,8049,6106,1.5999999999999943,7.0,88.0,121.2,4.375000000000016,55.0000000000002,0.005328585692248586,0.004955584693791185,0.005701586690705987,0.20288792853209708,0.21040229625550808,0.2179166639789191,0.2254310317023301,0.2329453994257411,0.2404597671491521,0.2479741348725631,0.2554885025959741,0.26300287031938513,0.27051723804279615,0.2780316057662071,0.28554597348961813,0.29306034121302915,0.3005747089364401,0.30808907665985114,0.31560344438326215,0.3231178121066731,0.33063217983008414,0.33814654755349516,0.3456609152769061,0.35317528300031714,0.36068965072372816,0.3682040184471391,0.37571838617055014,0.38323275389396116,0.3907471216173722,0.39826148934078315,0.40577585706419417,0.4132902247876052,0.42080459251101615,0.42831896023442717,0.4358333279578382,0.4433476956812492,0.4508620634046602,36.26747210447112,0.41930171896633084,Ven. 15:32,17h32,0h11-0h13,Ven. 16:11,18h11,0h11-0h13,Ven. 16:50,18h50,0h12-0h13,Ven. 17:29,19h29,0h12-0h14,Ven. 18:08,20h08,0h12-0h14,Ven. 18:47,20h47,0h13-0h15,Ven. 19:26,21h26,0h13-0h15,Ven. 20:05,22h05,0h14-0h16,Ven. 20:44,22h44,0h14-0h16,Ven. 21:23,23h23,0h15-0h17,Ven. 22:02,24h02,0h15-0h17,Ven. 22:41,24h41,0h15-0h18,Ven. 23:20,25h20,0h16-0h18,Ven. 23:59,25h59,0h16-0h19,Sam. 00:38,26h38,0h17-0h19,Sam. 01:17,27h17,0h17-0h20,Sam. 01:56,27h56,0h18-0h20,Sam. 02:35,28h35,0h18-0h21,Sam. 03:14,29h14,0h18-0h21,Sam. 03:53,29h53,0h19-0h22,Sam. 04:32,30h32,0h19-0h22,Sam. 05:11,31h11,0h20-0h23,Sam. 05:50,31h50,0h20-0h23,Sam. 06:29,32h29,0h20-0h24,Sam. 07:08,33h08,0h21-0h24,Sam. 07:47,33h47,0h21-0h25,Sam. 08:26,34h26,0h22-0h25,Sam. 09:05,35h05,0h22-0h26,Sam. 09:44,35h44,0h23-0h26,Sam. 10:23,36h23,0h23-0h27,Sam. 11:02,37h02,0h23-0h27,Sam. 11:41,37h41,0h24-0h27,Sam. 12:20,38h20,0h24-0h28,Sam. 12:59,38h59,0h25-0h28
 Ilet Savannah,139.7,8090,7965,49.75,139.7,8090,7965,16.89999999999999,41.0,1859.0,122.8,2.426035502958581,110.00000000000006,0.0058805480073011685,0.005468909646790086,0.006292186367812251,2.36498709617038,2.4525792108433566,2.540171325516334,2.6277634401893106,2.715355554862288,2.802947669535265,2.890539784208242,2.978131898881219,3.0657240135541963,3.153316128227173,3.24090824290015,3.328500357573127,3.416092472246104,3.503684586919081,3.591276701592058,3.6788688162650347,3.766460930938012,3.854053045610989,3.941645160283966,4.029237274956944,4.11682938962992,4.204421504302897,4.292013618975875,4.379605733648852,4.467197848321828,4.554789962994806,4.642382077667783,4.72997419234076,4.817566307013737,4.905158421686713,4.99275053635969,5.080342651032668,5.1679347657056445,5.255526880378621,41.15511210322323,4.887639998752114,Ven. 17:54,19h54,2h11-2h31,Ven. 18:39,20h39,2h16-2h37,Ven. 19:23,21h23,2h21-2h43,Ven. 20:07,22h07,2h26-2h48,Ven. 20:51,22h51,2h31-2h54,Ven. 21:36,23h36,2h36-2h59,Ven. 22:20,24h20,2h41-3h05,Ven. 23:04,25h04,2h46-3h11,Ven. 23:48,25h48,2h51-3h16,Sam. 00:33,26h33,2h55-3h22,Sam. 01:17,27h17,3h00-3h28,Sam. 02:01,28h01,3h05-3h33,Sam. 02:45,28h45,3h10-3h39,Sam. 03:30,29h30,3h15-3h44,Sam. 04:14,30h14,3h20-3h50,Sam. 04:58,30h58,3h25-3h56,Sam. 05:42,31h42,3h30-4h01,Sam. 06:27,32h27,3h35-4h07,Sam. 07:11,33h11,3h39-4h13,Sam. 07:55,33h55,3h44-4h18,Sam. 08:39,34h39,3h49-4h24,Sam. 09:24,35h24,3h54-4h29,Sam. 10:08,36h08,3h59-4h35,Sam. 10:52,36h52,4h04-4h41,Sam. 11:36,37h36,4h09-4h46,Sam. 12:21,38h21,4h14-4h52,Sam. 13:05,39h05,4h19-4h58,Sam. 13:49,39h49,4h23-5h03,Sam. 14:33,40h33,4h28-5h09,Sam. 15:18,41h18,4h33-5h14,Sam. 16:02,42h02,4h38-5h20,Sam. 16:46,42h46,4h43-5h26,Sam. 17:30,43h30,4h48-5h31,Sam. 18:15,44h15,4h53-5h37
 Chemin Ratinaud - Kalla,147.0,8727,8284,52.5,147.0,8727,8284,7.300000000000011,637.0,319.0,139.7,87.2602739726026,43.69863013698623,0.008388474169296768,0.007801280977445993,0.008975667361147542,1.4572367083111002,1.5112084382485482,1.5651801681859965,1.6191518981234445,1.6731236280608925,1.7270953579983408,1.781067087935789,1.8350388178732373,1.8890105478106856,1.9429822777481334,1.9969540076855816,2.0509257376230297,2.104897467560478,2.158869197497926,2.212840927435374,2.2668126573728222,2.3207843873102703,2.3747561172477187,2.4287278471851668,2.4826995771226152,2.5366713070600633,2.590643036997511,2.6446147669349593,2.6985864968724074,2.752558226809856,2.806529956747304,2.8605016866847524,2.9144734166222004,2.968445146559648,3.0224168764970964,3.0763886064345445,3.130360336371993,3.184332066309441,3.238303796246889,44.16673463373284,3.011622530509605,Ven. 19:22,21h22,1h21-1h33,Ven. 20:09,22h09,1h24-1h37,Ven. 20:57,22h57,1h27-1h40,Ven. 21:44,23h44,1h30-1h43,Ven. 22:32,24h32,1h33-1h47,Ven. 23:19,25h19,1h36-1h50,Sam. 00:07,26h07,1h39-1h54,Sam. 00:54,26h54,1h42-1h57,Sam. 01:42,27h42,1h45-2h01,Sam. 02:29,28h29,1h48-2h04,Sam. 03:17,29h17,1h51-2h08,Sam. 04:04,30h04,1h54-2h11,Sam. 04:52,30h52,1h57-2h15,Sam. 05:39,31h39,2h00-2h18,Sam. 06:27,32h27,2h03-2h22,Sam. 07:14,33h14,2h06-2h25,Sam. 08:02,34h02,2h09-2h28,Sam. 08:49,34h49,2h12-2h32,Sam. 09:37,35h37,2h15-2h35,Sam. 10:24,36h24,2h18-2h39,Sam. 11:12,37h12,2h21-2h42,Sam. 11:59,37h59,2h24-2h46,Sam. 12:47,38h47,2h27-2h49,Sam. 13:34,39h34,2h30-2h53,Sam. 14:22,40h22,2h33-2h56,Sam. 15:09,41h09,2h36-3h00,Sam. 15:57,41h57,2h39-3h03,Sam. 16:44,42h44,2h42-3h07,Sam. 17:32,43h32,2h45-3h10,Sam. 18:19,44h19,2h48-3h14,Sam. 19:06,45h06,2h51-3h17,Sam. 19:54,45h54,2h54-3h20,Sam. 20:41,46h41,2h57-3h24,Sam. 21:29,47h29,3h00-3h27
 La Possession - Ecole Evariste de Parny,155.0,8903,8899,56.0,155.0,8903,8899,8.0,176.0,615.0,147.0,22.0,76.875,0.006687433049246607,0.0062193127357993445,0.00715555336269387,1.2731327944415443,1.3202858609023422,1.3674389273631402,1.414591993823938,1.4617450602847362,1.508898126745534,1.556051193206332,1.6032042596671299,1.6503573261279278,1.6975103925887256,1.7446634590495236,1.7918165255103213,1.8389695919711195,1.8861226584319175,1.9332757248927153,1.9804287913535132,2.027581857814311,2.074734924275109,2.121887990735907,2.1690410571967047,2.216194123657503,2.263347190118301,2.3105002565790986,2.3576533230398966,2.404806389500695,2.4519594559614926,2.4991125224222905,2.5462655888830885,2.5934186553438865,2.6405717218046845,2.6877247882654824,2.7348778547262804,2.7820309211870784,2.829183987647876,46.79787574224536,2.631141108512523,Ven. 20:38,22h38,1h11-1h21,Ven. 21:28,23h28,1h13-1h24,Ven. 22:19,24h19,1h16-1h27,Ven. 23:09,25h09,1h18-1h30,Ven. 23:59,25h59,1h21-1h33,Sam. 00:50,26h50,1h24-1h36,Sam. 01:40,27h40,1h26-1h39,Sam. 02:30,28h30,1h29-1h42,Sam. 03:21,29h21,1h32-1h45,Sam. 04:11,30h11,1h34-1h48,Sam. 05:01,31h01,1h37-1h52,Sam. 05:52,31h52,1h39-1h55,Sam. 06:42,32h42,1h42-1h58,Sam. 07:32,33h32,1h45-2h01,Sam. 08:23,34h23,1h47-2h04,Sam. 09:13,35h13,1h50-2h07,Sam. 10:03,36h03,1h53-2h10,Sam. 10:54,36h54,1h55-2h13,Sam. 11:44,37h44,1h58-2h16,Sam. 12:34,38h34,2h01-2h19,Sam. 13:25,39h25,2h03-2h22,Sam. 14:15,40h15,2h06-2h25,Sam. 15:05,41h05,2h08-2h28,Sam. 15:56,41h56,2h11-2h31,Sam. 16:46,42h46,2h14-2h34,Sam. 17:36,43h36,2h16-2h37,Sam. 18:26,44h26,2h19-2h40,Sam. 19:17,45h17,2h22-2h43,Sam. 20:07,46h07,2h24-2h46,Sam. 20:57,46h57,2h27-2h49,Sam. 21:48,47h48,2h29-2h52,Sam. 22:38,48h38,2h32-2h55,Sam. 23:28,49h28,2h35-2h58,Dim. 00:19,50h19,2h37-3h01
 Grande Chaloupe,162.2,9260,9254,58.5,162.2,9260,9254,7.199999999999989,357.0,355.0,155.0,49.583333333333414,49.305555555555635,0.00749049558890412,0.006966160897680831,0.008014830280127408,1.283415618453946,1.3309495302485366,1.3784834420431273,1.4260173538377179,1.4735512656323084,1.521085177426899,1.5686190892214897,1.6161530010160803,1.6636869128106708,1.7112208246052616,1.7587547363998521,1.8062886481944425,1.853822559989033,1.9013564717836238,1.9488903835782143,1.9964242953728049,2.0439582071673956,2.091492118961986,2.1390260307565767,2.1865599425511673,2.234093854345758,2.2816277661403483,2.3291616779349393,2.37669558972953,2.4242295015241204,2.471763413318711,2.5192973251133015,2.566831236907892,2.6143651487024826,2.661899060497073,2.709432972291664,2.7569668840862547,2.804500795880845,2.8520347076754358,49.45026802038352,2.6523922781381586,Ven. 21:55,23h55,1h11-1h22,Ven. 22:48,24h48,1h14-1h25,Ven. 23:41,25h41,1h16-1h28,Sam. 00:35,26h35,1h19-1h31,Sam. 01:28,27h28,1h22-1h34,Sam. 02:21,28h21,1h24-1h37,Sam. 03:14,29h14,1h27-1h40,Sam. 04:07,30h07,1h30-1h43,Sam. 05:01,31h01,1h32-1h46,Sam. 05:54,31h54,1h35-1h49,Sam. 06:47,32h47,1h38-1h52,Sam. 07:40,33h40,1h40-1h55,Sam. 08:33,34h33,1h43-1h59,Sam. 09:26,35h26,1h46-2h02,Sam. 10:20,36h20,1h48-2h05,Sam. 11:13,37h13,1h51-2h08,Sam. 12:06,38h06,1h54-2h11,Sam. 12:59,38h59,1h56-2h14,Sam. 13:52,39h52,1h59-2h17,Sam. 14:45,40h45,2h02-2h20,Sam. 15:39,41h39,2h04-2h23,Sam. 16:32,42h32,2h07-2h26,Sam. 17:25,43h25,2h09-2h29,Sam. 18:18,44h18,2h12-2h32,Sam. 19:11,45h11,2h15-2h35,Sam. 20:04,46h04,2h17-2h38,Sam. 20:58,46h58,2h20-2h41,Sam. 21:51,47h51,2h23-2h44,Sam. 22:44,48h44,2h25-2h47,Sam. 23:37,49h37,2h28-2h50,Dim. 00:30,50h30,2h31-2h53,Dim. 01:23,51h23,2h33-2h56,Dim. 02:17,52h17,2h36-3h00,Dim. 03:10,53h10,2h39-3h03
 Saint Bernard - Les Bambous,166.7,9732,9280,,166.7,9732,9280,4.5,472.0,26.0,162.2,104.88888888888889,5.777777777777778,0.009043673207247622,0.008410616082740288,0.009676730331754957,0.9684599056743799,1.0043287910697272,1.0401976764650747,1.0760665618604222,1.1119354472557694,1.147804332651117,1.1836732180464642,1.2195421034418117,1.2554109888371592,1.2912798742325065,1.327148759627854,1.3630176450232012,1.3988865304185487,1.4347554158138962,1.4706243012092435,1.506493186604591,1.5423620719999382,1.5782309573952857,1.614099842790633,1.6499687281859805,1.685837613581328,1.7217064989766753,1.7575753843720228,1.7934442697673703,1.8293131551627175,1.865182040558065,1.9010509259534123,1.9369198113487598,1.972788696744107,2.0086575821394543,2.044526467534802,2.0803953529301493,2.116264238325497,2.1521331237208443,51.45175182544391,2.0014838050603885,Ven. 22:53,24h53,0h54-1h02,Ven. 23:49,25h49,0h56-1h04,Sam. 00:44,26h44,0h58-1h06,Sam. 01:39,27h39,1h00-1h09,Sam. 02:35,28h35,1h02-1h11,Sam. 03:30,29h30,1h04-1h13,Sam. 04:25,30h25,1h06-1h15,Sam. 05:21,31h21,1h08-1h18,Sam. 06:16,32h16,1h10-1h20,Sam. 07:11,33h11,1h12-1h22,Sam. 08:07,34h07,1h14-1h25,Sam. 09:02,35h02,1h16-1h27,Sam. 09:57,35h57,1h18-1h29,Sam. 10:52,36h52,1h20-1h32,Sam. 11:48,37h48,1h22-1h34,Sam. 12:43,38h43,1h24-1h36,Sam. 13:38,39h38,1h26-1h39,Sam. 14:34,40h34,1h28-1h41,Sam. 15:29,41h29,1h30-1h43,Sam. 16:24,42h24,1h32-1h45,Sam. 17:20,43h20,1h34-1h48,Sam. 18:15,44h15,1h36-1h50,Sam. 19:10,45h10,1h38-1h52,Sam. 20:06,46h06,1h40-1h55,Sam. 21:01,47h01,1h42-1h57,Sam. 21:56,47h56,1h44-1h59,Sam. 22:52,48h52,1h46-2h02,Sam. 23:47,49h47,1h48-2h04,Dim. 00:42,50h42,1h50-2h06,Dim. 01:38,51h38,1h52-2h08,Dim. 02:33,52h33,1h54-2h11,Dim. 03:28,53h28,1h56-2h13,Dim. 04:24,54h24,1h58-2h15,Dim. 05:19,55h19,2h00-2h18
 Colorado,171.6,10088,9408,63.5,171.6,10088,9408,4.900000000000006,356.0,128.0,166.7,72.65306122448972,26.122448979591805,0.008263908826453482,0.007685435208601738,0.008842382444305227,0.9636201396859025,0.9993097744890842,1.0349994092922656,1.0706890440954473,1.1063786788986287,1.1420683137018106,1.1777579485049923,1.2134475833081737,1.2491372181113554,1.2848268529145368,1.3205164877177185,1.3562061225209,1.3918957573240816,1.427585392127263,1.4632750269304446,1.4989646617336263,1.534654296536808,1.5703439313399894,1.606033566143171,1.6417232009463525,1.6774128357495341,1.7131024705527158,1.7487921053558972,1.784481740159079,1.8201713749622606,1.8558610097654422,1.8915506445686237,1.927240279371805,1.962929914174987,1.9986195489781684,2.03430918378135,2.0699988185845313,2.1056884533877134,2.1413780881908946,53.44323344746144,1.991481622017531,Ven. 23:51,25h51,0h53-1h01,Sam. 00:49,26h49,0h55-1h04,Sam. 01:46,27h46,0h57-1h06,Sam. 02:43,28h43,0h59-1h08,Sam. 03:41,29h41,1h01-1h11,Sam. 04:38,30h38,1h03-1h13,Sam. 05:36,31h36,1h05-1h15,Sam. 06:33,32h33,1h07-1h17,Sam. 07:31,33h31,1h09-1h20,Sam. 08:28,34h28,1h11-1h22,Sam. 09:26,35h26,1h13-1h24,Sam. 10:23,36h23,1h15-1h27,Sam. 11:21,37h21,1h17-1h29,Sam. 12:18,38h18,1h19-1h31,Sam. 13:16,39h16,1h21-1h33,Sam. 14:13,40h13,1h23-1h36,Sam. 15:11,41h11,1h25-1h38,Sam. 16:08,42h08,1h27-1h40,Sam. 17:05,43h05,1h29-1h43,Sam. 18:03,44h03,1h31-1h45,Sam. 19:00,45h00,1h33-1h47,Sam. 19:58,45h58,1h35-1h49,Sam. 20:55,46h55,1h37-1h52,Sam. 21:53,47h53,1h39-1h54,Sam. 22:50,48h50,1h41-1h56,Sam. 23:48,49h48,1h43-1h59,Dim. 00:45,50h45,1h45-2h01,Dim. 01:43,51h43,1h47-2h03,Dim. 02:40,52h40,1h49-2h06,Dim. 03:38,53h38,1h51-2h08,Dim. 04:35,54h35,1h53-2h10,Dim. 05:33,55h33,1h55-2h12,Dim. 06:30,56h30,1h57-2h15,Dim. 07:27,57h27,1h59-2h17
 Belvédère de La Vigie,175.6,10098,9753,,175.6,10098,9753,4.0,10.0,345.0,171.6,2.5,86.25,0.006634820503000876,0.006170383067790814,0.007099257938210937,0.6315582904082442,0.6549493382011421,0.67834038599404,0.7017314337869379,0.7251224815798359,0.7485135293727339,0.7719045771656318,0.7952956249585297,0.8186866727514277,0.8420777205443256,0.8654687683372235,0.8888598161301213,0.9122508639230194,0.9356419117159173,0.9590329595088153,0.9824240073017131,1.0058150550946112,1.029206102887509,1.052597150680407,1.0759881984733048,1.0993792462662029,1.1227702940591007,1.1461613418519987,1.1695523896448965,1.1929434374377945,1.2163344852306925,1.2397255330235906,1.2631165808164884,1.2865076286093864,1.3098986764022842,1.3332897241951822,1.35668077198808,1.380071819780978,1.4034628675738758,54.748453914305145,1.305220466843707,Sam. 00:29,26h29,0h35-0h40,Sam. 01:28,27h28,0h36-0h42,Sam. 02:27,28h27,0h37-0h43,Sam. 03:26,29h26,0h39-0h45,Sam. 04:24,30h24,0h40-0h46,Sam. 05:23,31h23,0h41-0h48,Sam. 06:22,32h22,0h43-0h49,Sam. 07:21,33h21,0h44-0h51,Sam. 08:20,34h20,0h45-0h52,Sam. 09:19,35h19,0h46-0h54,Sam. 10:18,36h18,0h48-0h55,Sam. 11:17,37h17,0h49-0h57,Sam. 12:15,38h15,0h50-0h58,Sam. 13:14,39h14,0h52-1h00,Sam. 14:13,40h13,0h53-1h01,Sam. 15:12,41h12,0h54-1h03,Sam. 16:11,42h11,0h56-1h04,Sam. 17:10,43h10,0h57-1h06,Sam. 18:09,44h09,0h58-1h07,Sam. 19:07,45h07,1h00-1h09,Sam. 20:06,46h06,1h01-1h10,Sam. 21:05,47h05,1h02-1h12,Sam. 22:04,48h04,1h03-1h13,Sam. 23:03,49h03,1h05-1h15,Dim. 00:02,50h02,1h06-1h16,Dim. 01:01,51h01,1h07-1h18,Dim. 02:00,52h00,1h09-1h19,Dim. 02:58,52h58,1h10-1h21,Dim. 03:57,53h57,1h11-1h22,Dim. 04:56,54h56,1h13-1h24,Dim. 05:55,55h55,1h14-1h25,Dim. 06:54,56h54,1h15-1h27,Dim. 07:53,57h53,1h17-1h28,Dim. 08:52,58h52,1h18-1h30
 La Redoute,178.6,10122,10075,66.0,178.6,10122,10075,3.0,24.0,322.0,175.6,8.0,107.33333333333333,0.007127091763626115,0.006628195340172286,0.007625988187079944,0.5088126221104108,0.5276575340404259,0.5465024459704412,0.5653473579004564,0.5841922698304717,0.6030371817604868,0.6218820936905021,0.6407270056205173,0.6595719175505325,0.6784168294805477,0.697261741410563,0.7161066533405781,0.7349515652705934,0.7537964772006085,0.7726413891306239,0.791486301060639,0.8103312129906541,0.8291761249206694,0.8480210368506846,0.8668659487806999,0.885710860710715,0.9045557726407303,0.9234006845707454,0.9422455965007607,0.9610905084307759,0.9799354203607912,0.9987803322908063,1.0176252442208216,1.036470156150837,1.0553150680808518,1.0741599800108672,1.0930048919408824,1.1118498038708975,1.1306947158009129,55.8,1.0515460856948522,Sam. 01:00,27h00,0h28-0h32,Sam. 02:00,28h00,0h29-0h33,Sam. 03:00,28h59,0h30-0h35,Sam. 04:00,30h00,0h31-0h36,Sam. 05:00,31h00,0h32-0h37,Sam. 06:00,31h59,0h33-0h38,Sam. 07:00,33h00,0h34-0h39,Sam. 08:00,34h00,0h35-0h41,Sam. 09:00,35h00,0h36-0h42,Sam. 10:00,36h00,0h37-0h43,Sam. 11:00,37h00,0h38-0h44,Sam. 12:00,38h00,0h39-0h45,Sam. 13:00,38h59,0h41-0h47,Sam. 14:00,40h00,0h42-0h48,Sam. 15:00,41h00,0h43-0h49,Sam. 16:00,42h00,0h44-0h50,Sam. 17:00,42h59,0h45-0h52,Sam. 18:00,44h00,0h46-0h53,Sam. 19:00,44h59,0h47-0h54,Sam. 20:00,46h00,0h48-0h55,Sam. 21:00,47h00,0h49-0h56,Sam. 22:00,48h00,0h50-0h58,Sam. 23:00,49h00,0h51-0h59,Dim. 00:00,50h00,0h52-1h00,Dim. 01:00,51h00,0h53-1h01,Dim. 02:00,52h00,0h54-1h02,Dim. 03:00,53h00,0h55-1h04,Dim. 04:00,54h00,0h56-1h05,Dim. 05:00,54h59,0h57-1h06,Dim. 06:00,56h00,0h58-1h07,Dim. 07:00,57h00,0h59-1h08,Dim. 08:00,57h59,1h00-1h10,Dim. 09:00,59h00,1h02-1h11,Dim. 10:00,60h00,1h03-1h12
