bib,name,status,category,sex,country,Départ Cam,Pointe de,Plage de G,Cap de la,Port de Mo,Le Ped Ret,Arrivée
521,Maxime BLANCHARD,FINISHER,M0 H,MALE,,2024-09-14T12:32:00.000+02:00,2024-09-14T13:05:19.000+02:00,2024-09-14T13:50:31.000+02:00,2024-09-14T15:01:40.000+02:00,2024-09-14T16:06:08.000+02:00,2024-09-14T17:35:24.000+02:00,2024-09-14T19:32:17.000+02:00
791,Hugo TREUIL,FINISHER,SE H,MALE,,2024-09-14T12:32:00.000+02:00,2024-09-14T13:06:08.000+02:00,2024-09-14T13:52:37.000+02:00,2024-09-14T15:01:44.000+02:00,2024-09-14T16:10:54.000+02:00,2024-09-14T17:45:27.000+02:00,2024-09-14T18:07:19.000+02:00
596,Cedric FABULET,FINISHER,M0 H,MALE,,2024-09-14T12:32:00.000+02:00,2024-09-14T13:07:22.000+02:00,2024-09-14T13:55:20.000+02:00,2024-09-14T15:10:57.000+02:00,2024-09-14T16:21:00.000+02:00,2024-09-14T17:53:26.000+02:00,2024-09-14T19:18:21.000+02:00
704,Julien MAGNERON,FINISHER,SE H,MALE,,2024-09-14T12:32:00.000+02:00,2024-09-14T13:07:21.000+02:00,2024-09-14T13:54:22.000+02:00,2024-09-14T15:07:49.000+02:00,2024-09-14T16:14:19.000+02:00,2024-09-14T17:53:46.000+02:00,2024-09-14T18:35:56.000+02:00
789,Gaël TORILLEC,FINISHER,SE H,MALE,,2024-09-14T12:32:00.000+02:00,2024-09-14T13:07:27.000+02:00,2024-09-14T13:54:26.000+02:00,2024-09-14T15:08:04.000+02:00,2024-09-14T16:14:59.000+02:00,2024-09-14T17:57:55.000+02:00,2024-09-14T20:11:17.000+02:00
597,Franck FALQUERHO,FINISHER,M3 H,MALE,,2024-09-14T12:32:00.000+02:00,2024-09-14T13:05:39.000+02:00,2024-09-14T13:49:54.000+02:00,2024-09-14T15:05:28.000+02:00,2024-09-14T16:18:06.000+02:00,2024-09-14T18:05:29.000+02:00,2024-09-14T18:19:44.000+02:00
793,Aymeric TROADEC,FINISHER,SE H,MALE,,2024-09-14T12:32:00.000+02:00,2024-09-14T13:07:54.000+02:00,2024-09-14T13:54:18.000+02:00,2024-09-14T15:15:13.000+02:00,2024-09-14T16:26:59.000+02:00,2024-09-14T18:07:43.000+02:00,2024-09-14T18:36:29.000+02:00
691,Tristan LE ROUX,FINISHER,SE H,MALE,,2024-09-14T12:32:00.000+02:00,2024-09-14T13:07:33.000+02:00,2024-09-14T13:57:19.000+02:00,2024-09-14T15:14:36.000+02:00,2024-09-14T16:33:51.000+02:00,2024-09-14T18:16:17.000+02:00,2024-09-14T19:58:33.000+02:00
593,Kévin DUSAUTIEZ,FINISHER,M1 H,MALE,,2024-09-14T12:32:00.000+02:00,2024-09-14T13:05:44.000+02:00,2024-09-14T13:51:25.000+02:00,2024-09-14T15:07:19.000+02:00,2024-09-14T16:28:29.000+02:00,2024-09-14T18:17:32.000+02:00,2024-09-14T19:02:33.000+02:00
550,Maxime CARIOU,FINISHER,M0 H,MALE,,2024-09-14T12:32:00.000+02:00,2024-09-14T13:06:03.000+02:00,2024-09-14T13:52:59.000+02:00,2024-09-14T15:13:04.000+02:00,2024-09-14T16:36:15.000+02:00,2024-09-14T18:18:23.000+02:00,2024-09-14T18:50:18.000+02:00
702,Christophe LOUAZON,FINISHER,M3 H,MALE,,2024-09-14T12:32:00.000+02:00,2024-09-14T13:09:30.000+02:00,2024-09-14T13:59:47.000+02:00,2024-09-14T15:20:26.000+02:00,2024-09-14T16:42:41.000+02:00,2024-09-14T18:34:15.000+02:00,2024-09-14T19:08:51.000+02:00
764,Matthieu ROPARS,FINISHER,SE H,MALE,,2024-09-14T12:32:00.000+02:00,2024-09-14T13:08:07.000+02:00,2024-09-14T13:56:53.000+02:00,2024-09-14T15:16:33.000+02:00,2024-09-14T16:37:14.000+02:00,2024-09-14T18:31:07.000+02:00,2024-09-14T19:43:13.000+02:00
519,Arnaud BILLAUD,FINISHER,M1 H,MALE,,2024-09-14T12:32:00.000+02:00,2024-09-14T13:09:53.000+02:00,2024-09-14T14:02:12.000+02:00,2024-09-14T15:23:51.000+02:00,2024-09-14T16:49:32.000+02:00,2024-09-14T18:37:02.000+02:00,2024-09-14T18:52:14.000+02:00
714,Mickael MERRET,FINISHER,M1 H,MALE,,2024-09-14T12:32:00.000+02:00,2024-09-14T13:07:35.000+02:00,2024-09-14T13:57:00.000+02:00,2024-09-14T15:30:20.000+02:00,2024-09-14T16:48:56.000+02:00,2024-09-14T18:36:47.000+02:00,2024-09-14T19:20:34.000+02:00
507,Julien AUTRET,FINISHER,M1 H,MALE,,2024-09-14T12:32:00.000+02:00,2024-09-14T13:05:41.000+02:00,2024-09-14T13:50:42.000+02:00,2024-09-14T15:07:50.000+02:00,2024-09-14T16:31:45.000+02:00,2024-09-14T18:36:07.000+02:00,2024-09-14T19:21:06.000+02:00
508,Franck BALUSSON,FINISHER,M3 H,MALE,,2024-09-14T12:32:00.000+02:00,2024-09-14T13:12:28.000+02:00,2024-09-14T14:08:44.000+02:00,2024-09-14T15:33:54.000+02:00,2024-09-14T16:55:18.000+02:00,2024-09-14T18:44:16.000+02:00,2024-09-14T19:02:58.000+02:00
668,Rodolphe LE FRIEC,FINISHER,SE H,MALE,,2024-09-14T12:32:00.000+02:00,2024-09-14T13:09:56.000+02:00,2024-09-14T13:59:34.000+02:00,2024-09-14T15:21:58.000+02:00,2024-09-14T16:49:10.000+02:00,2024-09-14T18:46:24.000+02:00,2024-09-14T19:31:24.000+02:00
503,Joseph ALLARD,FINISHER,SE H,MALE,,2024-09-14T12:32:00.000+02:00,2024-09-14T13:08:09.000+02:00,2024-09-14T13:59:14.000+02:00,2024-09-14T15:21:45.000+02:00,2024-09-14T16:44:41.000+02:00,2024-09-14T18:46:24.000+02:00,2024-09-14T20:16:46.000+02:00
592,Dorian DURBACH,FINISHER,SE H,MALE,,2024-09-14T12:32:00.000+02:00,2024-09-14T13:08:54.000+02:00,2024-09-14T14:00:15.000+02:00,2024-09-14T15:22:54.000+02:00,,2024-09-14T18:44:40.000+02:00,2024-09-14T20:19:32.000+02:00
524,Nicolas BLONDEL,FINISHER,M3 H,MALE,,2024-09-14T12:32:00.000+02:00,2024-09-14T13:08:59.000+02:00,2024-09-14T13:59:48.000+02:00,2024-09-14T15:23:39.000+02:00,2024-09-14T16:53:05.000+02:00,2024-09-14T18:44:40.000+02:00,2024-09-14T18:59:48.000+02:00
709,Flavien MALET,FINISHER,M0 H,MALE,,2024-09-14T12:32:00.000+02:00,2024-09-14T13:07:55.000+02:00,2024-09-14T13:57:04.000+02:00,2024-09-14T15:23:51.000+02:00,2024-09-14T16:54:49.000+02:00,2024-09-14T18:51:04.000+02:00,2024-09-14T19:06:39.000+02:00
659,Jérôme LE BRIS,FINISHER,M2 H,MALE,,2024-09-14T12:32:00.000+02:00,2024-09-14T13:08:55.000+02:00,2024-09-14T13:57:48.000+02:00,2024-09-14T15:30:44.000+02:00,2024-09-14T16:57:17.000+02:00,2024-09-14T18:53:21.000+02:00,2024-09-14T19:07:09.000+02:00
637,Guillaume JAOUEN,FINISHER,M0 H,MALE,,2024-09-14T12:32:00.000+02:00,2024-09-14T13:09:34.000+02:00,2024-09-14T13:59:54.000+02:00,2024-09-14T15:25:31.000+02:00,2024-09-14T17:00:13.000+02:00,2024-09-14T18:55:12.000+02:00,2024-09-14T19:36:57.000+02:00
665,Julien LE DEZ,FINISHER,M1 H,MALE,,2024-09-14T12:32:00.000+02:00,2024-09-14T13:10:03.000+02:00,2024-09-14T14:03:16.000+02:00,2024-09-14T15:28:19.000+02:00,2024-09-14T16:54:14.000+02:00,2024-09-14T18:54:46.000+02:00,2024-09-14T22:19:02.000+02:00
666,Marc LE DEZ,FINISHER,M2 H,MALE,,2024-09-14T12:32:00.000+02:00,2024-09-14T13:10:01.000+02:00,2024-09-14T14:03:13.000+02:00,2024-09-14T15:28:19.000+02:00,2024-09-14T16:52:56.000+02:00,2024-09-14T18:54:53.000+02:00,2024-09-14T19:54:30.000+02:00
578,Tanguy DELAFOSSE,FINISHER,SE H,MALE,,2024-09-14T12:32:00.000+02:00,2024-09-14T13:09:05.000+02:00,2024-09-14T13:57:46.000+02:00,2024-09-14T15:25:59.000+02:00,2024-09-14T17:02:59.000+02:00,2024-09-14T19:06:35.000+02:00,2024-09-14T19:25:21.000+02:00
748,Thomas POUPON,FINISHER,M0 H,MALE,,2024-09-14T12:32:00.000+02:00,2024-09-14T13:14:47.000+02:00,2024-09-14T14:13:10.000+02:00,2024-09-14T15:49:46.000+02:00,2024-09-14T17:15:52.000+02:00,2024-09-14T19:10:15.000+02:00,2024-09-14T19:32:03.000+02:00
635,Adèle JACQ,FINISHER,SE F,FEMALE,,2024-09-14T12:32:00.000+02:00,2024-09-14T13:13:49.000+02:00,2024-09-14T14:07:45.000+02:00,2024-09-14T15:37:43.000+02:00,2024-09-14T17:12:04.000+02:00,2024-09-14T19:07:18.000+02:00,2024-09-14T19:44:37.000+02:00
801,Fabrice YAOUANC,FINISHER,SE H,MALE,,2024-09-14T12:32:00.000+02:00,2024-09-14T13:10:27.000+02:00,2024-09-14T14:00:59.000+02:00,2024-09-14T15:39:55.000+02:00,2024-09-14T17:05:23.000+02:00,2024-09-14T19:09:31.000+02:00,2024-09-14T20:44:26.000+02:00
645,Jean Philippe KERVEILLANT,FINISHER,M0 H,MALE,,2024-09-14T12:32:00.000+02:00,2024-09-14T13:11:50.000+02:00,2024-09-14T14:06:54.000+02:00,2024-09-14T15:33:36.000+02:00,2024-09-14T16:58:25.000+02:00,2024-09-14T19:11:47.000+02:00,2024-09-14T19:28:39.000+02:00
527,Thibault BOIXIÈRE,FINISHER,M0 H,MALE,,2024-09-14T12:32:00.000+02:00,2024-09-14T13:17:06.000+02:00,2024-09-14T14:09:17.000+02:00,2024-09-14T15:43:02.000+02:00,2024-09-14T17:12:14.000+02:00,2024-09-14T19:11:53.000+02:00,2024-09-14T19:29:34.000+02:00
779,Isabelle SMOUCOVIT,FINISHER,M0 F,FEMALE,,2024-09-14T12:32:00.000+02:00,2024-09-14T13:17:59.000+02:00,2024-09-14T14:19:36.000+02:00,2024-09-14T15:52:43.000+02:00,2024-09-14T17:21:58.000+02:00,2024-09-14T19:14:29.000+02:00,2024-09-14T19:51:32.000+02:00
715,Jordan MEUDEC,FINISHER,M0 H,MALE,,2024-09-14T12:32:00.000+02:00,2024-09-14T13:18:29.000+02:00,2024-09-14T14:14:21.000+02:00,2024-09-14T15:44:37.000+02:00,2024-09-14T17:21:20.000+02:00,2024-09-14T19:13:32.000+02:00,2024-09-14T19:40:54.000+02:00
515,Florian BESSON,FINISHER,M0 H,MALE,,2024-09-14T12:32:00.000+02:00,2024-09-14T13:05:42.000+02:00,2024-09-14T13:52:44.000+02:00,2024-09-14T15:22:33.000+02:00,2024-09-14T17:02:42.000+02:00,2024-09-14T19:12:46.000+02:00,2024-09-14T20:39:59.000+02:00
619,Charles GRIGNER,FINISHER,SE H,MALE,,2024-09-14T12:32:00.000+02:00,2024-09-14T13:08:51.000+02:00,2024-09-14T14:00:18.000+02:00,2024-09-14T15:34:36.000+02:00,2024-09-14T17:17:43.000+02:00,2024-09-14T19:18:30.000+02:00,2024-09-14T20:19:25.000+02:00
763,Sterenn RONDEL,FINISHER,SE H,MALE,,2024-09-14T12:32:00.000+02:00,2024-09-14T13:08:34.000+02:00,2024-09-14T13:59:51.000+02:00,2024-09-14T15:40:19.000+02:00,2024-09-14T17:17:47.000+02:00,2024-09-14T19:18:36.000+02:00,2024-09-14T19:47:23.000+02:00
599,Florent FITAMANT,FINISHER,SE H,MALE,,2024-09-14T12:32:00.000+02:00,2024-09-14T13:13:58.000+02:00,2024-09-14T14:07:46.000+02:00,2024-09-14T15:42:35.000+02:00,2024-09-14T17:11:32.000+02:00,2024-09-14T19:16:30.000+02:00,2024-09-14T20:09:53.000+02:00
523,Fabien BLEUNVEN,FINISHER,M0 H,MALE,,2024-09-14T12:32:00.000+02:00,2024-09-14T13:14:37.000+02:00,2024-09-14T14:08:59.000+02:00,2024-09-14T15:44:22.000+02:00,2024-09-14T17:17:20.000+02:00,2024-09-14T19:16:43.000+02:00,2024-09-14T21:02:00.000+02:00
647,Télo LACROIX,FINISHER,ES H,MALE,,2024-09-14T12:32:00.000+02:00,2024-09-14T13:15:13.000+02:00,2024-09-14T14:14:24.000+02:00,2024-09-14T15:43:55.000+02:00,2024-09-14T17:14:10.000+02:00,2024-09-14T19:22:07.000+02:00,2024-09-14T20:21:34.000+02:00
559,Maxime CHEVALIER,FINISHER,M0 H,MALE,,2024-09-14T12:32:00.000+02:00,2024-09-14T13:09:36.000+02:00,2024-09-14T13:59:21.000+02:00,2024-09-14T15:40:50.000+02:00,2024-09-14T17:08:15.000+02:00,2024-09-14T19:17:31.000+02:00,2024-09-14T20:04:59.000+02:00
768,David SALAÜN,FINISHER,M1 H,MALE,,2024-09-14T12:32:00.000+02:00,2024-09-14T13:13:19.000+02:00,2024-09-14T14:13:20.000+02:00,2024-09-14T15:49:53.000+02:00,2024-09-14T17:26:54.000+02:00,2024-09-14T19:21:11.000+02:00,2024-09-14T20:24:14.000+02:00
669,Rosemary LE GAC,FINISHER,SE F,FEMALE,,2024-09-14T12:32:00.000+02:00,2024-09-14T13:16:27.000+02:00,2024-09-14T14:15:59.000+02:00,2024-09-14T15:57:17.000+02:00,2024-09-14T17:27:41.000+02:00,2024-09-14T19:22:04.000+02:00,2024-09-14T20:02:14.000+02:00
520,Sebastien BILLET,FINISHER,M1 H,MALE,,2024-09-14T12:32:00.000+02:00,2024-09-14T13:18:05.000+02:00,2024-09-14T14:14:07.000+02:00,2024-09-14T15:45:37.000+02:00,2024-09-14T17:20:21.000+02:00,2024-09-14T19:22:27.000+02:00,2024-09-14T19:47:56.000+02:00
784,Arnaud TANGUY,FINISHER,M0 H,MALE,,2024-09-14T12:32:00.000+02:00,2024-09-14T13:09:38.000+02:00,2024-09-14T14:01:32.000+02:00,2024-09-14T15:30:39.000+02:00,2024-09-14T16:58:34.000+02:00,2024-09-14T19:18:23.000+02:00,2024-09-14T21:01:06.000+02:00
567,Guillaume COAT,FINISHER,M2 H,MALE,,2024-09-14T12:32:00.000+02:00,2024-09-14T13:20:14.000+02:00,2024-09-14T14:19:16.000+02:00,2024-09-14T15:59:37.000+02:00,2024-09-14T17:31:41.000+02:00,2024-09-14T19:24:05.000+02:00,2024-09-14T20:06:54.000+02:00
745,Matthieu PINIARD,FINISHER,SE H,MALE,,2024-09-14T12:32:00.000+02:00,2024-09-14T13:17:24.000+02:00,2024-09-14T14:12:17.000+02:00,2024-09-14T15:45:10.000+02:00,2024-09-14T17:25:18.000+02:00,2024-09-14T19:24:13.000+02:00,2024-09-14T19:43:31.000+02:00
606,Pierre GESTIN,FINISHER,M1 H,MALE,,2024-09-14T12:32:00.000+02:00,2024-09-14T13:15:40.000+02:00,2024-09-14T14:14:01.000+02:00,2024-09-14T15:45:10.000+02:00,2024-09-14T17:11:19.000+02:00,2024-09-14T19:18:36.000+02:00,2024-09-14T19:53:55.000+02:00
633,François INSOGNA,FINISHER,M1 H,MALE,,2024-09-14T12:32:00.000+02:00,2024-09-14T13:08:11.000+02:00,2024-09-14T13:57:40.000+02:00,2024-09-14T15:42:50.000+02:00,2024-09-14T17:43:54.000+02:00,2024-09-14T19:27:30.000+02:00,2024-09-14T20:11:33.000+02:00
677,Vincent LE LEVIER,FINISHER,M1 H,MALE,,2024-09-14T12:32:00.000+02:00,2024-09-14T13:11:11.000+02:00,2024-09-14T14:05:31.000+02:00,2024-09-14T15:47:19.000+02:00,2024-09-14T17:16:47.000+02:00,2024-09-14T19:24:25.000+02:00,2024-09-14T20:04:31.000+02:00
700,Laurence LE VELLY,FINISHER,M3 F,FEMALE,,2024-09-14T12:32:00.000+02:00,2024-09-14T13:18:02.000+02:00,2024-09-14T14:15:08.000+02:00,2024-09-14T15:46:51.000+02:00,2024-09-14T17:20:02.000+02:00,2024-09-14T19:25:37.000+02:00,2024-09-14T20:49:54.000+02:00
564,Thomas CIANCI,FINISHER,SE H,MALE,,2024-09-14T12:32:00.000+02:00,2024-09-14T13:07:24.000+02:00,2024-09-14T13:57:37.000+02:00,2024-09-14T15:38:57.000+02:00,2024-09-14T17:15:39.000+02:00,2024-09-14T19:27:32.000+02:00,2024-09-14T19:48:52.000+02:00
581,Kévin DENIC,FINISHER,SE H,MALE,,2024-09-14T12:32:00.000+02:00,2024-09-14T13:08:18.000+02:00,2024-09-14T14:01:02.000+02:00,2024-09-14T15:54:49.000+02:00,2024-09-14T17:35:35.000+02:00,2024-09-14T19:33:56.000+02:00,2024-09-14T19:59:58.000+02:00
660,Charlie LE CAPITAINE,FINISHER,SE H,MALE,,2024-09-14T12:32:00.000+02:00,2024-09-14T13:14:22.000+02:00,2024-09-14T14:11:25.000+02:00,2024-09-14T15:55:35.000+02:00,2024-09-14T17:35:35.000+02:00,2024-09-14T19:33:57.000+02:00,2024-09-14T20:00:20.000+02:00
554,Romain CASSAND,FINISHER,M0 H,MALE,,2024-09-14T12:32:00.000+02:00,2024-09-14T13:09:06.000+02:00,2024-09-14T13:56:51.000+02:00,2024-09-14T15:36:44.000+02:00,2024-09-14T17:25:11.000+02:00,2024-09-14T19:32:10.000+02:00,2024-09-14T19:48:35.000+02:00
638,Guillaume JAOUEN,FINISHER,SE H,MALE,,2024-09-14T12:32:00.000+02:00,2024-09-14T13:09:17.000+02:00,2024-09-14T14:00:51.000+02:00,2024-09-14T15:36:27.000+02:00,2024-09-14T17:24:51.000+02:00,2024-09-14T19:32:12.000+02:00,2024-09-14T19:54:20.000+02:00
526,Antoine BODOLEC,FINISHER,SE H,MALE,,2024-09-14T12:32:00.000+02:00,2024-09-14T13:20:19.000+02:00,2024-09-14T14:27:04.000+02:00,2024-09-14T16:30:59.000+02:00,2024-09-14T17:47:58.000+02:00,2024-09-14T19:37:04.000+02:00,2024-09-14T19:50:21.000+02:00
686,Antoine LE PEUCHANT,FINISHER,SE H,MALE,,2024-09-14T12:32:00.000+02:00,2024-09-14T13:14:50.000+02:00,2024-09-14T14:08:56.000+02:00,2024-09-14T15:46:48.000+02:00,2024-09-14T17:27:23.000+02:00,2024-09-14T19:32:25.000+02:00,2024-09-14T19:56:25.000+02:00
621,Damien GUEGUEN,FINISHER,SE H,MALE,,2024-09-14T12:32:00.000+02:00,2024-09-14T13:07:57.000+02:00,2024-09-14T13:59:31.000+02:00,2024-09-14T16:05:02.000+02:00,2024-09-14T17:37:42.000+02:00,2024-09-14T19:33:49.000+02:00,2024-09-14T19:50:38.000+02:00
670,Yoann LE GALL,FINISHER,M2 H,MALE,,2024-09-14T12:32:00.000+02:00,2024-09-14T13:14:45.000+02:00,2024-09-14T14:10:56.000+02:00,2024-09-14T15:43:51.000+02:00,2024-09-14T17:30:51.000+02:00,2024-09-14T19:35:21.000+02:00,2024-09-14T20:02:52.000+02:00
582,Nicolas DEQUIN,FINISHER,SE H,MALE,,2024-09-14T12:32:00.000+02:00,2024-09-14T13:17:22.000+02:00,2024-09-14T14:12:13.000+02:00,2024-09-14T15:52:42.000+02:00,2024-09-14T17:31:51.000+02:00,2024-09-14T19:35:22.000+02:00,2024-09-14T20:03:12.000+02:00
775,Anne Helene SCALIGER,FINISHER,M1 F,FEMALE,,2024-09-14T12:32:00.000+02:00,2024-09-14T13:15:07.000+02:00,2024-09-14T14:11:24.000+02:00,2024-09-14T16:03:26.000+02:00,2024-09-14T17:40:44.000+02:00,2024-09-14T19:37:01.000+02:00,2024-09-14T20:03:08.000+02:00
697,Hubert LESVEN,FINISHER,M4 H,MALE,,2024-09-14T12:32:00.000+02:00,2024-09-14T13:13:52.000+02:00,2024-09-14T14:10:14.000+02:00,2024-09-14T16:01:22.000+02:00,2024-09-14T17:26:25.000+02:00,2024-09-14T19:37:09.000+02:00,2024-09-14T20:18:45.000+02:00
767,Stéphane ROZUEL,FINISHER,M1 H,MALE,,2024-09-14T12:32:00.000+02:00,2024-09-14T13:10:48.000+02:00,2024-09-14T14:08:42.000+02:00,2024-09-14T15:57:03.000+02:00,2024-09-14T17:35:51.000+02:00,2024-09-14T19:38:04.000+02:00,2024-09-14T20:22:15.000+02:00
628,Ronan HASCOET,FINISHER,M1 H,MALE,,2024-09-14T12:32:00.000+02:00,2024-09-14T13:13:56.000+02:00,2024-09-14T14:08:09.000+02:00,2024-09-14T15:41:19.000+02:00,2024-09-14T17:33:47.000+02:00,2024-09-14T19:37:08.000+02:00,2024-09-14T20:00:36.000+02:00
552,Philippe CARRIOU,FINISHER,M3 H,MALE,,2024-09-14T12:32:00.000+02:00,2024-09-14T13:12:29.000+02:00,2024-09-14T14:06:53.000+02:00,2024-09-14T15:44:02.000+02:00,2024-09-14T17:41:49.000+02:00,2024-09-14T19:42:08.000+02:00,2024-09-14T20:36:34.000+02:00
713,Laetitia MENESGUEN,FINISHER,M3 F,FEMALE,,2024-09-14T12:32:00.000+02:00,2024-09-14T13:16:54.000+02:00,2024-09-14T14:15:44.000+02:00,2024-09-14T15:59:14.000+02:00,2024-09-14T17:39:32.000+02:00,2024-09-14T19:42:10.000+02:00,2024-09-14T20:11:11.000+02:00
695,Clément LESIMPLE,FINISHER,SE H,MALE,,2024-09-14T12:32:00.000+02:00,2024-09-14T13:14:51.000+02:00,2024-09-14T14:09:59.000+02:00,2024-09-14T15:52:20.000+02:00,2024-09-14T17:25:13.000+02:00,2024-09-14T19:39:28.000+02:00,2024-09-14T20:05:48.000+02:00
539,Ludovic BOURMAUD,FINISHER,M2 H,MALE,,2024-09-14T12:32:00.000+02:00,2024-09-14T13:10:20.000+02:00,2024-09-14T14:02:38.000+02:00,2024-09-14T15:35:53.000+02:00,2024-09-14T17:21:33.000+02:00,2024-09-14T19:40:13.000+02:00,2024-09-14T21:31:33.000+02:00
772,Kevin SAOUT,FINISHER,M0 H,MALE,,2024-09-14T12:32:00.000+02:00,2024-09-14T13:09:03.000+02:00,2024-09-14T14:00:48.000+02:00,2024-09-14T15:35:49.000+02:00,2024-09-14T17:44:30.000+02:00,2024-09-14T19:44:05.000+02:00,2024-09-14T19:59:59.000+02:00
776,Romain SICART,FINISHER,SE H,MALE,,2024-09-14T12:32:00.000+02:00,2024-09-14T13:15:49.000+02:00,2024-09-14T14:15:28.000+02:00,2024-09-14T15:53:01.000+02:00,2024-09-14T17:34:06.000+02:00,2024-09-14T19:45:02.000+02:00,2024-09-14T20:00:39.000+02:00
746,Sylvain PLANTARD,FINISHER,M1 H,MALE,,2024-09-14T12:32:00.000+02:00,2024-09-14T13:16:51.000+02:00,2024-09-14T14:16:40.000+02:00,2024-09-14T15:56:06.000+02:00,2024-09-14T17:38:22.000+02:00,2024-09-14T19:42:05.000+02:00,2024-09-14T20:03:43.000+02:00
694,Damien LESCOP,FINISHER,SE H,MALE,,2024-09-14T12:32:00.000+02:00,2024-09-14T13:20:12.000+02:00,2024-09-14T14:23:28.000+02:00,2024-09-14T16:00:40.000+02:00,2024-09-14T17:39:14.000+02:00,2024-09-14T19:46:06.000+02:00,2024-09-14T20:00:47.000+02:00
546,Frédéric CADIOU,FINISHER,M0 H,MALE,,2024-09-14T12:32:00.000+02:00,2024-09-14T13:20:04.000+02:00,2024-09-14T14:22:50.000+02:00,2024-09-14T15:52:50.000+02:00,2024-09-14T17:38:18.000+02:00,2024-09-14T19:41:47.000+02:00,2024-09-14T20:22:33.000+02:00
661,Julien LE CLEC'H,FINISHER,M1 H,MALE,,2024-09-14T12:32:00.000+02:00,2024-09-14T13:14:54.000+02:00,2024-09-14T14:17:09.000+02:00,2024-09-14T16:02:36.000+02:00,2024-09-14T17:42:53.000+02:00,2024-09-14T19:44:45.000+02:00,2024-09-14T20:10:39.000+02:00
643,Iris KERAMBRUN,FINISHER,SE F,FEMALE,,2024-09-14T12:32:00.000+02:00,2024-09-14T13:18:53.000+02:00,2024-09-14T14:25:40.000+02:00,2024-09-14T16:03:48.000+02:00,2024-09-14T17:43:17.000+02:00,2024-09-14T19:48:46.000+02:00,2024-09-14T20:21:43.000+02:00
724,Jerome MOTAIS,FINISHER,M2 H,MALE,,2024-09-14T12:32:00.000+02:00,2024-09-14T13:09:32.000+02:00,2024-09-14T14:01:16.000+02:00,2024-09-14T15:41:44.000+02:00,2024-09-14T17:32:24.000+02:00,2024-09-14T19:46:35.000+02:00,2024-09-14T20:50:41.000+02:00
613,Alexis GOUIN,FINISHER,M0 H,MALE,,2024-09-14T12:32:00.000+02:00,2024-09-14T13:19:24.000+02:00,2024-09-14T14:22:55.000+02:00,2024-09-14T16:10:54.000+02:00,2024-09-14T17:45:17.000+02:00,2024-09-14T19:50:43.000+02:00,2024-09-14T20:35:47.000+02:00
544,Alexandre BURBAN,FINISHER,SE H,MALE,,2024-09-14T12:32:00.000+02:00,2024-09-14T13:19:08.000+02:00,2024-09-14T14:32:44.000+02:00,2024-09-14T16:14:10.000+02:00,2024-09-14T17:50:54.000+02:00,2024-09-14T19:50:59.000+02:00,2024-09-14T20:19:13.000+02:00
774,Charlotte SAVARY,FINISHER,SE F,FEMALE,,2024-09-14T12:32:00.000+02:00,2024-09-14T13:19:53.000+02:00,2024-09-14T14:27:00.000+02:00,2024-09-14T16:09:14.000+02:00,2024-09-14T17:54:30.000+02:00,2024-09-14T19:53:57.000+02:00,2024-09-14T20:09:31.000+02:00
759,Adrien RIOU,FINISHER,SE H,MALE,,2024-09-14T12:32:00.000+02:00,2024-09-14T13:20:21.000+02:00,2024-09-14T14:27:26.000+02:00,2024-09-14T16:31:03.000+02:00,2024-09-14T18:55:26.000+02:00,,2024-09-14T20:10:05.000+02:00
671,Sébastien LE GALL,FINISHER,M0 H,MALE,,2024-09-14T12:32:00.000+02:00,2024-09-14T13:14:24.000+02:00,2024-09-14T14:08:54.000+02:00,2024-09-14T16:02:06.000+02:00,2024-09-14T17:38:33.000+02:00,2024-09-14T19:56:00.000+02:00,2024-09-14T20:42:34.000+02:00
757,Patrick REIGNÉ,FINISHER,M4 H,MALE,,2024-09-14T12:32:00.000+02:00,2024-09-14T13:19:45.000+02:00,2024-09-14T14:22:17.000+02:00,2024-09-14T16:04:13.000+02:00,2024-09-14T17:45:39.000+02:00,2024-09-14T19:57:52.000+02:00,2024-09-14T20:22:14.000+02:00
590,Félix DU PONT,FINISHER,SE H,MALE,,2024-09-14T12:32:00.000+02:00,2024-09-14T13:16:39.000+02:00,2024-09-14T14:21:23.000+02:00,2024-09-14T16:14:36.000+02:00,2024-09-14T18:01:32.000+02:00,2024-09-14T19:58:59.000+02:00,2024-09-14T20:33:14.000+02:00
562,David CHEVILLARD,FINISHER,M1 H,MALE,,2024-09-14T12:32:00.000+02:00,2024-09-14T13:19:03.000+02:00,2024-09-14T14:18:08.000+02:00,2024-09-14T16:10:18.000+02:00,2024-09-14T17:48:51.000+02:00,2024-09-14T19:54:54.000+02:00,2024-09-14T20:21:41.000+02:00
570,Laetitia COLOMBERO,FINISHER,M1 F,FEMALE,,2024-09-14T12:32:00.000+02:00,2024-09-14T13:18:50.000+02:00,2024-09-14T14:22:55.000+02:00,2024-09-14T16:18:53.000+02:00,2024-09-14T17:55:45.000+02:00,2024-09-14T19:59:23.000+02:00,2024-09-14T20:28:52.000+02:00
525,Antoine BLOUCH,FINISHER,M1 H,MALE,,2024-09-14T12:32:00.000+02:00,2024-09-14T13:19:26.000+02:00,2024-09-14T14:23:12.000+02:00,2024-09-14T16:11:39.000+02:00,2024-09-14T17:44:52.000+02:00,2024-09-14T19:54:59.000+02:00,2024-09-14T20:35:51.000+02:00
648,Stephane LAIZET,FINISHER,M3 H,MALE,,2024-09-14T12:32:00.000+02:00,2024-09-14T13:15:01.000+02:00,2024-09-14T14:16:20.000+02:00,2024-09-14T16:09:53.000+02:00,2024-09-14T17:51:44.000+02:00,2024-09-14T20:01:01.000+02:00,2024-09-14T20:33:14.000+02:00
618,Manon GOURVENNEC,FINISHER,SE F,FEMALE,,2024-09-14T12:32:00.000+02:00,2024-09-14T13:20:22.000+02:00,2024-09-14T14:27:30.000+02:00,2024-09-14T16:15:06.000+02:00,2024-09-14T17:55:09.000+02:00,2024-09-14T20:01:16.000+02:00,2024-09-14T20:19:23.000+02:00
535,Francois BOURET,FINISHER,M2 H,MALE,,2024-09-14T12:32:00.000+02:00,2024-09-14T13:17:33.000+02:00,2024-09-14T14:17:10.000+02:00,2024-09-14T16:01:32.000+02:00,2024-09-14T17:46:51.000+02:00,2024-09-14T20:00:00.000+02:00,2024-09-14T20:32:16.000+02:00
743,Jean-François PICARD,FINISHER,M2 H,MALE,,2024-09-14T12:32:00.000+02:00,2024-09-14T13:10:47.000+02:00,2024-09-14T14:08:08.000+02:00,2024-09-14T15:57:49.000+02:00,2024-09-14T17:41:08.000+02:00,2024-09-14T20:00:47.000+02:00,2024-09-14T20:32:21.000+02:00
723,Olga MORVAN,FINISHER,M1 F,FEMALE,,2024-09-14T12:32:00.000+02:00,2024-09-14T13:20:06.000+02:00,2024-09-14T14:25:09.000+02:00,2024-09-14T16:10:32.000+02:00,2024-09-14T18:00:23.000+02:00,2024-09-14T20:07:35.000+02:00,2024-09-14T20:42:09.000+02:00
683,Gwenolé LE MOUILLOUR,FINISHER,M2 H,MALE,,2024-09-14T12:32:00.000+02:00,2024-09-14T13:17:20.000+02:00,2024-09-14T14:18:45.000+02:00,2024-09-14T15:53:58.000+02:00,2024-09-14T17:38:29.000+02:00,2024-09-14T20:04:14.000+02:00,2024-09-14T20:23:59.000+02:00
598,Kévin FAVEREAU,FINISHER,M0 H,MALE,,2024-09-14T12:32:00.000+02:00,2024-09-14T13:13:51.000+02:00,2024-09-14T14:08:14.000+02:00,2024-09-14T15:53:18.000+02:00,2024-09-14T17:54:12.000+02:00,2024-09-14T20:05:55.000+02:00,2024-09-14T22:05:04.000+02:00
537,Thibaut BOURJAILLAT,FINISHER,M2 H,MALE,,2024-09-14T12:32:00.000+02:00,2024-09-14T13:10:49.000+02:00,2024-09-14T14:02:27.000+02:00,2024-09-14T15:49:10.000+02:00,2024-09-14T17:37:14.000+02:00,2024-09-14T20:05:45.000+02:00,2024-09-14T20:33:12.000+02:00
556,Sylvain CHANTREAU,FINISHER,M0 H,MALE,,2024-09-14T12:32:00.000+02:00,2024-09-14T13:13:52.000+02:00,2024-09-14T14:08:18.000+02:00,2024-09-14T15:53:05.000+02:00,2024-09-14T17:54:37.000+02:00,2024-09-14T20:05:55.000+02:00,2024-09-14T22:04:50.000+02:00
609,Marilou GODINHO,FINISHER,SE F,FEMALE,,2024-09-14T12:32:00.000+02:00,2024-09-14T13:21:32.000+02:00,2024-09-14T14:30:33.000+02:00,2024-09-14T16:15:09.000+02:00,2024-09-14T17:59:13.000+02:00,2024-09-14T20:05:55.000+02:00,2024-09-14T20:24:59.000+02:00
605,Christophe GEFFROY,FINISHER,M2 H,MALE,,2024-09-14T12:32:00.000+02:00,,2024-09-14T14:19:16.000+02:00,2024-09-14T16:07:20.000+02:00,2024-09-14T17:55:06.000+02:00,2024-09-14T20:07:20.000+02:00,2024-09-14T20:47:41.000+02:00
580,Linda DE LA ROCHEFORDIÈRE,FINISHER,M1 F,FEMALE,,2024-09-14T12:32:00.000+02:00,2024-09-14T13:22:29.000+02:00,2024-09-14T14:30:36.000+02:00,2024-09-14T16:32:34.000+02:00,2024-09-14T18:06:05.000+02:00,2024-09-14T20:11:21.000+02:00,2024-09-14T20:26:52.000+02:00
604,Typhanie GARNIER,FINISHER,SE F,FEMALE,,2024-09-14T12:32:00.000+02:00,2024-09-14T13:17:18.000+02:00,2024-09-14T14:17:11.000+02:00,2024-09-14T16:08:35.000+02:00,2024-09-14T17:54:12.000+02:00,2024-09-14T20:07:40.000+02:00,2024-09-14T20:29:10.000+02:00
672,Brieuc LE GALL,FINISHER,SE H,MALE,,2024-09-14T12:32:00.000+02:00,2024-09-14T13:14:52.000+02:00,2024-09-14T14:13:23.000+02:00,2024-09-14T15:45:46.000+02:00,2024-09-14T17:15:46.000+02:00,2024-09-14T20:06:08.000+02:00,2024-09-14T20:28:29.000+02:00
673,Guirec LE GALL,FINISHER,SE H,MALE,,2024-09-14T12:32:00.000+02:00,2024-09-14T13:19:55.000+02:00,2024-09-14T14:20:52.000+02:00,2024-09-14T15:53:50.000+02:00,2024-09-14T17:34:01.000+02:00,2024-09-14T20:06:06.000+02:00,2024-09-14T20:47:33.000+02:00
682,Andreas LE MOUEL,FINISHER,SE H,MALE,,2024-09-14T12:32:00.000+02:00,2024-09-14T13:19:00.000+02:00,2024-09-14T14:26:31.000+02:00,2024-09-14T16:07:54.000+02:00,2024-09-14T17:50:13.000+02:00,2024-09-14T20:09:28.000+02:00,2024-09-14T20:48:24.000+02:00
548,Fabrice CAILLEAU,FINISHER,M3 H,MALE,,2024-09-14T12:32:00.000+02:00,2024-09-14T13:11:49.000+02:00,2024-09-14T14:08:50.000+02:00,2024-09-14T16:01:00.000+02:00,2024-09-14T17:47:51.000+02:00,2024-09-14T20:11:39.000+02:00,2024-09-14T20:43:06.000+02:00
549,Alexandre CARIOU,FINISHER,M1 H,MALE,,2024-09-14T12:32:00.000+02:00,2024-09-14T13:19:22.000+02:00,2024-09-14T14:22:14.000+02:00,2024-09-14T16:08:34.000+02:00,2024-09-14T18:00:38.000+02:00,2024-09-14T20:14:17.000+02:00,2024-09-14T20:30:38.000+02:00
726,Baptiste MUZELLEC,FINISHER,M0 H,MALE,,2024-09-14T12:32:00.000+02:00,2024-09-14T13:15:42.000+02:00,2024-09-14T14:16:34.000+02:00,2024-09-14T16:19:07.000+02:00,2024-09-14T17:58:10.000+02:00,2024-09-14T20:11:51.000+02:00,2024-09-14T20:37:45.000+02:00
505,Florian APPERE,FINISHER,M0 H,MALE,,2024-09-14T12:32:00.000+02:00,2024-09-14T13:15:44.000+02:00,2024-09-14T14:16:35.000+02:00,2024-09-14T16:18:20.000+02:00,2024-09-14T17:58:14.000+02:00,2024-09-14T20:11:46.000+02:00,2024-09-14T20:38:23.000+02:00
802,Ludwig ZIMMERMANN,FINISHER,SE H,MALE,,2024-09-14T12:32:00.000+02:00,2024-09-14T13:10:40.000+02:00,2024-09-14T14:05:50.000+02:00,2024-09-14T15:55:14.000+02:00,2024-09-14T17:52:14.000+02:00,2024-09-14T20:11:50.000+02:00,2024-09-14T20:35:06.000+02:00
608,Damien GLIDIC,FINISHER,SE H,MALE,,2024-09-14T12:32:00.000+02:00,2024-09-14T13:10:50.000+02:00,2024-09-14T14:06:33.000+02:00,2024-09-14T15:54:50.000+02:00,2024-09-14T17:56:45.000+02:00,2024-09-14T20:14:58.000+02:00,2024-09-14T20:48:39.000+02:00
736,Stephane PERON,FINISHER,M1 H,MALE,,2024-09-14T12:32:00.000+02:00,2024-09-14T13:16:58.000+02:00,2024-09-14T14:16:52.000+02:00,2024-09-14T15:55:08.000+02:00,2024-09-14T17:41:17.000+02:00,2024-09-14T20:11:05.000+02:00,2024-09-14T20:52:35.000+02:00
509,François Xavier BARBIER,FINISHER,M2 H,MALE,,2024-09-14T12:32:00.000+02:00,2024-09-14T13:18:03.000+02:00,2024-09-14T14:19:37.000+02:00,2024-09-14T16:03:56.000+02:00,2024-09-14T18:11:45.000+02:00,2024-09-14T20:17:22.000+02:00,2024-09-14T20:45:03.000+02:00
733,Nicolas PENNEC,FINISHER,M1 H,MALE,,2024-09-14T12:32:00.000+02:00,2024-09-14T13:18:51.000+02:00,2024-09-14T14:19:05.000+02:00,2024-09-14T16:29:53.000+02:00,2024-09-14T18:10:42.000+02:00,2024-09-14T20:18:33.000+02:00,2024-09-14T20:39:19.000+02:00
504,Philippe ANGIBAUD,FINISHER,M4 H,MALE,,2024-09-14T12:32:00.000+02:00,2024-09-14T13:16:20.000+02:00,,2024-09-14T16:03:10.000+02:00,2024-09-14T18:00:06.000+02:00,2024-09-14T20:12:32.000+02:00,2024-09-14T20:40:38.000+02:00
663,Kévin LE CORRE,FINISHER,M0 H,MALE,,2024-09-14T12:32:00.000+02:00,2024-09-14T13:13:55.000+02:00,2024-09-14T14:09:53.000+02:00,2024-09-14T15:56:39.000+02:00,2024-09-14T17:46:14.000+02:00,2024-09-14T20:15:17.000+02:00,2024-09-14T22:19:10.000+02:00
790,Guillaume TRÉCAN,FINISHER,M2 H,MALE,,2024-09-14T12:32:00.000+02:00,,2024-09-14T14:15:43.000+02:00,2024-09-14T15:54:43.000+02:00,2024-09-14T18:04:00.000+02:00,2024-09-14T20:16:47.000+02:00,2024-09-14T20:38:45.000+02:00
761,Charline RIVOAL,FINISHER,M0 F,FEMALE,,2024-09-14T12:32:00.000+02:00,2024-09-14T13:18:07.000+02:00,2024-09-14T14:24:27.000+02:00,2024-09-14T16:04:49.000+02:00,2024-09-14T18:02:38.000+02:00,2024-09-14T20:19:32.000+02:00,2024-09-14T21:02:18.000+02:00
646,Lucie KONDOR,FINISHER,SE F,FEMALE,,2024-09-14T12:32:00.000+02:00,2024-09-14T13:16:29.000+02:00,2024-09-14T14:20:03.000+02:00,2024-09-14T16:10:18.000+02:00,2024-09-14T18:02:26.000+02:00,2024-09-14T20:20:00.000+02:00,2024-09-14T20:38:42.000+02:00
701,Benoit LOREC,FINISHER,M0 H,MALE,,2024-09-14T12:32:00.000+02:00,2024-09-14T13:10:52.000+02:00,2024-09-14T14:07:29.000+02:00,2024-09-14T16:03:17.000+02:00,2024-09-14T18:03:44.000+02:00,2024-09-14T20:16:57.000+02:00,2024-09-14T20:38:44.000+02:00
689,Jacques LE ROUX,FINISHER,M4 H,MALE,,2024-09-14T12:32:00.000+02:00,2024-09-14T13:23:01.000+02:00,2024-09-14T14:28:51.000+02:00,2024-09-14T16:15:15.000+02:00,2024-09-14T17:55:21.000+02:00,2024-09-14T20:20:14.000+02:00,2024-09-14T20:38:57.000+02:00
571,Pierre-Antoine COUPU,FINISHER,M0 H,MALE,,2024-09-14T12:32:00.000+02:00,2024-09-14T13:20:23.000+02:00,2024-09-14T14:27:00.000+02:00,2024-09-14T16:12:34.000+02:00,2024-09-14T17:59:23.000+02:00,2024-09-14T20:21:52.000+02:00,2024-09-14T20:41:37.000+02:00
675,Ludovic LE GROS,FINISHER,M1 H,MALE,,2024-09-14T12:32:00.000+02:00,2024-09-14T13:18:56.000+02:00,2024-09-14T14:26:37.000+02:00,2024-09-14T16:25:47.000+02:00,2024-09-14T18:09:48.000+02:00,2024-09-14T20:20:38.000+02:00,2024-09-14T21:01:30.000+02:00
651,Servane LAUWICK,FINISHER,SE F,FEMALE,,2024-09-14T12:32:00.000+02:00,2024-09-14T13:23:44.000+02:00,2024-09-14T14:33:03.000+02:00,2024-09-14T16:23:15.000+02:00,2024-09-14T18:06:44.000+02:00,2024-09-14T20:26:33.000+02:00,2024-09-14T20:56:26.000+02:00
625,Manon GUILLOU,FINISHER,SE F,FEMALE,,2024-09-14T12:32:00.000+02:00,2024-09-14T13:13:54.000+02:00,2024-09-14T14:09:57.000+02:00,2024-09-14T15:48:31.000+02:00,2024-09-14T17:39:07.000+02:00,2024-09-14T20:25:55.000+02:00,2024-09-14T20:46:37.000+02:00
787,Thibaud THOMAS,FINISHER,SE H,MALE,,2024-09-14T12:32:00.000+02:00,2024-09-14T13:19:39.000+02:00,2024-09-14T14:25:45.000+02:00,2024-09-14T16:10:33.000+02:00,2024-09-14T18:03:39.000+02:00,2024-09-14T20:19:41.000+02:00,2024-09-14T21:06:49.000+02:00
591,Camille DURAND,FINISHER,SE H,MALE,,2024-09-14T12:32:00.000+02:00,2024-09-14T13:19:12.000+02:00,2024-09-14T14:22:46.000+02:00,2024-09-14T15:57:01.000+02:00,2024-09-14T17:43:43.000+02:00,2024-09-14T20:19:44.000+02:00,2024-09-14T20:58:23.000+02:00
762,Blandine ROGEL,FINISHER,M0 F,FEMALE,,2024-09-14T12:32:00.000+02:00,2024-09-14T13:16:56.000+02:00,2024-09-14T14:28:48.000+02:00,2024-09-14T16:19:47.000+02:00,2024-09-14T18:16:58.000+02:00,2024-09-14T20:32:29.000+02:00,2024-09-14T20:53:51.000+02:00
716,Patrice MIDY,FINISHER,M3 H,MALE,,2024-09-14T12:32:00.000+02:00,2024-09-14T13:19:14.000+02:00,2024-09-14T14:20:37.000+02:00,2024-09-14T16:06:23.000+02:00,2024-09-14T18:07:27.000+02:00,2024-09-14T20:30:18.000+02:00,2024-09-14T20:53:17.000+02:00
731,Patrick PAULUS,FINISHER,M3 H,MALE,,2024-09-14T12:32:00.000+02:00,2024-09-14T13:24:24.000+02:00,2024-09-14T14:32:50.000+02:00,2024-09-14T16:23:52.000+02:00,2024-09-14T18:18:17.000+02:00,2024-09-14T20:29:19.000+02:00,2024-09-14T20:50:35.000+02:00
502,Romaric ADVIELLE-DEVIS,FINISHER,M0 H,MALE,,2024-09-14T12:32:00.000+02:00,2024-09-14T13:17:47.000+02:00,2024-09-14T14:21:24.000+02:00,2024-09-14T16:18:22.000+02:00,2024-09-14T18:00:06.000+02:00,2024-09-14T20:29:15.000+02:00,2024-09-14T22:28:48.000+02:00
679,Frederic LEMAITRE,FINISHER,SE H,MALE,,2024-09-14T12:32:00.000+02:00,2024-09-14T13:14:58.000+02:00,2024-09-14T14:19:48.000+02:00,2024-09-14T16:18:45.000+02:00,2024-09-14T18:16:14.000+02:00,2024-09-14T20:33:04.000+02:00,2024-09-14T21:02:19.000+02:00
703,Fabien LUCAS,FINISHER,SE H,MALE,,2024-09-14T12:32:00.000+02:00,2024-09-14T13:18:57.000+02:00,2024-09-14T14:26:36.000+02:00,2024-09-14T16:28:31.000+02:00,2024-09-14T18:21:08.000+02:00,2024-09-14T20:36:15.000+02:00,2024-09-14T21:01:47.000+02:00
696,Clement LE STRAT,FINISHER,SE H,MALE,,2024-09-14T12:32:00.000+02:00,2024-09-14T13:15:09.000+02:00,2024-09-14T14:13:16.000+02:00,2024-09-14T16:07:51.000+02:00,2024-09-14T18:07:56.000+02:00,2024-09-14T20:41:47.000+02:00,2024-09-14T21:08:45.000+02:00
711,Sylvain MASSON,FINISHER,M2 H,MALE,,2024-09-14T12:32:00.000+02:00,2024-09-14T13:23:37.000+02:00,2024-09-14T14:32:15.000+02:00,2024-09-14T16:36:32.000+02:00,2024-09-14T18:22:23.000+02:00,2024-09-14T20:44:47.000+02:00,2024-09-14T21:02:19.000+02:00
794,Gwendal TROADEC,FINISHER,SE H,MALE,,2024-09-14T12:32:00.000+02:00,2024-09-14T13:17:33.000+02:00,2024-09-14T14:19:56.000+02:00,2024-09-14T16:09:14.000+02:00,2024-09-14T18:05:13.000+02:00,2024-09-14T20:37:53.000+02:00,2024-09-14T21:02:32.000+02:00
690,LE ROUX Valentin,FINISHER,SE H,MALE,,2024-09-14T12:32:00.000+02:00,2024-09-14T13:18:14.000+02:00,2024-09-14T14:27:09.000+02:00,2024-09-14T16:14:51.000+02:00,2024-09-14T18:23:19.000+02:00,2024-09-14T20:43:50.000+02:00,2024-09-14T21:02:47.000+02:00
529,Antoine BONNIN,FINISHER,M0 H,MALE,,2024-09-14T12:32:00.000+02:00,2024-09-14T13:21:56.000+02:00,,2024-09-14T16:18:59.000+02:00,2024-09-14T18:22:32.000+02:00,2024-09-14T20:40:37.000+02:00,2024-09-14T21:03:50.000+02:00
632,Mickael HERY,FINISHER,M1 H,MALE,,2024-09-14T12:32:00.000+02:00,2024-09-14T13:20:02.000+02:00,2024-09-14T14:22:21.000+02:00,2024-09-14T16:28:40.000+02:00,2024-09-14T18:25:40.000+02:00,2024-09-14T20:43:23.000+02:00,2024-09-14T21:04:22.000+02:00
541,Jérémy BRIOT,FINISHER,M1 H,MALE,,2024-09-14T12:32:00.000+02:00,2024-09-14T13:20:46.000+02:00,2024-09-14T14:29:02.000+02:00,2024-09-14T16:27:48.000+02:00,2024-09-14T18:24:40.000+02:00,2024-09-14T20:46:08.000+02:00,2024-09-14T21:09:06.000+02:00
531,Laura BOSSUT,FINISHER,SE F,FEMALE,,2024-09-14T12:32:00.000+02:00,2024-09-14T13:24:22.000+02:00,2024-09-14T14:37:53.000+02:00,2024-09-14T16:35:30.000+02:00,2024-09-14T18:27:54.000+02:00,2024-09-14T20:49:15.000+02:00,2024-09-14T22:13:29.000+02:00
514,Adeline BERNIER,FINISHER,M1 F,FEMALE,,2024-09-14T12:32:00.000+02:00,2024-09-14T13:18:27.000+02:00,2024-09-14T14:25:45.000+02:00,2024-09-14T16:38:29.000+02:00,2024-09-14T18:25:45.000+02:00,2024-09-14T20:46:28.000+02:00,2024-09-14T21:09:24.000+02:00
688,Fabien LE ROCH,FINISHER,SE H,MALE,,2024-09-14T12:32:00.000+02:00,2024-09-14T13:15:27.000+02:00,2024-09-14T14:19:09.000+02:00,2024-09-14T16:12:46.000+02:00,2024-09-14T18:25:03.000+02:00,2024-09-14T20:47:19.000+02:00,2024-09-14T21:09:27.000+02:00
653,Gwenaël LE BARON,FINISHER,M1 H,MALE,,2024-09-14T12:32:00.000+02:00,2024-09-14T13:19:01.000+02:00,2024-09-14T14:38:01.000+02:00,2024-09-14T16:33:29.000+02:00,2024-09-14T18:42:48.000+02:00,2024-09-14T20:52:16.000+02:00,2024-09-14T21:18:23.000+02:00
800,Antoine VRETMAN,FINISHER,SE H,MALE,,2024-09-14T12:32:00.000+02:00,2024-09-14T13:22:52.000+02:00,2024-09-14T14:31:22.000+02:00,2024-09-14T16:30:52.000+02:00,2024-09-14T18:28:37.000+02:00,2024-09-14T20:52:20.000+02:00,2024-09-14T21:18:40.000+02:00
717,Nadine MISKO,FINISHER,M2 F,FEMALE,,2024-09-14T12:32:00.000+02:00,2024-09-14T13:20:11.000+02:00,2024-09-14T14:25:54.000+02:00,2024-09-14T16:22:24.000+02:00,2024-09-14T18:48:01.000+02:00,2024-09-14T20:55:39.000+02:00,2024-09-14T21:56:02.000+02:00
624,Pierre GUENANTIN,FINISHER,SE H,MALE,,2024-09-14T12:32:00.000+02:00,2024-09-14T13:21:43.000+02:00,2024-09-14T14:32:40.000+02:00,2024-09-14T16:21:49.000+02:00,2024-09-14T18:50:56.000+02:00,2024-09-14T20:58:21.000+02:00,2024-09-14T21:16:07.000+02:00
705,Yves MAGUET,FINISHER,M3 H,MALE,,2024-09-14T12:32:00.000+02:00,2024-09-14T13:17:00.000+02:00,2024-09-14T14:17:03.000+02:00,2024-09-14T16:18:02.000+02:00,2024-09-14T18:31:10.000+02:00,2024-09-14T21:01:09.000+02:00,2024-09-14T21:17:04.000+02:00
614,Justine GOURAIN,FINISHER,SE F,FEMALE,,2024-09-14T12:32:00.000+02:00,2024-09-14T13:23:40.000+02:00,2024-09-14T14:32:59.000+02:00,2024-09-14T16:35:42.000+02:00,2024-09-14T18:24:50.000+02:00,2024-09-14T21:01:19.000+02:00,2024-09-14T21:27:58.000+02:00
734,Baptiste PENNEC,FINISHER,M0 H,MALE,,2024-09-14T12:32:00.000+02:00,2024-09-14T13:15:45.000+02:00,2024-09-14T14:19:41.000+02:00,2024-09-14T16:15:38.000+02:00,2024-09-14T18:23:56.000+02:00,2024-09-14T21:03:47.000+02:00,2024-09-14T21:27:56.000+02:00
506,Emilie ARNAUD,FINISHER,M1 F,FEMALE,,2024-09-14T12:32:00.000+02:00,2024-09-14T13:25:44.000+02:00,2024-09-14T14:44:13.000+02:00,2024-09-14T16:45:36.000+02:00,2024-09-14T18:51:11.000+02:00,2024-09-14T21:06:06.000+02:00,2024-09-14T21:24:20.000+02:00
707,Anne-Lise MAHÉ,FINISHER,M2 F,FEMALE,,2024-09-14T12:32:00.000+02:00,2024-09-14T13:24:47.000+02:00,2024-09-14T14:34:06.000+02:00,2024-09-14T16:54:16.000+02:00,2024-09-14T18:46:24.000+02:00,2024-09-14T21:07:09.000+02:00,2024-09-14T21:44:10.000+02:00
706,Henri MAHE,FINISHER,M3 H,MALE,,2024-09-14T12:32:00.000+02:00,2024-09-14T13:24:44.000+02:00,2024-09-14T14:34:07.000+02:00,2024-09-14T16:59:00.000+02:00,2024-09-14T18:47:24.000+02:00,2024-09-14T21:07:08.000+02:00,2024-09-14T21:42:39.000+02:00
634,Francois JACOPIN,FINISHER,M1 H,MALE,,2024-09-14T12:32:00.000+02:00,2024-09-14T13:21:10.000+02:00,2024-09-14T14:32:24.000+02:00,2024-09-14T16:38:07.000+02:00,2024-09-14T18:44:04.000+02:00,2024-09-14T21:05:59.000+02:00,2024-09-14T21:33:14.000+02:00
620,Sandrine GUEGAN,FINISHER,M3 F,FEMALE,,2024-09-14T12:32:00.000+02:00,2024-09-14T13:27:50.000+02:00,2024-09-14T14:40:57.000+02:00,2024-09-14T16:43:42.000+02:00,2024-09-14T18:38:10.000+02:00,2024-09-14T21:05:52.000+02:00,2024-09-14T21:25:37.000+02:00
735,Jonathan PERAN,FINISHER,M1 H,MALE,,2024-09-14T12:32:00.000+02:00,2024-09-14T13:17:28.000+02:00,2024-09-14T14:18:49.000+02:00,2024-09-14T15:57:27.000+02:00,2024-09-14T17:54:21.000+02:00,,2024-09-14T21:25:39.000+02:00
565,Celine CLEMENT,FINISHER,M0 F,FEMALE,,2024-09-14T12:32:00.000+02:00,2024-09-14T13:19:47.000+02:00,2024-09-14T14:31:44.000+02:00,2024-09-14T16:35:30.000+02:00,2024-09-14T18:38:37.000+02:00,2024-09-14T21:07:56.000+02:00,2024-09-14T21:28:39.000+02:00
641,Samuel JOUEN,FINISHER,M2 H,MALE,,2024-09-14T12:32:00.000+02:00,2024-09-14T13:17:45.000+02:00,2024-09-14T14:19:14.000+02:00,2024-09-14T16:11:16.000+02:00,2024-09-14T18:28:10.000+02:00,2024-09-14T21:06:09.000+02:00,2024-09-14T21:45:45.000+02:00
730,Frédéric PANNEKEET,FINISHER,M1 H,MALE,,2024-09-14T12:32:00.000+02:00,2024-09-14T13:18:44.000+02:00,2024-09-14T14:28:06.000+02:00,2024-09-14T16:49:47.000+02:00,2024-09-14T18:39:32.000+02:00,2024-09-14T21:09:44.000+02:00,2024-09-14T21:29:55.000+02:00
555,Yoann CHAGNAUD,FINISHER,M1 H,MALE,,2024-09-14T12:32:00.000+02:00,2024-09-14T13:18:43.000+02:00,2024-09-14T14:27:43.000+02:00,2024-09-14T16:26:26.000+02:00,2024-09-14T18:38:57.000+02:00,2024-09-14T21:09:43.000+02:00,2024-09-14T21:29:57.000+02:00
569,Marc COLLET,FINISHER,M3 H,MALE,,2024-09-14T12:32:00.000+02:00,2024-09-14T13:18:46.000+02:00,2024-09-14T14:28:03.000+02:00,2024-09-14T16:26:37.000+02:00,2024-09-14T18:39:29.000+02:00,2024-09-14T21:09:45.000+02:00,2024-09-14T21:29:59.000+02:00
656,Jean-Marc LE BERRE,FINISHER,M3 H,MALE,,2024-09-14T12:32:00.000+02:00,2024-09-14T13:21:23.000+02:00,2024-09-14T14:33:20.000+02:00,2024-09-14T16:34:34.000+02:00,2024-09-14T18:43:53.000+02:00,2024-09-14T21:11:07.000+02:00,2024-09-14T21:49:16.000+02:00
644,Gerald KERSALE,FINISHER,M5 H,MALE,,2024-09-14T12:32:00.000+02:00,2024-09-14T13:24:40.000+02:00,2024-09-14T14:37:23.000+02:00,2024-09-14T16:52:41.000+02:00,2024-09-14T18:45:03.000+02:00,2024-09-14T21:12:37.000+02:00,2024-09-14T21:32:26.000+02:00
676,Clément LE HIR,FINISHER,M0 H,MALE,,2024-09-14T12:32:00.000+02:00,2024-09-14T13:24:33.000+02:00,2024-09-14T14:33:56.000+02:00,2024-09-14T16:34:30.000+02:00,2024-09-14T18:47:41.000+02:00,2024-09-14T21:14:50.000+02:00,2024-09-14T21:49:45.000+02:00
630,Frédéric HENRY,FINISHER,M2 H,MALE,,2024-09-14T12:32:00.000+02:00,2024-09-14T13:31:49.000+02:00,2024-09-14T14:46:38.000+02:00,2024-09-14T16:45:38.000+02:00,2024-09-14T18:40:06.000+02:00,2024-09-14T21:10:13.000+02:00,2024-09-14T21:34:34.000+02:00
804,Lauriannne DINAM,FINISHER,M0 F,FEMALE,,2024-09-14T12:32:00.000+02:00,2024-09-14T13:22:07.000+02:00,2024-09-14T14:35:29.000+02:00,2024-09-14T16:31:46.000+02:00,2024-09-14T18:48:00.000+02:00,2024-09-14T21:14:30.000+02:00,2024-09-14T21:35:57.000+02:00
738,Marina PERRON,FINISHER,M2 F,FEMALE,,2024-09-14T12:32:00.000+02:00,2024-09-14T13:22:08.000+02:00,2024-09-14T14:35:27.000+02:00,2024-09-14T16:53:45.000+02:00,2024-09-14T18:48:04.000+02:00,2024-09-14T21:14:29.000+02:00,2024-09-14T21:37:38.000+02:00
803,Raphael DOUBLET,FINISHER,SE H,MALE,,2024-09-14T12:32:00.000+02:00,2024-09-14T13:26:57.000+02:00,2024-09-14T14:37:13.000+02:00,2024-09-14T16:39:33.000+02:00,2024-09-14T18:46:25.000+02:00,2024-09-14T21:15:03.000+02:00,2024-09-14T21:37:36.000+02:00
693,Benoit LEROYER,FINISHER,M3 H,MALE,,2024-09-14T12:32:00.000+02:00,2024-09-14T13:26:57.000+02:00,2024-09-14T14:37:13.000+02:00,2024-09-14T16:39:33.000+02:00,2024-09-14T18:53:05.000+02:00,2024-09-14T21:15:03.000+02:00,2024-09-14T22:09:12.000+02:00
601,Jean-Malo FRANGEUL,FINISHER,SE H,MALE,,2024-09-14T12:32:00.000+02:00,2024-09-14T13:26:59.000+02:00,2024-09-14T14:49:14.000+02:00,2024-09-14T16:39:34.000+02:00,2024-09-14T18:53:42.000+02:00,2024-09-14T21:15:04.000+02:00,2024-09-14T21:37:37.000+02:00
783,Lancelot TANGUY,FINISHER,M1 H,MALE,,2024-09-14T12:32:00.000+02:00,2024-09-14T13:16:43.000+02:00,2024-09-14T14:24:02.000+02:00,2024-09-14T16:36:06.000+02:00,2024-09-14T18:36:01.000+02:00,2024-09-14T21:14:56.000+02:00,2024-09-14T22:07:26.000+02:00
770,Olivier SALLOU,FINISHER,M3 H,MALE,,2024-09-14T12:32:00.000+02:00,2024-09-14T13:17:16.000+02:00,2024-09-14T14:23:35.000+02:00,2024-09-14T16:39:29.000+02:00,2024-09-14T18:37:11.000+02:00,2024-09-14T21:18:37.000+02:00,2024-09-14T21:45:13.000+02:00
680,Paul LE MANACH,FINISHER,M4 H,MALE,,2024-09-14T12:32:00.000+02:00,2024-09-14T13:24:27.000+02:00,2024-09-14T14:28:11.000+02:00,2024-09-14T16:27:16.000+02:00,2024-09-14T18:27:35.000+02:00,2024-09-14T21:19:36.000+02:00,2024-09-14T21:56:11.000+02:00
627,Jérémy GUILMOTO,FINISHER,SE H,MALE,,2024-09-14T12:32:00.000+02:00,2024-09-14T13:20:00.000+02:00,2024-09-14T14:32:51.000+02:00,2024-09-14T16:39:15.000+02:00,2024-09-14T18:38:17.000+02:00,2024-09-14T21:23:18.000+02:00,2024-09-14T21:50:31.000+02:00
545,Eddy CADET,FINISHER,SE H,MALE,,2024-09-14T12:32:00.000+02:00,2024-09-14T13:19:56.000+02:00,2024-09-14T14:28:39.000+02:00,2024-09-14T16:58:57.000+02:00,2024-09-14T18:53:57.000+02:00,2024-09-14T21:23:54.000+02:00,2024-09-14T22:22:46.000+02:00
528,Romain BONHOMME,FINISHER,M0 H,MALE,,2024-09-14T12:32:00.000+02:00,2024-09-14T13:20:29.000+02:00,2024-09-14T14:28:47.000+02:00,2024-09-14T16:59:05.000+02:00,2024-09-14T18:54:10.000+02:00,2024-09-14T21:23:55.000+02:00,2024-09-14T21:56:56.000+02:00
737,Baptiste PERRET,FINISHER,SE H,MALE,,2024-09-14T12:32:00.000+02:00,2024-09-14T13:20:08.000+02:00,2024-09-14T14:23:11.000+02:00,2024-09-14T16:51:48.000+02:00,2024-09-14T18:48:10.000+02:00,2024-09-14T21:26:37.000+02:00,2024-09-14T21:49:34.000+02:00
636,Julien JANIN,FINISHER,M0 H,MALE,,2024-09-14T12:32:00.000+02:00,2024-09-14T13:22:21.000+02:00,2024-09-14T14:29:45.000+02:00,2024-09-14T16:33:20.000+02:00,2024-09-14T18:39:16.000+02:00,2024-09-14T21:25:02.000+02:00,2024-09-14T21:49:43.000+02:00
510,Anthony BARBIN,FINISHER,M1 H,MALE,,2024-09-14T12:32:00.000+02:00,2024-09-14T13:14:48.000+02:00,2024-09-14T14:13:14.000+02:00,2024-09-14T16:55:33.000+02:00,2024-09-14T18:54:37.000+02:00,2024-09-14T21:32:30.000+02:00,2024-09-14T22:20:15.000+02:00
587,Sandra DOUAIS,FINISHER,M0 F,FEMALE,,2024-09-14T12:32:00.000+02:00,2024-09-14T13:25:17.000+02:00,2024-09-14T14:37:05.000+02:00,2024-09-14T16:49:10.000+02:00,2024-09-14T18:51:03.000+02:00,2024-09-14T21:32:26.000+02:00,2024-09-14T22:44:19.000+02:00
623,Patrice GUENANTIN,FINISHER,M4 H,MALE,,2024-09-14T12:32:00.000+02:00,2024-09-14T13:21:51.000+02:00,2024-09-14T14:32:50.000+02:00,2024-09-14T16:31:49.000+02:00,2024-09-14T18:52:06.000+02:00,2024-09-14T21:28:31.000+02:00,2024-09-14T22:01:35.000+02:00
574,Séverine CUZOU,FINISHER,M0 F,FEMALE,,2024-09-14T12:32:00.000+02:00,2024-09-14T13:26:18.000+02:00,2024-09-14T14:39:48.000+02:00,2024-09-14T16:48:38.000+02:00,2024-09-14T19:07:37.000+02:00,2024-09-14T21:35:50.000+02:00,2024-09-14T21:59:32.000+02:00
631,Damien HERAULT,FINISHER,M0 H,MALE,,2024-09-14T12:32:00.000+02:00,2024-09-14T13:26:36.000+02:00,,2024-09-14T17:01:14.000+02:00,2024-09-14T19:03:22.000+02:00,2024-09-14T21:35:54.000+02:00,2024-09-14T22:01:32.000+02:00
543,Alexis BUGEON,FINISHER,SE H,MALE,,2024-09-14T12:32:00.000+02:00,2024-09-14T13:26:16.000+02:00,2024-09-14T14:41:00.000+02:00,2024-09-14T16:59:44.000+02:00,2024-09-14T19:03:24.000+02:00,2024-09-14T21:35:57.000+02:00,2024-09-14T22:01:33.000+02:00
533,Jacques BOULEAU,FINISHER,M6 H,MALE,,2024-09-14T12:32:00.000+02:00,2024-09-14T13:26:56.000+02:00,,2024-09-14T16:53:20.000+02:00,2024-09-14T18:56:01.000+02:00,2024-09-14T21:42:41.000+02:00,2024-09-14T22:02:10.000+02:00
536,Julien BOURGEOIS,FINISHER,M1 H,MALE,,2024-09-14T12:32:00.000+02:00,2024-09-14T13:21:30.000+02:00,2024-09-14T14:30:42.000+02:00,2024-09-14T16:58:09.000+02:00,2024-09-14T19:02:35.000+02:00,2024-09-14T21:41:40.000+02:00,2024-09-14T22:19:06.000+02:00
579,DELAHAIE Antony,FINISHER,M2 H,MALE,,2024-09-14T12:32:00.000+02:00,2024-09-14T13:20:39.000+02:00,2024-09-14T14:29:55.000+02:00,2024-09-14T16:41:24.000+02:00,2024-09-14T19:12:10.000+02:00,2024-09-14T21:44:19.000+02:00,2024-09-14T22:50:26.000+02:00
654,Cyrille Gerard LEBEAU,FINISHER,M6 H,MALE,,2024-09-14T12:32:00.000+02:00,2024-09-14T13:32:55.000+02:00,2024-09-14T14:50:30.000+02:00,2024-09-14T17:23:45.000+02:00,2024-09-14T19:18:45.000+02:00,2024-09-14T21:51:00.000+02:00,2024-09-14T23:13:31.000+02:00
684,Julie LENTINI,FINISHER,M0 F,FEMALE,,2024-09-14T12:32:00.000+02:00,2024-09-14T13:27:18.000+02:00,2024-09-14T14:49:10.000+02:00,2024-09-14T16:48:41.000+02:00,2024-09-14T19:12:44.000+02:00,2024-09-14T21:44:16.000+02:00,2024-09-14T22:12:39.000+02:00
674,Sandrine LE GRATIET,FINISHER,M1 F,FEMALE,,2024-09-14T12:32:00.000+02:00,2024-09-14T13:27:47.000+02:00,2024-09-14T14:48:03.000+02:00,2024-09-14T17:23:21.000+02:00,2024-09-14T19:24:20.000+02:00,2024-09-14T21:52:43.000+02:00,2024-09-14T22:43:58.000+02:00
566,Anthony CLOUARD,FINISHER,M1 H,MALE,,2024-09-14T12:32:00.000+02:00,2024-09-14T13:26:54.000+02:00,2024-09-14T14:46:02.000+02:00,2024-09-14T17:13:55.000+02:00,2024-09-14T19:28:59.000+02:00,2024-09-14T21:51:59.000+02:00,2024-09-14T22:11:55.000+02:00
516,Franck BEYOU,FINISHER,M0 H,MALE,,2024-09-14T12:32:00.000+02:00,2024-09-14T13:17:49.000+02:00,2024-09-14T14:26:12.000+02:00,2024-09-14T16:40:49.000+02:00,2024-09-14T19:14:16.000+02:00,2024-09-14T21:53:36.000+02:00,2024-09-14T22:33:14.000+02:00
740,Marine PHILIP,FINISHER,M0 F,FEMALE,,2024-09-14T12:32:00.000+02:00,2024-09-14T13:24:29.000+02:00,2024-09-14T14:45:10.000+02:00,2024-09-14T16:55:12.000+02:00,2024-09-14T19:00:55.000+02:00,2024-09-14T21:51:20.000+02:00,2024-09-14T22:21:19.000+02:00
710,Yannis MARION,FINISHER,SE H,MALE,,2024-09-14T12:32:00.000+02:00,2024-09-14T13:25:03.000+02:00,2024-09-14T14:37:55.000+02:00,2024-09-14T17:06:05.000+02:00,2024-09-14T19:09:26.000+02:00,2024-09-14T21:53:23.000+02:00,2024-09-14T22:26:39.000+02:00
760,RIOU Coralie,FINISHER,M0 F,FEMALE,,2024-09-14T12:32:00.000+02:00,2024-09-14T13:30:12.000+02:00,2024-09-14T14:55:30.000+02:00,2024-09-14T17:07:39.000+02:00,2024-09-14T19:33:56.000+02:00,2024-09-14T21:59:06.000+02:00,2024-09-14T22:22:40.000+02:00
766,Benjamin ROUX,FINISHER,M0 H,MALE,,2024-09-14T12:32:00.000+02:00,2024-09-14T13:24:16.000+02:00,2024-09-14T14:34:20.000+02:00,2024-09-14T17:01:10.000+02:00,2024-09-14T19:20:25.000+02:00,2024-09-14T22:03:51.000+02:00,2024-09-14T22:43:43.000+02:00
639,Florian JARNOUX,FINISHER,M1 H,MALE,,2024-09-14T12:32:00.000+02:00,2024-09-14T13:27:44.000+02:00,2024-09-14T14:49:55.000+02:00,2024-09-14T17:10:00.000+02:00,2024-09-14T19:17:28.000+02:00,2024-09-14T22:01:53.000+02:00,2024-09-14T22:31:29.000+02:00
797,Alban VAUTHIER,FINISHER,M0 H,MALE,,2024-09-14T12:32:00.000+02:00,2024-09-14T13:21:33.000+02:00,2024-09-14T14:31:43.000+02:00,2024-09-14T17:16:31.000+02:00,2024-09-14T19:12:50.000+02:00,2024-09-14T22:02:50.000+02:00,2024-09-14T22:26:33.000+02:00
585,Antoine DERRIEN,FINISHER,M0 H,MALE,,2024-09-14T12:32:00.000+02:00,2024-09-14T13:20:58.000+02:00,2024-09-14T14:35:36.000+02:00,2024-09-14T16:55:51.000+02:00,2024-09-14T19:12:42.000+02:00,2024-09-14T22:08:47.000+02:00,2024-09-14T22:58:38.000+02:00
732,Yannick PELTANCHE,FINISHER,M6 H,MALE,,2024-09-14T12:32:00.000+02:00,2024-09-14T13:26:44.000+02:00,2024-09-14T14:44:09.000+02:00,2024-09-14T17:00:30.000+02:00,2024-09-14T19:29:11.000+02:00,2024-09-14T22:07:46.000+02:00,2024-09-14T22:34:45.000+02:00
744,Sophie PILLENIÈRE,FINISHER,M4 F,FEMALE,,2024-09-14T12:32:00.000+02:00,2024-09-14T13:26:42.000+02:00,2024-09-14T14:44:11.000+02:00,2024-09-14T17:00:42.000+02:00,2024-09-14T19:29:14.000+02:00,2024-09-14T22:07:55.000+02:00,2024-09-14T22:56:54.000+02:00
576,Stéphane DARBOS,FINISHER,M2 H,MALE,,2024-09-14T12:32:00.000+02:00,2024-09-14T13:32:15.000+02:00,2024-09-14T14:51:12.000+02:00,2024-09-14T16:53:32.000+02:00,2024-09-14T19:44:07.000+02:00,,2024-09-14T22:38:38.000+02:00
534,Goulven BOULLIOU,FINISHER,M2 H,MALE,,2024-09-14T12:32:00.000+02:00,2024-09-14T13:27:22.000+02:00,2024-09-14T14:49:24.000+02:00,2024-09-14T17:38:17.000+02:00,2024-09-14T19:37:02.000+02:00,,2024-09-14T22:42:57.000+02:00
655,Clément LE BELLEC,FINISHER,SE H,MALE,,2024-09-14T12:32:00.000+02:00,2024-09-14T13:24:58.000+02:00,2024-09-14T14:44:20.000+02:00,2024-09-14T17:10:19.000+02:00,2024-09-14T19:17:38.000+02:00,,2024-09-14T22:45:03.000+02:00
667,Emma LEFÈVRE,FINISHER,SE F,FEMALE,,2024-09-14T12:32:00.000+02:00,2024-09-14T13:25:11.000+02:00,2024-09-14T14:44:27.000+02:00,2024-09-14T17:11:38.000+02:00,2024-09-14T19:17:39.000+02:00,,2024-09-14T22:45:03.000+02:00
512,Fabienne BEC,FINISHER,M4 F,FEMALE,,2024-09-14T12:32:00.000+02:00,2024-09-14T13:30:17.000+02:00,2024-09-14T14:54:16.000+02:00,2024-09-14T17:26:07.000+02:00,2024-09-14T19:43:11.000+02:00,,2024-09-14T22:46:19.000+02:00
728,David OLLIVIER-LANNUZEL,FINISHER,M3 H,MALE,,2024-09-14T12:32:00.000+02:00,2024-09-14T13:26:52.000+02:00,2024-09-14T14:48:50.000+02:00,2024-09-14T17:05:28.000+02:00,2024-09-14T19:09:54.000+02:00,,2024-09-14T22:46:24.000+02:00
798,Fanny VENNEGUES,FINISHER,M2 F,FEMALE,,2024-09-14T12:32:00.000+02:00,2024-09-14T13:26:49.000+02:00,2024-09-14T14:48:32.000+02:00,2024-09-14T17:09:45.000+02:00,2024-09-14T19:08:39.000+02:00,,2024-09-14T22:46:24.000+02:00
560,Rodolphe CHEVALLIER,FINISHER,M5 H,MALE,,2024-09-14T12:32:00.000+02:00,2024-09-14T13:27:40.000+02:00,2024-09-14T14:50:20.000+02:00,2024-09-14T17:31:49.000+02:00,2024-09-14T19:44:46.000+02:00,,2024-09-14T22:47:49.000+02:00
561,Louise CHEVALLIER,FINISHER,SE F,FEMALE,,2024-09-14T12:32:00.000+02:00,2024-09-14T13:27:33.000+02:00,2024-09-14T14:50:04.000+02:00,2024-09-14T17:15:27.000+02:00,2024-09-14T19:44:42.000+02:00,,2024-09-14T22:47:49.000+02:00
542,Pascal BROCCHETTO,FINISHER,M6 H,MALE,,2024-09-14T12:32:00.000+02:00,2024-09-14T13:22:39.000+02:00,2024-09-14T14:31:42.000+02:00,2024-09-14T16:50:17.000+02:00,2024-09-14T19:17:24.000+02:00,,2024-09-14T22:47:50.000+02:00
771,Serge SANIEZ,FINISHER,M6 H,MALE,,2024-09-14T12:32:00.000+02:00,2024-09-14T13:20:37.000+02:00,2024-09-14T14:30:55.000+02:00,2024-09-14T17:12:51.000+02:00,2024-09-14T19:31:54.000+02:00,,2024-09-14T22:48:11.000+02:00
685,Daniel LE PAGE,FINISHER,M5 H,MALE,,2024-09-14T12:32:00.000+02:00,2024-09-14T13:22:59.000+02:00,2024-09-14T14:37:02.000+02:00,2024-09-14T17:06:19.000+02:00,2024-09-14T19:47:46.000+02:00,2024-09-14T22:32:33.000+02:00,2024-09-14T22:56:24.000+02:00
557,Vincent CHARRUAU,FINISHER,M2 H,MALE,,2024-09-14T12:32:00.000+02:00,2024-09-14T13:27:11.000+02:00,2024-09-14T14:44:38.000+02:00,2024-09-14T17:30:22.000+02:00,2024-09-14T19:43:40.000+02:00,2024-09-14T22:33:46.000+02:00,2024-09-14T23:18:54.000+02:00
649,Julien LAMIRE,FINISHER,SE H,MALE,,2024-09-14T12:32:00.000+02:00,2024-09-14T13:25:13.000+02:00,2024-09-14T14:43:04.000+02:00,2024-09-14T17:26:20.000+02:00,2024-09-14T19:53:30.000+02:00,2024-09-14T22:53:24.000+02:00,2024-09-14T23:23:59.000+02:00
553,Antonio CASCELLA,FINISHER,M3 H,MALE,,2024-09-14T12:32:00.000+02:00,2024-09-14T13:25:08.000+02:00,2024-09-14T14:44:28.000+02:00,2024-09-14T17:21:18.000+02:00,2024-09-14T19:44:36.000+02:00,2024-09-14T22:53:37.000+02:00,2024-09-14T23:18:50.000+02:00
708,Benjamin MALBEC,FINISHER,M0 H,MALE,,2024-09-14T12:32:00.000+02:00,2024-09-14T13:27:46.000+02:00,2024-09-14T14:52:16.000+02:00,2024-09-14T17:13:01.000+02:00,2024-09-14T20:08:44.000+02:00,2024-09-14T23:05:01.000+02:00,2024-09-14T23:29:57.000+02:00
612,Erwan GOUIFFES,FINISHER,M3 H,MALE,,2024-09-14T12:32:00.000+02:00,2024-09-14T13:27:59.000+02:00,2024-09-14T14:56:38.000+02:00,2024-09-14T17:31:49.000+02:00,2024-09-14T20:07:13.000+02:00,2024-09-14T23:08:49.000+02:00,2024-09-14T23:52:54.000+02:00
522,Hélène BLANLOT,FINISHER,M3 F,FEMALE,,2024-09-14T12:32:00.000+02:00,2024-09-14T13:27:58.000+02:00,2024-09-14T14:56:36.000+02:00,2024-09-14T17:31:59.000+02:00,2024-09-14T20:07:49.000+02:00,2024-09-14T23:08:49.000+02:00,2024-09-14T23:53:00.000+02:00
530,Martine BORDRON,FINISHER,M6 F,FEMALE,,2024-09-14T12:32:00.000+02:00,2024-09-14T13:29:26.000+02:00,2024-09-14T14:54:12.000+02:00,2024-09-14T17:34:02.000+02:00,2024-09-14T20:18:30.000+02:00,2024-09-14T23:09:06.000+02:00,2024-09-14T23:49:14.000+02:00
603,Marie GARCIA,FINISHER,M5 F,FEMALE,,2024-09-14T12:32:00.000+02:00,2024-09-14T13:29:11.000+02:00,2024-09-14T14:54:10.000+02:00,2024-09-14T17:31:06.000+02:00,2024-09-14T20:18:27.000+02:00,2024-09-14T23:08:59.000+02:00,2024-09-14T23:49:44.000+02:00
540,Eric BRIAND,FINISHER,M2 H,MALE,,2024-09-14T12:32:00.000+02:00,2024-09-14T13:27:17.000+02:00,2024-09-14T14:39:52.000+02:00,2024-09-14T16:52:15.000+02:00,2024-09-14T19:21:12.000+02:00,,2024-09-14T23:39:48.000+02:00
568,Alain COLLÉAUX,FINISHER,M4 H,MALE,,2024-09-14T12:32:00.000+02:00,2024-09-14T13:28:44.000+02:00,2024-09-14T14:48:59.000+02:00,2024-09-14T17:03:40.000+02:00,2024-09-14T19:24:57.000+02:00,,2024-09-14T23:39:48.000+02:00
572,Emmanuelle COUTANT,FINISHER,M1 F,FEMALE,,2024-09-14T12:32:00.000+02:00,2024-09-14T13:27:39.000+02:00,2024-09-14T14:52:41.000+02:00,2024-09-14T17:49:53.000+02:00,2024-09-14T19:49:47.000+02:00,2024-09-14T23:04:52.000+02:00,2024-09-14T23:59:42.000+02:00
602,Céline GALLARD,FINISHER,M2 F,FEMALE,,2024-09-14T12:32:00.000+02:00,2024-09-14T13:27:42.000+02:00,2024-09-14T14:52:40.000+02:00,2024-09-14T17:49:48.000+02:00,2024-09-14T19:49:52.000+02:00,2024-09-14T23:04:44.000+02:00,2024-09-14T23:41:47.000+02:00
720,Vincent MOREAU,FINISHER,M1 H,MALE,,2024-09-14T12:32:00.000+02:00,2024-09-14T13:25:26.000+02:00,2024-09-14T14:52:33.000+02:00,2024-09-14T17:50:47.000+02:00,2024-09-14T19:49:49.000+02:00,2024-09-14T23:05:03.000+02:00,2024-09-14T23:42:00.000+02:00
558,Helene CHARRUAU,WITHDRAWN,M2 F,FEMALE,,2024-09-14T12:32:00.000+02:00,2024-09-14T13:31:07.000+02:00,2024-09-14T15:01:07.000+02:00,2024-09-14T18:07:57.000+02:00,2024-09-14T19:50:25.000+02:00,2024-09-14T19:49:30.000+02:00,
577,Stéphane DARÉ,ON_RACE,M2 H,MALE,,2024-09-14T12:32:00.000+02:00,2024-09-14T13:09:43.000+02:00,2024-09-14T14:01:18.000+02:00,,2024-09-14T18:07:08.000+02:00,2024-09-14T19:49:49.000+02:00,
756,Alan RAOULT,WITHDRAWN,M0 H,MALE,,2024-09-14T12:32:00.000+02:00,2024-09-14T13:04:07.000+02:00,2024-09-14T13:47:24.000+02:00,2024-09-14T14:54:51.000+02:00,2024-09-14T16:08:31.000+02:00,,
573,Baptiste CURELY,WITHDRAWN,SE H,MALE,,2024-09-14T12:32:00.000+02:00,2024-09-14T13:14:43.000+02:00,2024-09-14T14:15:58.000+02:00,2024-09-14T15:58:40.000+02:00,2024-09-14T17:21:46.000+02:00,,
729,Arthur PANIS,WITHDRAWN,SE H,MALE,,2024-09-14T12:32:00.000+02:00,2024-09-14T13:11:55.000+02:00,2024-09-14T14:05:55.000+02:00,2024-09-14T15:44:36.000+02:00,2024-09-14T17:24:51.000+02:00,,
687,Damien LE PIOUFFLE,WITHDRAWN,M0 H,MALE,,2024-09-14T12:32:00.000+02:00,2024-09-14T13:10:00.000+02:00,2024-09-14T14:02:13.000+02:00,2024-09-14T15:38:26.000+02:00,2024-09-14T17:28:15.000+02:00,,
749,Hugo PRESSELIN,WITHDRAWN,M0 H,MALE,,2024-09-14T12:32:00.000+02:00,2024-09-14T13:18:30.000+02:00,2024-09-14T14:14:20.000+02:00,2024-09-14T15:47:56.000+02:00,2024-09-14T17:43:07.000+02:00,,
617,Alexandre GOURVENNEC,WITHDRAWN,M0 H,MALE,,2024-09-14T12:32:00.000+02:00,2024-09-14T13:14:21.000+02:00,2024-09-14T14:18:20.000+02:00,2024-09-14T16:12:28.000+02:00,2024-09-14T18:16:08.000+02:00,,
640,Antoine JEGADO,WITHDRAWN,SE H,MALE,,2024-09-14T12:32:00.000+02:00,2024-09-14T13:18:57.000+02:00,2024-09-14T14:26:32.000+02:00,2024-09-14T16:14:47.000+02:00,2024-09-14T18:32:37.000+02:00,,
652,Julien LEAUSTIC,WITHDRAWN,M0 H,MALE,,2024-09-14T12:32:00.000+02:00,2024-09-14T13:14:03.000+02:00,2024-09-14T14:10:15.000+02:00,2024-09-14T15:48:03.000+02:00,2024-09-14T18:51:17.000+02:00,,
513,Pierre BEL,WITHDRAWN,M1 H,MALE,,2024-09-14T12:32:00.000+02:00,2024-09-14T13:22:23.000+02:00,2024-09-14T14:31:47.000+02:00,2024-09-14T16:47:25.000+02:00,2024-09-14T19:16:20.000+02:00,,
718,Molin Christophe MOLIN,WITHDRAWN,M4 H,MALE,,2024-09-14T12:32:00.000+02:00,2024-09-14T13:29:55.000+02:00,2024-09-14T14:50:55.000+02:00,2024-09-14T16:53:21.000+02:00,2024-09-14T19:31:20.000+02:00,,
589,Nicolas DUCAMP BOUCHEZ,WITHDRAWN,M1 H,MALE,,2024-09-14T12:32:00.000+02:00,2024-09-14T13:30:44.000+02:00,2024-09-14T14:51:50.000+02:00,2024-09-14T17:43:17.000+02:00,2024-09-14T20:01:22.000+02:00,,
725,Pascal MURER,WITHDRAWN,M5 H,MALE,,2024-09-14T12:32:00.000+02:00,2024-09-14T13:28:32.000+02:00,2024-09-14T15:08:25.000+02:00,2024-09-14T18:23:31.000+02:00,2024-09-14T21:44:33.000+02:00,,
785,Aurelien TARO,WITHDRAWN,M0 H,MALE,,2024-09-14T12:32:00.000+02:00,2024-09-14T13:05:18.000+02:00,2024-09-14T13:51:04.000+02:00,2024-09-14T15:16:20.000+02:00,,,
616,Fabrice GOURMELEN,WITHDRAWN,M1 H,MALE,,2024-09-14T12:32:00.000+02:00,2024-09-14T13:09:27.000+02:00,2024-09-14T13:57:44.000+02:00,2024-09-14T15:28:39.000+02:00,,,
742,Chloé PHILIPPE,WITHDRAWN,SE F,FEMALE,,2024-09-14T12:32:00.000+02:00,2024-09-14T13:16:45.000+02:00,2024-09-14T14:20:24.000+02:00,2024-09-14T16:14:58.000+02:00,,,
517,Laurent BEYOU,WITHDRAWN,M2 H,MALE,,2024-09-14T12:32:00.000+02:00,2024-09-14T13:20:01.000+02:00,2024-09-14T14:22:24.000+02:00,2024-09-14T16:22:51.000+02:00,,,
751,Ewen QUEFFELEC,WITHDRAWN,SE H,MALE,,2024-09-14T12:32:00.000+02:00,2024-09-14T13:14:45.000+02:00,2024-09-14T14:13:05.000+02:00,2024-09-14T16:35:53.000+02:00,,,
780,Mathieu SOUCHAUD,WITHDRAWN,SE H,MALE,,2024-09-14T12:32:00.000+02:00,2024-09-14T13:22:15.000+02:00,2024-09-14T14:36:02.000+02:00,2024-09-14T16:37:09.000+02:00,,,
626,Yann GUILLOU,WITHDRAWN,M0 H,MALE,,2024-09-14T12:32:00.000+02:00,2024-09-14T13:13:59.000+02:00,2024-09-14T14:09:18.000+02:00,2024-09-14T16:42:34.000+02:00,,,
769,Mikaël SALIOU,WITHDRAWN,M2 H,MALE,,2024-09-14T12:32:00.000+02:00,2024-09-14T13:12:35.000+02:00,2024-09-14T14:07:58.000+02:00,2024-09-14T16:42:36.000+02:00,,,
782,Yves TANGUY,WITHDRAWN,M5 H,MALE,,2024-09-14T12:32:00.000+02:00,2024-09-14T13:31:41.000+02:00,2024-09-14T15:01:10.000+02:00,2024-09-14T16:49:46.000+02:00,,,
754,Laurent QUERE,WITHDRAWN,M4 H,MALE,,2024-09-14T12:32:00.000+02:00,2024-09-14T13:19:55.000+02:00,2024-09-14T14:28:28.000+02:00,2024-09-14T17:02:29.000+02:00,,,
538,Jean Michel BOURMAUD,WITHDRAWN,M5 H,MALE,,2024-09-14T12:32:00.000+02:00,2024-09-14T13:30:07.000+02:00,2024-09-14T14:50:56.000+02:00,2024-09-14T17:09:58.000+02:00,,,
773,Melissa SARDINHA,WITHDRAWN,M0 F,FEMALE,,2024-09-14T12:32:00.000+02:00,2024-09-14T13:23:55.000+02:00,2024-09-14T14:43:08.000+02:00,2024-09-14T17:13:02.000+02:00,,,
781,Valentin SUBILEAU,WITHDRAWN,SE H,MALE,,2024-09-14T12:32:00.000+02:00,2024-09-14T13:21:42.000+02:00,2024-09-14T14:30:13.000+02:00,2024-09-14T17:17:52.000+02:00,,,
518,Herve BIENVENU,WITHDRAWN,M4 H,MALE,,2024-09-14T12:32:00.000+02:00,2024-09-14T13:27:52.000+02:00,2024-09-14T14:48:52.000+02:00,2024-09-14T18:27:27.000+02:00,,,
698,Rémi LE TELLIER,WITHDRAWN,M0 H,MALE,,2024-09-14T12:32:00.000+02:00,2024-09-14T13:09:57.000+02:00,2024-09-14T13:59:36.000+02:00,,,,
658,Romain LE BRAS,WITHDRAWN,SE H,MALE,,2024-09-14T12:32:00.000+02:00,2024-09-14T13:20:17.000+02:00,2024-09-14T14:29:52.000+02:00,,,,
501,Richard ABAUTRET,WITHDRAWN,M1 H,MALE,,2024-09-14T12:32:00.000+02:00,,,,,,
511,Killian BARDET,WITHDRAWN,SE H,MALE,,2024-09-14T12:32:00.000+02:00,,,,,,
532,Vincent BOUCHARD,WITHDRAWN,SE H,MALE,,2024-09-14T12:32:00.000+02:00,,,,,,
547,Mathieu CADOU,WITHDRAWN,SE H,MALE,,2024-09-14T12:32:00.000+02:00,,,,,,
551,Morgane CARRICHON,WITHDRAWN,SE F,FEMALE,,2024-09-14T12:32:00.000+02:00,,,,,,
563,Jocelyn CHRÉTIEN,WITHDRAWN,SE H,MALE,,2024-09-14T12:32:00.000+02:00,,,,,,
575,Marie DAGNET,WITHDRAWN,M0 F,FEMALE,,2024-09-14T12:32:00.000+02:00,,,,,,
583,Paul DE ROCHAMBEAU,WITHDRAWN,SE H,MALE,,2024-09-14T12:32:00.000+02:00,,,,,,
584,Marine DEROUET,WITHDRAWN,SE F,FEMALE,,2024-09-14T12:32:00.000+02:00,,,,,,
586,Laurent DIQUELOU,WITHDRAWN,M2 H,MALE,,2024-09-14T12:32:00.000+02:00,,,,,,
588,Franck DRENO,WITHDRAWN,M4 H,MALE,,2024-09-14T12:32:00.000+02:00,,,,,,
594,Janik ERIMA,WITHDRAWN,M0 H,MALE,,2024-09-14T12:32:00.000+02:00,,,,,,
595,Damien FABLET,WITHDRAWN,M1 H,MALE,,2024-09-14T12:32:00.000+02:00,,,,,,
607,Jonathan GLAIS,WITHDRAWN,M2 H,MALE,,2024-09-14T12:32:00.000+02:00,,,,,,
610,Alexis GOUEDARD,WITHDRAWN,SE H,MALE,,2024-09-14T12:32:00.000+02:00,,,,,,
611,Marius GOUEDARD,WITHDRAWN,SE H,MALE,,2024-09-14T12:32:00.000+02:00,,,,,,
615,Thibault GOURIOU,WITHDRAWN,SE H,MALE,,2024-09-14T12:32:00.000+02:00,,,,,,
622,Emmanuelle GUEHENNEUX,WITHDRAWN,M1 F,FEMALE,,2024-09-14T12:32:00.000+02:00,,,,,,
629,Florian HEMME,WITHDRAWN,M0 H,MALE,,2024-09-14T12:32:00.000+02:00,,,,,,
642,JULIEN Viroulaud,WITHDRAWN,M2 H,MALE,,2024-09-14T12:32:00.000+02:00,,,,,,
650,Romain LAURENT,WITHDRAWN,SE H,MALE,,2024-09-14T12:32:00.000+02:00,,,,,,
657,Etienne LE BIHAN,WITHDRAWN,SE H,MALE,,2024-09-14T12:32:00.000+02:00,,,,,,
662,Enora LE CORRE,WITHDRAWN,SE F,FEMALE,,2024-09-14T12:32:00.000+02:00,,,,,,
664,Fabien LE COZ,WITHDRAWN,M1 H,MALE,,2024-09-14T12:32:00.000+02:00,,,,,,
678,Frederic LEMAITRE,WITHDRAWN,M4 H,MALE,,2024-09-14T12:32:00.000+02:00,,,,,,
681,LE MOAN Mikaël,WITHDRAWN,SE H,MALE,,2024-09-14T12:32:00.000+02:00,,,,,,
692,Jean Philippe LE ROUX,WITHDRAWN,M0 H,MALE,,2024-09-14T12:32:00.000+02:00,,,,,,
699,Laetitia LETOUPIN,WITHDRAWN,M1 F,FEMALE,,2024-09-14T12:32:00.000+02:00,,,,,,
712,Amelie MAYERE,WITHDRAWN,SE F,FEMALE,,2024-09-14T12:32:00.000+02:00,,,,,,
719,Vincent MONTILLY,WITHDRAWN,M0 H,MALE,,2024-09-14T12:32:00.000+02:00,,,,,,
721,Pierrick MORFOISSE,WITHDRAWN,M4 H,MALE,,2024-09-14T12:32:00.000+02:00,,,,,,
722,Alan MORISSEAU,WITHDRAWN,ES H,MALE,,2024-09-14T12:32:00.000+02:00,,,,,,
727,Ronan OLLITRAULT,WITHDRAWN,M3 H,MALE,,2024-09-14T12:32:00.000+02:00,,,,,,
739,Alex PETRO,WITHDRAWN,SE H,MALE,,2024-09-14T12:32:00.000+02:00,,,,,,
741,Olivier PHILIPPE,WITHDRAWN,M2 H,MALE,,2024-09-14T12:32:00.000+02:00,,,,,,
747,Marion POULAIN,WITHDRAWN,M1 F,FEMALE,,2024-09-14T12:32:00.000+02:00,,,,,,
750,Olivier PUSTOC'H,WITHDRAWN,M2 H,MALE,,2024-09-14T12:32:00.000+02:00,,,,,,
753,Anais QUEINNEC,WITHDRAWN,SE F,FEMALE,,2024-09-14T12:32:00.000+02:00,,,,,,
755,Matthieu RABILLER,WITHDRAWN,M1 H,MALE,,2024-09-14T12:32:00.000+02:00,,,,,,
758,Mélissa RICHARDEAU,WITHDRAWN,M0 F,FEMALE,,2024-09-14T12:32:00.000+02:00,,,,,,
765,Alain ROSANT,WITHDRAWN,M5 H,MALE,,2024-09-14T12:32:00.000+02:00,,,,,,
777,Mathieu SIMON,WITHDRAWN,M2 H,MALE,,2024-09-14T12:32:00.000+02:00,,,,,,
778,Pierre SIMON,WITHDRAWN,M6 H,MALE,,2024-09-14T12:32:00.000+02:00,,,,,,
786,Eric TESNIERES,WITHDRAWN,M4 H,MALE,,2024-09-14T12:32:00.000+02:00,,,,,,
788,Frédéric THOMAS,WITHDRAWN,M2 H,MALE,,2024-09-14T12:32:00.000+02:00,,,,,,
792,Arno TRISTANT,WITHDRAWN,SE H,MALE,,2024-09-14T12:32:00.000+02:00,,,,,,
795,Romane UGUEN,WITHDRAWN,SE F,FEMALE,,2024-09-14T12:32:00.000+02:00,,,,,,
799,Julien VINCEROT,WITHDRAWN,M2 H,MALE,,2024-09-14T12:32:00.000+02:00,,,,,,
