distance_cum,altitude,lon,lat
0,424,3.20713,44.18847
23,426,3.20685,44.18852
51,429,3.2065,44.18851
72,430,3.20624,44.18847
89,431,3.20606,44.1884
106,432,3.20588,44.18832
120,433,3.20574,44.18824
152,436,3.20544,44.18805
166,437,3.20533,44.18795
178,438,3.20527,44.18785
190,438,3.20522,44.18775
209,440,3.20516,44.18759
262,443,3.20502,44.18712
286,444,3.20493,44.18692
295,445,3.20488,44.18685
311,446,3.20477,44.18672
326,447,3.20465,44.18662
366,450,3.20424,44.18641
383,451,3.20407,44.18633
397,452,3.20395,44.18624
414,454,3.20382,44.18612
427,454,3.20369,44.18604
446,456,3.20354,44.18591
453,457,3.20349,44.18586
457,457,3.20347,44.18583
461,457,3.20346,44.18579
466,457,3.20346,44.18575
469,457,3.20348,44.18572
478,458,3.20355,44.18566
482,458,3.2036,44.18565
487,459,3.20366,44.18565
492,460,3.20371,44.18567
496,460,3.20376,44.18568
500,458,3.2038,44.18571
524,460,3.20403,44.18584
530,460,3.2041,44.18586
551,463,3.20436,44.18588
564,468,3.20452,44.1859
585,465,3.20476,44.18597
614,469,3.20508,44.18609
624,467,3.2052,44.18613
637,468,3.20533,44.1862
654,469,3.20545,44.18632
694,470,3.20568,44.18664
702,474,3.20574,44.1867
719,472,3.20589,44.18681
729,474,3.206,44.18685
740,477,3.20613,44.18687
748,478,3.20623,44.18687
758,478,3.20635,44.18684
797,484,3.20676,44.18666
804,482,3.20684,44.18663
807,480,3.20687,44.18665
812,480,3.20693,44.18665
838,480,3.20723,44.18656
846,478,3.20732,44.18654
858,478,3.20748,44.18654
889,477,3.20786,44.18658
913,474,3.20813,44.18666
942,472,3.20848,44.18672
1000,462,3.20919,44.18666
1010,463,3.20932,44.18666
1049,455,3.20976,44.18681
1076,453,3.21008,44.18685
1117,450,3.2106,44.18685
1127,447,3.21071,44.18681
1148,449,3.21097,44.1868
1159,446,3.21111,44.18678
1170,445,3.21124,44.18675
1176,443,3.21131,44.18675
1182,443,3.21138,44.18676
1187,442,3.21141,44.1868
1195,439,3.21141,44.18687
1201,438,3.21136,44.18691
1234,435,3.21118,44.18718
1257,433,3.21106,44.18736
1285,430,3.21087,44.18757
1293,429,3.2108,44.18763
1298,429,3.21075,44.18765
1309,427,3.21065,44.18772
1321,427,3.21052,44.18777
1342,427,3.21025,44.18777
1351,426,3.21014,44.18776
1407,427,3.20949,44.18758
1413,427,3.20942,44.18757
1447,427,3.209,44.18764
1476,423,3.20866,44.18772
1504,421,3.20835,44.18783
1514,421,3.20823,44.18787
1523,417,3.20815,44.18792
1531,419,3.2081,44.18799
1548,417,3.2083,44.18804
1549,417,3.2083,44.18805
1574,415,3.20859,44.18811
1609,413,3.20901,44.18821
1620,413,3.20907,44.18812
1624,412,3.20911,44.1881
1640,412,3.2093,44.1881
1649,410,3.20942,44.18811
1661,409,3.20955,44.18815
1668,409,3.20963,44.18819
1677,408,3.20971,44.18824
1683,408,3.20976,44.18828
1731,405,3.2101,44.18864
1764,403,3.21039,44.18884
1795,400,3.21057,44.18909
1814,398,3.21066,44.18925
1831,399,3.21078,44.18938
1834,397,3.21081,44.18938
1836,397,3.21084,44.18938
1840,397,3.21087,44.18935
1848,399,3.2109,44.18928
1914,405,3.21096,44.18869
1934,406,3.21095,44.18851
1983,410,3.21103,44.18807
1997,413,3.21104,44.18795
2003,417,3.21107,44.1879
2027,414,3.21126,44.18773
2039,417,3.21133,44.18764
2044,414,3.21139,44.18762
2047,414,3.21143,44.18762
2050,414,3.21145,44.18764
2052,414,3.21147,44.18765
2064,414,3.21142,44.18775
2090,414,3.21133,44.18798
2108,413,3.21129,44.18814
2133,419,3.21131,44.18836
2142,420,3.21134,44.18844
2157,422,3.21141,44.18856
2180,422,3.21159,44.18872
2189,424,3.21169,44.18877
2197,426,3.21178,44.18879
2204,428,3.21187,44.18879
2217,428,3.21203,44.18878
2224,428,3.2121,44.18874
2239,428,3.21222,44.18864
2254,431,3.21235,44.18855
2267,428,3.21249,44.18862
2282,430,3.21266,44.18867
2297,427,3.21282,44.18874
2300,429,3.21286,44.18874
2317,427,3.21307,44.18871
2332,425,3.21326,44.18872
2339,424,3.21334,44.18871
2362,423,3.21357,44.18883
2379,420,3.2137,44.18895
2391,421,3.21378,44.18904
2407,421,3.21385,44.18918
2414,419,3.2139,44.18923
2428,416,3.21401,44.18932
2473,416,3.21455,44.18943
2486,415,3.21472,44.18946
2512,411,3.21501,44.18954
2532,413,3.21524,44.18962
2565,411,3.21564,44.18967
2580,409,3.21582,44.18971
2623,411,3.2163,44.1899
2660,411,3.21673,44.19002
2688,409,3.217,44.19017
2715,409,3.21727,44.19033
2747,408,3.21763,44.19045
2793,408,3.21815,44.19062
2814,412,3.21841,44.19065
2830,414,3.21861,44.19068
2846,415,3.2188,44.1907
2910,410,3.2196,44.19071
2949,407,3.22008,44.19065
2992,406,3.22062,44.19071
3026,406,3.22104,44.19076
3049,405,3.22132,44.19076
3062,405,3.22149,44.19077
3106,407,3.22203,44.19075
3147,406,3.22255,44.19078
3159,408,3.22269,44.19076
3178,406,3.22292,44.19071
3199,407,3.22318,44.19071
3264,416,3.22399,44.19066
3281,415,3.2242,44.19064
3297,412,3.22441,44.19063
3329,415,3.2248,44.19066
3358,415,3.22517,44.19068
3391,415,3.22557,44.19064
3397,414,3.22565,44.19062
3409,416,3.22578,44.19057
3421,415,3.2259,44.19051
3451,415,3.22606,44.19027
3490,421,3.22642,44.19003
3543,427,3.22702,44.18983
3558,434,3.22719,44.18979
3573,433,3.22737,44.18976
3612,433,3.22786,44.18972
3676,434,3.22866,44.18974
3704,435,3.22901,44.18974
3760,435,3.2297,44.18967
3785,433,3.23001,44.18963
3803,432,3.23023,44.18964
3818,433,3.23042,44.18964
3878,438,3.23115,44.18951
3916,442,3.23162,44.18948
3964,442,3.23222,44.18947
3982,440,3.23245,44.18947
4005,440,3.23272,44.18954
4021,439,3.23292,44.18956
4041,440,3.23316,44.18954
4055,439,3.23333,44.18951
4108,443,3.23399,44.18946
4125,447,3.2342,44.18943
4136,446,3.23433,44.18947
4156,444,3.23456,44.18953
4236,454,3.23555,44.1896
4244,454,3.23565,44.18957
4283,448,3.23612,44.18963
4301,452,3.23635,44.18961
4316,447,3.23652,44.18966
4328,451,3.23666,44.18969
4358,451,3.23704,44.18973
4382,452,3.23734,44.18976
4421,452,3.23779,44.18988
4446,454,3.23809,44.18995
4460,455,3.23826,44.18998
4479,457,3.2385,44.18999
4486,452,3.23858,44.19001
4503,458,3.23879,44.18997
4517,457,3.23894,44.18992
4539,457,3.23922,44.18989
4565,457,3.23954,44.18987
4571,458,3.23961,44.18989
4606,458,3.2398,44.19017
4614,465,3.2399,44.19019
4630,464,3.24008,44.19026
4685,475,3.24075,44.19032
4712,483,3.24109,44.19034
4732,483,3.2413,44.19043
4787,504,3.24193,44.1905
4804,499,3.24213,44.19056
4826,504,3.24239,44.19052
4844,505,3.24261,44.19056
4865,512,3.24287,44.19061
4900,530,3.24326,44.19059
4947,540,3.24383,44.19067
4980,540,3.24415,44.19086
4988,543,3.24424,44.19088
4998,549,3.24425,44.1908
5019,545,3.24405,44.19067
5027,550,3.24404,44.1906
5040,554,3.2442,44.19059
5066,560,3.2445,44.19066
5074,567,3.24454,44.19059
5154,576,3.24381,44.19012
5163,582,3.24383,44.19004
5170,584,3.24391,44.19001
5194,589,3.24417,44.19004
5218,595,3.24447,44.19007
5229,598,3.24458,44.19003
5255,608,3.2444,44.18986
5264,614,3.24438,44.18978
5287,620,3.24464,44.18975
5298,626,3.24468,44.18965
5336,635,3.24512,44.18969
5360,638,3.24542,44.18969
5377,639,3.24561,44.18975
5393,642,3.24581,44.18976
5405,649,3.24591,44.1897
5448,654,3.24542,44.18953
5462,656,3.24533,44.18942
5476,662,3.2454,44.18932
5495,677,3.24555,44.1893
5524,671,3.24591,44.18931
5527,683,3.2459,44.18929
5534,683,3.24581,44.18927
5539,683,3.24582,44.18923
5552,690,3.24596,44.1892
5554,690,3.24596,44.18918
5579,691,3.24568,44.18909
5590,689,3.24557,44.18902
5618,696,3.24539,44.18881
5670,702,3.24482,44.1886
5684,708,3.24471,44.1885
5699,703,3.24484,44.1884
5719,704,3.24494,44.18823
5750,704,3.24507,44.18797
5765,705,3.2452,44.18788
5778,707,3.24531,44.18779
5788,707,3.24544,44.18778
5795,708,3.24552,44.18778
5804,708,3.24558,44.18771
5817,714,3.24569,44.18763
5833,718,3.24577,44.1875
5855,724,3.24594,44.18736
5893,725,3.24636,44.1872
5900,723,3.24643,44.18716
5908,725,3.24635,44.18711
5925,727,3.24614,44.18711
5944,731,3.24591,44.18714
5970,734,3.24565,44.18728
5977,732,3.24559,44.18732
5995,734,3.24537,44.18729
6058,737,3.24462,44.18748
6067,739,3.24451,44.18749
6075,739,3.24446,44.18743
6095,740,3.24469,44.18735
6122,743,3.24495,44.1872
6136,746,3.24508,44.18712
6158,747,3.24532,44.18702
6167,753,3.24537,44.18696
6175,754,3.24528,44.18692
6190,760,3.2451,44.18692
6209,759,3.2449,44.18702
6243,763,3.24449,44.18701
6256,772,3.24439,44.18696
6264,774,3.24441,44.18689
6275,773,3.24455,44.18689
6319,780,3.245,44.18666
6343,780,3.24524,44.18653
6353,789,3.24516,44.18649
6363,784,3.24503,44.18652
6388,788,3.24472,44.18654
6412,792,3.24443,44.18652
6425,796,3.24428,44.18658
6433,796,3.24419,44.18655
6440,801,3.24416,44.1865
6488,801,3.2447,44.18631
6494,806,3.2447,44.18626
6504,807,3.24459,44.18622
6521,808,3.24437,44.18622
6535,810,3.24425,44.18614
6544,810,3.24427,44.18606
6557,815,3.24443,44.18608
6569,814,3.24438,44.18598
6585,815,3.24433,44.18584
6594,815,3.2444,44.18577
6602,816,3.24449,44.18574
6619,820,3.24462,44.18585
6662,825,3.24511,44.18569
6700,828,3.24554,44.18554
6727,831,3.24575,44.18536
6748,834,3.24593,44.18522
6805,841,3.2463,44.18479
6833,842,3.24651,44.18459
6853,842,3.24651,44.18441
6893,842,3.24671,44.18408
6911,841,3.24673,44.18391
6934,845,3.24666,44.18371
6950,848,3.24653,44.18361
6988,854,3.24648,44.18327
7004,855,3.24667,44.1833
7030,862,3.24681,44.18309
7049,863,3.24684,44.18292
7067,865,3.24701,44.18281
7101,869,3.24702,44.18251
7131,872,3.24718,44.18227
7152,876,3.24735,44.18212
7166,877,3.24747,44.18203
7178,880,3.24761,44.182
7191,882,3.24772,44.18192
7211,885,3.24784,44.18177
7234,888,3.24809,44.18166
7272,892,3.24828,44.18135
7299,896,3.24845,44.18114
7328,899,3.24863,44.18092
7404,899,3.24878,44.18024
7433,898,3.24881,44.17998
7479,896,3.24898,44.17959
7488,897,3.24902,44.17951
7505,895,3.24888,44.17939
7525,894,3.24878,44.17923
7540,892,3.24868,44.17911
7549,892,3.24863,44.17904
7559,891,3.24863,44.17895
7574,890,3.24864,44.17882
7592,888,3.24869,44.17866
7613,888,3.2487,44.17847
7629,885,3.24867,44.17833
7641,885,3.24862,44.17823
7693,882,3.24865,44.17776
7712,881,3.24865,44.17759
7721,880,3.24853,44.17758
7729,879,3.24845,44.17762
7744,877,3.24839,44.17775
7764,878,3.2483,44.17791
7785,876,3.24814,44.17806
7799,875,3.24801,44.17815
7823,873,3.24777,44.17827
7841,874,3.24762,44.17839
7850,873,3.24756,44.17846
7865,874,3.24755,44.1786
7875,873,3.24755,44.17869
7888,874,3.24757,44.1788
7897,874,3.24753,44.17888
7906,873,3.24745,44.17894
7916,873,3.24734,44.17898
7931,874,3.24717,44.17904
7950,875,3.24701,44.17916
7969,874,3.24686,44.17929
7996,875,3.24672,44.17951
8032,875,3.24651,44.1798
8050,875,3.24637,44.17993
8079,875,3.24615,44.18014
8106,875,3.24592,44.18031
8138,873,3.24562,44.1805
8152,873,3.2455,44.18059
8177,871,3.24533,44.18078
8191,872,3.24523,44.18089
8211,872,3.24507,44.18102
8229,872,3.24485,44.18107
8243,872,3.24468,44.18107
8250,872,3.24459,44.18105
8266,872,3.2444,44.181
8300,869,3.24398,44.18097
8317,867,3.24379,44.1809
8334,867,3.2437,44.18076
8394,864,3.24356,44.18023
8447,862,3.24343,44.17977
8467,861,3.24324,44.1799
8485,860,3.2431,44.18002
8539,858,3.24276,44.18044
8568,857,3.24263,44.18068
8605,852,3.24225,44.18049
8619,851,3.24216,44.18038
8654,848,3.24211,44.18007
8659,847,3.24205,44.18006
8686,845,3.24175,44.18017
8699,845,3.24161,44.18023
8728,843,3.24132,44.18039
8743,841,3.24119,44.18048
8749,841,3.24113,44.18052
8758,840,3.24107,44.18059
8771,840,3.24096,44.18067
8790,839,3.24075,44.18076
8805,838,3.2406,44.18084
8818,839,3.24045,44.18089
8832,839,3.2403,44.18095
8855,839,3.24009,44.18109
8868,838,3.23996,44.18116
8878,838,3.23985,44.18121
8889,838,3.23972,44.18123
8905,839,3.23952,44.1812
8912,838,3.23944,44.18122
8920,837,3.23939,44.18128
8925,838,3.23936,44.18132
8931,838,3.23929,44.18134
8936,838,3.23924,44.18136
8940,837,3.23919,44.18136
8945,837,3.23912,44.18137
8951,837,3.23908,44.18133
8969,836,3.23905,44.18117
8980,836,3.23896,44.18109
8996,835,3.23877,44.18106
9026,833,3.23846,44.1809
9045,832,3.23825,44.18083
9054,833,3.23816,44.18078
9061,833,3.23808,44.18075
9073,833,3.23793,44.18074
9085,834,3.2378,44.18069
9097,834,3.2377,44.18061
9108,834,3.23759,44.18055
9119,835,3.23747,44.18051
9124,836,3.2374,44.1805
9144,838,3.23721,44.18061
9164,838,3.23696,44.18064
9183,841,3.23684,44.18049
9202,838,3.2367,44.18035
9227,839,3.23647,44.1802
9234,839,3.23641,44.18016
9247,838,3.23625,44.18016
9260,839,3.23609,44.18014
9268,840,3.236,44.1801
9276,840,3.23594,44.18004
9291,839,3.23585,44.17992
9307,839,3.23577,44.17979
9324,839,3.23564,44.17967
9349,838,3.23538,44.17954
9364,837,3.23522,44.17947
9385,838,3.23497,44.17942
9409,836,3.23469,44.17936
9417,835,3.23459,44.17938
9436,835,3.23438,44.17946
9449,835,3.23423,44.17951
9456,834,3.23414,44.17951
9462,834,3.23407,44.17949
9496,834,3.23376,44.17929
9546,836,3.23328,44.17899
9563,836,3.2331,44.17892
9585,836,3.23284,44.17885
9634,837,3.23241,44.17853
9655,837,3.23225,44.17839
9666,837,3.23211,44.17837
9680,837,3.23194,44.17837
9688,837,3.23183,44.17836
9699,838,3.23172,44.17831
9715,839,3.23162,44.17818
9731,839,3.23156,44.17805
9738,840,3.23147,44.17805
9746,840,3.23137,44.17806
9753,839,3.23129,44.17809
9767,839,3.23119,44.17819
9784,840,3.231,44.17826
9799,840,3.23082,44.17829
9816,842,3.23063,44.17836
9837,843,3.23038,44.17843
9879,843,3.22986,44.17837
9900,844,3.2296,44.17835
9922,845,3.22933,44.17836
9942,844,3.22908,44.1784
9962,846,3.22887,44.1785
9976,849,3.22872,44.17856
9987,847,3.22861,44.17862
10002,849,3.22849,44.17872
10020,848,3.2283,44.17881
10040,848,3.22807,44.17888
10065,848,3.22785,44.17904
10094,848,3.22763,44.17925
10124,848,3.22747,44.17949
10140,847,3.22736,44.17961
10144,848,3.2274,44.17958
10149,848,3.22738,44.17954
10155,848,3.22731,44.17954
10160,846,3.22727,44.1795
10166,846,3.22726,44.17945
10186,845,3.22717,44.17928
10195,845,3.22708,44.17924
10205,844,3.22704,44.17915
10220,843,3.22709,44.17902
10237,839,3.22706,44.17887
10256,837,3.22716,44.17871
10272,829,3.22723,44.17858
10292,828,3.22712,44.17842
10312,827,3.22717,44.17824
10345,823,3.22712,44.17795
10352,821,3.22717,44.17789
10357,821,3.22719,44.17785
10368,819,3.22712,44.17777
10375,822,3.2271,44.17771
10381,818,3.22711,44.17766
10396,815,3.22722,44.17755
10425,814,3.22726,44.17729
10434,814,3.2273,44.17721
10438,812,3.22733,44.17718
10443,812,3.22733,44.17714
10449,813,3.22738,44.1771
10453,813,3.22738,44.17706
10462,810,3.22741,44.17699
10476,807,3.22757,44.17694
10483,804,3.22759,44.17688
10487,804,3.22758,44.17684
10490,804,3.22755,44.17682
10494,804,3.22751,44.17681
10502,800,3.22755,44.17675
10509,797,3.22753,44.17669
10521,797,3.22766,44.17664
10525,796,3.22771,44.17663
10532,794,3.22771,44.17657
10536,794,3.22775,44.17655
10568,789,3.22803,44.17635
10579,787,3.22816,44.17636
10585,787,3.22822,44.1764
10592,787,3.22826,44.17645
10633,786,3.22874,44.17659
10653,784,3.22893,44.1767
10669,786,3.22913,44.17674
10686,788,3.22934,44.17671
10695,788,3.2294,44.17665
10703,790,3.2294,44.17657
10725,788,3.22929,44.17639
10737,791,3.22922,44.1763
10743,791,3.22921,44.17624
10750,789,3.22922,44.17618
10761,788,3.22926,44.17609
10769,789,3.22933,44.17603
10782,790,3.22948,44.17606
10794,792,3.22956,44.17615
10803,796,3.22961,44.17623
10830,799,3.22986,44.17638
10850,802,3.23012,44.17638
10868,802,3.23034,44.17639
10890,803,3.2306,44.17645
10896,804,3.23067,44.17644
10901,806,3.23073,44.17642
10926,809,3.2309,44.17624
10953,812,3.23111,44.17604
10962,808,3.2312,44.176
10980,813,3.23141,44.17594
10995,814,3.2316,44.17593
11033,815,3.23201,44.17576
11046,814,3.23213,44.17568
11062,815,3.23229,44.17559
11091,822,3.23264,44.17556
11123,826,3.23302,44.17546
11149,828,3.23334,44.17544
11192,831,3.23381,44.17526
11240,835,3.23439,44.17517
11279,842,3.23486,44.17526
11304,848,3.23517,44.17528
11340,856,3.23557,44.1754
11354,857,3.2357,44.17532
11390,856,3.23607,44.17513
11446,853,3.23675,44.17502
11468,853,3.23701,44.17497
11482,854,3.23716,44.1749
11518,853,3.23752,44.17471
11551,854,3.23763,44.17442
11576,854,3.23781,44.17424
11598,854,3.238,44.17409
11646,853,3.2386,44.1741
11671,853,3.23891,44.17408
11713,853,3.23942,44.17416
11737,854,3.23972,44.17415
11772,854,3.24011,44.174
11786,854,3.24025,44.17393
11814,854,3.24041,44.1737
11838,853,3.24052,44.1735
11878,853,3.24077,44.17319
11910,853,3.24096,44.17294
11945,853,3.24126,44.17271
11961,853,3.24138,44.17259
11972,853,3.24144,44.1725
11988,853,3.24148,44.17236
12001,853,3.24149,44.17225
12012,854,3.24156,44.17216
12026,853,3.24168,44.17207
12045,855,3.24176,44.17191
12070,854,3.24179,44.17168
12087,855,3.24189,44.17155
12117,855,3.24211,44.17133
12139,855,3.24225,44.17116
12163,855,3.24239,44.17097
12188,855,3.24251,44.17076
12230,854,3.2426,44.17039
12235,851,3.24266,44.17039
12270,855,3.24276,44.1707
12280,856,3.24286,44.17076
12288,857,3.24295,44.17078
12300,857,3.2431,44.17076
12313,859,3.24325,44.17072
12331,858,3.24347,44.17067
12348,859,3.24367,44.17069
12376,859,3.24401,44.17076
12388,859,3.24413,44.17082
12411,860,3.24422,44.17102
12427,860,3.24438,44.17111
12436,860,3.2444,44.17119
12465,860,3.24436,44.17145
12480,861,3.24439,44.17158
12488,860,3.24444,44.17164
12511,858,3.24466,44.17178
12520,858,3.24473,44.17184
12528,858,3.24474,44.17191
12545,858,3.24472,44.17207
12566,857,3.24485,44.17223
12578,857,3.24497,44.1723
12600,856,3.2452,44.1724
12621,856,3.24541,44.17251
12627,855,3.24549,44.17252
12632,855,3.24553,44.17255
12636,855,3.24555,44.17258
12656,856,3.2458,44.17262
12672,854,3.246,44.1726
12691,854,3.2462,44.17251
12698,852,3.24628,44.17249
12699,852,3.2463,44.17249
12704,852,3.24636,44.1725
12714,855,3.24646,44.17255
12719,853,3.24652,44.17257
12735,855,3.24664,44.17268
12744,855,3.24671,44.17274
12747,856,3.24675,44.17274
12750,856,3.24679,44.17275
12753,856,3.24682,44.17274
12763,856,3.24695,44.17272
12771,855,3.24691,44.17266
12785,853,3.24675,44.1726
12791,853,3.24674,44.17255
12796,853,3.24678,44.17251
12809,852,3.24693,44.17248
12815,852,3.247,44.17249
12833,853,3.24718,44.17259
12842,855,3.24729,44.17262
12867,855,3.24759,44.17266
12890,855,3.24788,44.17262
12900,855,3.24799,44.17259
12903,855,3.24802,44.17257
12911,855,3.24803,44.1725
12936,855,3.24811,44.17228
12946,855,3.24817,44.1722
12963,855,3.2483,44.17208
12993,857,3.24856,44.17189
13004,857,3.24867,44.17182
13013,858,3.24877,44.17178
13020,858,3.24885,44.17178
13029,859,3.24894,44.17173
13033,859,3.24897,44.1717
13046,860,3.24896,44.17158
13063,860,3.2489,44.17144
13075,859,3.24882,44.17134
13093,859,3.24869,44.17121
13104,859,3.24859,44.17114
13128,860,3.24842,44.17097
13147,861,3.24839,44.1708
13181,864,3.24839,44.17049
13208,866,3.24835,44.17025
13228,867,3.24839,44.17007
13234,868,3.24844,44.17004
13252,870,3.24866,44.16999
13264,872,3.24879,44.16993
13277,873,3.24887,44.16983
13312,872,3.24879,44.16952
13339,871,3.24883,44.16928
13351,872,3.24875,44.16919
13361,870,3.24866,44.16913
13379,869,3.24855,44.16899
13394,868,3.24844,44.16888
13410,866,3.24831,44.16877
13433,864,3.24814,44.1686
13440,863,3.2481,44.16854
13447,863,3.24808,44.16848
13466,862,3.2481,44.16831
13475,862,3.24809,44.16823
13480,862,3.24806,44.16819
13498,861,3.24784,44.16818
13507,860,3.24773,44.16815
13518,860,3.24764,44.16808
13528,859,3.24752,44.16804
13548,858,3.24729,44.16799
13561,857,3.24712,44.16797
13574,857,3.24697,44.16796
13585,856,3.24683,44.16797
13598,856,3.24667,44.168
13617,854,3.24644,44.16797
13625,854,3.24635,44.16794
13639,852,3.2462,44.16787
13658,850,3.24597,44.16782
13682,849,3.24571,44.16772
13708,848,3.2454,44.16765
13726,846,3.24518,44.16764
13749,846,3.24491,44.16755
13761,844,3.24477,44.16752
13799,844,3.2443,44.16749
13807,841,3.24421,44.16745
13826,844,3.244,44.16738
13837,843,3.24399,44.16728
13852,844,3.24404,44.16715
13862,846,3.24397,44.16707
13868,845,3.2439,44.16705
13877,844,3.2438,44.16703
13891,843,3.24362,44.16701
13927,833,3.24318,44.16704
13944,829,3.24297,44.16706
13958,826,3.24281,44.1671
13971,822,3.24268,44.16715
13983,818,3.24253,44.16712
13996,818,3.24252,44.16701
14009,816,3.24246,44.1669
14024,812,3.24229,44.16686
14042,809,3.24209,44.16694
14049,811,3.24202,44.1669
14054,809,3.24203,44.16686
14077,811,3.2422,44.16669
14088,812,3.24222,44.16659
14102,810,3.2421,44.16651
14128,808,3.24177,44.16651
14154,805,3.24149,44.16663
14175,803,3.24123,44.16665
14201,801,3.2412,44.16688
14217,801,3.24128,44.16701
14225,801,3.24125,44.16708
14247,801,3.24102,44.16696
14301,800,3.24062,44.16657
14315,799,3.24047,44.16651
14338,799,3.24021,44.16659
14363,798,3.23991,44.16653
14375,797,3.23976,44.16653
14388,797,3.23961,44.16659
14414,796,3.23929,44.1666
14428,796,3.23912,44.16656
14438,796,3.239,44.16654
14476,793,3.23864,44.16632
14489,790,3.23849,44.16627
14502,788,3.23833,44.16625
14513,786,3.23819,44.16624
14529,785,3.238,44.16627
14539,785,3.23787,44.16627
14549,784,3.23777,44.16623
14576,782,3.23757,44.16604
14589,781,3.23749,44.16593
14612,779,3.23735,44.16575
14660,778,3.23683,44.16555
14714,778,3.23616,44.16546
14735,776,3.23591,44.16542
14760,778,3.23571,44.16524
14803,778,3.23537,44.16494
14832,776,3.23508,44.16478
14865,775,3.23475,44.16461
14944,774,3.2339,44.16425
14993,772,3.23343,44.16397
15024,768,3.23317,44.16376
15066,768,3.23281,44.16348
15169,771,3.2319,44.16283
15198,769,3.23165,44.16264
15228,764,3.23148,44.1624
15265,764,3.23128,44.1621
15298,765,3.23149,44.16184
15354,769,3.23183,44.1614
15383,769,3.23151,44.16151
15402,769,3.23131,44.1616
15437,773,3.23087,44.16162
15448,774,3.23073,44.16161
15485,784,3.23105,44.16139
15521,787,3.23122,44.16109
15553,788,3.2313,44.16081
15578,788,3.23132,44.16058
15583,790,3.23132,44.16054
15589,792,3.23126,44.1605
15607,786,3.23129,44.16034
15622,787,3.23127,44.16021
15635,784,3.23115,44.16013
15644,783,3.23106,44.16008
15674,779,3.23081,44.15988
15692,779,3.23073,44.15973
15715,776,3.23076,44.15952
15745,774,3.23073,44.15925
15753,773,3.23072,44.15918
15769,772,3.23072,44.15904
15803,770,3.2307,44.15873
15814,769,3.23075,44.15864
15835,769,3.23083,44.15846
15861,768,3.23086,44.15823
15870,768,3.23089,44.15815
15891,768,3.23083,44.15797
15897,768,3.23084,44.15791
15926,767,3.23075,44.15766
15959,767,3.23064,44.15737
15992,767,3.23052,44.15709
16041,765,3.23034,44.15667
16066,764,3.23035,44.15644
16091,763,3.2304,44.15622
16118,762,3.23058,44.15602
16128,763,3.23067,44.15596
16138,762,3.23064,44.15587
16225,761,3.23061,44.15509
16266,761,3.23058,44.15472
16312,762,3.2307,44.15431
16332,763,3.23067,44.15413
16349,764,3.2307,44.15398
16367,764,3.23073,44.15382
16432,761,3.2307,44.15324
16451,759,3.23072,44.15307
16510,756,3.23108,44.1526
16541,753,3.23127,44.15236
16574,751,3.23149,44.15211
16626,748,3.23184,44.15171
16678,747,3.23231,44.1514
16774,746,3.23331,44.15092
16812,748,3.23375,44.15078
16844,751,3.23414,44.15076
16876,753,3.2345,44.15089
16895,754,3.23474,44.15087
16917,755,3.23499,44.1508
16971,758,3.23567,44.15079
16978,759,3.23575,44.15078
16990,759,3.2359,44.15076
17008,759,3.23611,44.15071
17026,761,3.23633,44.15066
17061,765,3.23676,44.15059
17083,768,3.23701,44.15054
17105,771,3.23727,44.15062
17126,772,3.23749,44.15072
17137,773,3.23762,44.15076
17144,773,3.23769,44.15073
17156,776,3.23777,44.15082
17169,779,3.23786,44.15091
17212,784,3.23838,44.15101
17243,789,3.23869,44.15117
17249,790,3.23873,44.15122
17253,790,3.23877,44.15122
17258,789,3.23883,44.15119
17277,790,3.23903,44.15111
17296,791,3.23915,44.15126
17316,793,3.23922,44.15143
17322,793,3.23927,44.15147
17342,795,3.23951,44.15152
17358,797,3.2397,44.15158
17377,797,3.2399,44.15167
17385,798,3.23999,44.15167
17393,799,3.2401,44.15166
17408,799,3.24026,44.15172
17420,800,3.24037,44.15179
17435,800,3.24053,44.15187
17471,802,3.24097,44.15194
17539,808,3.24179,44.15206
17603,816,3.24258,44.15215
17627,817,3.24287,44.1522
17655,823,3.24322,44.15216
17669,824,3.24339,44.15218
17692,826,3.24367,44.15217
17720,828,3.24401,44.15222
17736,829,3.2442,44.15228
17762,829,3.24448,44.15239
17780,830,3.24471,44.15239
17803,833,3.24496,44.15229
17828,835,3.24525,44.15223
17848,838,3.2455,44.1522
17861,839,3.24566,44.15222
17888,842,3.24599,44.15226
17923,846,3.2464,44.15235
17952,849,3.24671,44.15249
17961,850,3.24683,44.15249
17978,850,3.24703,44.15251
18012,856,3.24745,44.15247
18029,858,3.24765,44.15241
18044,861,3.24782,44.15237
18059,864,3.24798,44.15229
18077,866,3.24812,44.15218
18091,867,3.24817,44.15206
18098,867,3.24824,44.15201
18132,869,3.24864,44.15193
18135,869,3.24868,44.15194
18160,871,3.24898,44.15189
18179,871,3.24922,44.15187
18198,872,3.24943,44.1518
18216,873,3.24966,44.15179
18230,875,3.24983,44.15176
18243,877,3.24999,44.15178
18254,875,3.2501,44.15173
18292,873,3.2504,44.15146
18299,874,3.25044,44.1514
18308,874,3.25046,44.15132
18326,872,3.25038,44.15117
18335,871,3.25038,44.15109
18361,872,3.25048,44.15087
18380,873,3.2505,44.1507
18391,873,3.25055,44.15061
18417,873,3.25077,44.15044
18431,873,3.25092,44.15036
18445,873,3.25108,44.15032
18450,873,3.25114,44.15033
18456,872,3.25121,44.15033
18484,871,3.25156,44.15039
18509,871,3.25187,44.15043
18514,871,3.25192,44.15044
18525,871,3.25205,44.15049
18552,871,3.25237,44.15055
18572,870,3.25262,44.15059
18593,869,3.25286,44.15065
18601,868,3.25296,44.15067
18606,868,3.25302,44.15067
18614,868,3.25312,44.15068
18669,871,3.25378,44.15081
18678,871,3.25389,44.15084
18700,871,3.25409,44.15097
18715,870,3.25425,44.15105
18746,870,3.25461,44.15114
18764,870,3.2548,44.15124
18785,870,3.25497,44.15138
18795,869,3.25503,44.15146
18810,870,3.25517,44.15155
18846,868,3.25557,44.15169
18868,867,3.25581,44.15179
18882,868,3.25597,44.15183
18889,867,3.25606,44.15184
18907,866,3.25628,44.15181
18944,864,3.25672,44.1517
18947,864,3.25675,44.15168
18977,866,3.25705,44.15184
18993,867,3.25714,44.15197
19003,867,3.25718,44.15205
19012,868,3.2572,44.15213
19021,868,3.2572,44.15221
19041,869,3.25722,44.15239
19048,869,3.25724,44.15245
19063,870,3.2573,44.15258
19087,872,3.25736,44.15279
19099,873,3.25737,44.1529
19102,873,3.2574,44.15288
19105,873,3.25743,44.15287
19115,873,3.25755,44.15284
19127,873,3.2577,44.15284
19191,871,3.25849,44.15293
19195,871,3.25854,44.15293
19204,871,3.25864,44.15289
19215,870,3.25875,44.15283
19227,870,3.25883,44.15274
19251,869,3.25911,44.15267
19262,868,3.2591,44.15257
19271,869,3.259,44.1526
19279,869,3.25896,44.15267
19286,870,3.25889,44.15263
19333,869,3.25866,44.15224
19370,867,3.2584,44.15197
19386,866,3.25824,44.15188
19413,866,3.25798,44.15173
19423,865,3.25786,44.15169
19463,865,3.25737,44.15176
19472,864,3.25735,44.15168
19484,864,3.25749,44.15165
19491,864,3.25753,44.15159
19509,863,3.25754,44.15143
19512,863,3.25751,44.15141
19530,862,3.25729,44.15138
19534,862,3.25725,44.15137
19559,862,3.25698,44.15125
19567,861,3.25688,44.15123
19580,861,3.25674,44.15128
19594,860,3.25665,44.15117
19610,860,3.25658,44.15104
19620,860,3.25654,44.15095
19631,860,3.25652,44.15085
19649,859,3.2565,44.15069
19661,858,3.25652,44.15058
19681,857,3.25646,44.15041
19733,854,3.25618,44.14999
19770,853,3.25602,44.14968
19777,853,3.25598,44.14962
19790,852,3.25588,44.14953
19800,852,3.25579,44.14946
19838,852,3.25551,44.14919
19848,852,3.25542,44.14912
19882,851,3.25507,44.14895
19907,851,3.25481,44.14882
19915,851,3.25475,44.14877
19924,851,3.25468,44.1487
19938,850,3.25471,44.14858
19991,844,3.25493,44.14813
19998,843,3.25493,44.14807
20010,842,3.25486,44.14797
20053,841,3.25455,44.14766
20061,841,3.25451,44.14759
20075,841,3.25449,44.14747
20095,840,3.2545,44.14729
20120,839,3.25454,44.14706
20139,836,3.25462,44.1469
20157,835,3.25462,44.14674
20190,833,3.25454,44.14645
20202,833,3.25452,44.14634
20234,831,3.25453,44.14606
20237,831,3.25454,44.14603
20273,830,3.25444,44.14571
20290,829,3.25441,44.14556
20300,828,3.25442,44.14547
20310,827,3.25445,44.14539
20316,827,3.25445,44.14533
20323,826,3.25444,44.14527
20345,825,3.25433,44.14509
20353,826,3.2543,44.14502
20385,824,3.25406,44.14479
20401,824,3.25398,44.14466
20429,824,3.25396,44.14441
20482,825,3.25397,44.14393
20512,825,3.25399,44.14366
20521,824,3.25396,44.14358
20549,823,3.25376,44.14338
20556,823,3.25373,44.14332
20566,822,3.25367,44.14324
20594,820,3.25362,44.14299
20623,818,3.25366,44.14273
20638,815,3.25363,44.1426
20648,815,3.25362,44.14251
20744,808,3.25323,44.14169
20776,807,3.25309,44.14142
20880,802,3.2529,44.1405
20904,801,3.2528,44.1403
20940,801,3.25279,44.13997
20967,799,3.25282,44.13973
21016,796,3.25289,44.13929
21047,795,3.25296,44.13902
21085,792,3.25306,44.13869
21129,789,3.2532,44.1383
21169,786,3.25331,44.13795
21248,780,3.25339,44.13725
21259,780,3.25341,44.13715
21303,775,3.25344,44.13675
21326,772,3.25345,44.13655
21339,772,3.25347,44.13643
21352,772,3.25351,44.13632
21357,771,3.2535,44.13628
21393,772,3.25352,44.13595
21416,772,3.25352,44.13575
21449,772,3.25324,44.13553
21502,769,3.25279,44.13518
21530,769,3.25258,44.13498
21557,768,3.25237,44.13478
21564,766,3.25229,44.13476
21569,766,3.25224,44.13478
21585,764,3.2521,44.13488
21591,764,3.25202,44.13489
21599,764,3.25192,44.13487
21606,764,3.25185,44.13484
21642,766,3.25153,44.13461
21671,764,3.2513,44.13441
21683,766,3.25118,44.13435
21709,763,3.25093,44.1342
21726,764,3.25074,44.13412
21758,761,3.25037,44.13403
21775,761,3.2502,44.13394
21815,760,3.24991,44.13364
21839,758,3.24972,44.13348
21884,757,3.24925,44.13325
21894,759,3.24913,44.13323
21900,757,3.24909,44.13318
21908,757,3.2491,44.13311
21916,754,3.24905,44.13305
21926,754,3.24895,44.13299
21962,753,3.24866,44.13274
21968,750,3.24863,44.1327
21974,751,3.24857,44.13266
21981,751,3.24853,44.13261
21988,748,3.24846,44.13257
21999,746,3.24839,44.13248
22005,746,3.24832,44.13246
22013,748,3.24825,44.13242
22019,746,3.24818,44.13239
22030,748,3.24808,44.13232
22037,743,3.24801,44.13229
22042,744,3.24797,44.13225
22054,742,3.24785,44.13219
22064,746,3.24779,44.13211
22073,744,3.24769,44.13207
22083,743,3.24762,44.132
22093,741,3.24756,44.13192
22102,742,3.24747,44.13187
22109,742,3.2474,44.13183
22119,741,3.24733,44.13176
22156,742,3.24701,44.13152
22175,743,3.24682,44.13142
22196,737,3.24665,44.13127
22204,740,3.24658,44.13122
22231,737,3.2464,44.13102
22237,735,3.24634,44.13098
22247,738,3.2463,44.1309
22292,732,3.2462,44.1305
22304,730,3.24616,44.1304
22319,730,3.24609,44.13027
22331,728,3.24601,44.13018
22339,728,3.24593,44.13014
22345,726,3.24595,44.13009
22353,726,3.24593,44.13002
22367,722,3.24587,44.1299
22376,722,3.24581,44.12984
22386,720,3.24568,44.12983
22391,720,3.24563,44.12981
22410,717,3.24549,44.12995
22429,714,3.24537,44.1301
22463,711,3.24508,44.13031
22480,711,3.24492,44.13041
22510,708,3.24467,44.13062
22523,706,3.24454,44.13069
22536,703,3.24445,44.13078
22539,703,3.24441,44.13078
22543,703,3.24441,44.13074
22548,703,3.24445,44.13071
22557,706,3.24453,44.13065
22567,700,3.24458,44.13057
22572,700,3.24459,44.13053
22602,693,3.24477,44.13029
22609,699,3.24483,44.13025
22614,693,3.24484,44.1302
22621,693,3.24488,44.13015
22627,689,3.24489,44.1301
22641,690,3.24495,44.12999
22647,690,3.24497,44.12993
22660,685,3.24498,44.12982
22677,682,3.24503,44.12967
22698,677,3.24512,44.1295
22704,677,3.24517,44.12946
22710,677,3.24519,44.12941
22720,678,3.24517,44.12932
22728,676,3.2451,44.12927
22734,676,3.24502,44.12927
22740,671,3.245,44.12932
22742,671,3.24497,44.12932
22744,671,3.24495,44.12933
22764,665,3.24485,44.12948
22768,665,3.2448,44.12948
22774,660,3.24477,44.12943
22785,659,3.24476,44.12933
22795,657,3.24477,44.12924
22803,656,3.24474,44.12918
22809,652,3.24467,44.12919
22835,652,3.24458,44.12941
22856,648,3.24444,44.12958
22884,647,3.24424,44.12978
22901,646,3.24411,44.1299
22912,647,3.24402,44.12997
22922,645,3.24392,44.13003
22928,641,3.24385,44.13005
22932,641,3.24381,44.13007
22936,651,3.24376,44.13007
22938,651,3.24374,44.13008
22945,658,3.2437,44.13004
22947,658,3.24369,44.13002
22982,649,3.24367,44.12972
22985,644,3.24366,44.12969
22994,647,3.2436,44.12962
23029,636,3.24332,44.1294
23048,636,3.24317,44.12927
23073,636,3.24294,44.12912
23081,632,3.24285,44.12909
23093,633,3.2427,44.12907
23107,635,3.24252,44.12907
23178,631,3.24165,44.1292
23204,633,3.24133,44.12923
23218,631,3.24118,44.12929
23234,634,3.24108,44.12942
23241,638,3.241,44.12943
23253,640,3.24089,44.12935
23261,635,3.24087,44.12928
23265,635,3.24084,44.12926
23278,634,3.24075,44.12916
23292,636,3.24062,44.12907
23298,636,3.24062,44.12902
23300,646,3.24063,44.129
23315,636,3.24071,44.12893
23323,644,3.24075,44.12886
23352,637,3.24094,44.12864
23361,638,3.24097,44.12856
23371,635,3.24102,44.12848
23397,635,3.2411,44.12825
23404,634,3.24114,44.12819
23416,636,3.24118,44.12809
23430,639,3.24123,44.12797
23435,633,3.24121,44.12793
23438,637,3.24122,44.1279
23441,637,3.24122,44.12787
23465,640,3.24136,44.12768
23478,639,3.24141,44.12757
23485,653,3.2414,44.12752
23497,641,3.24142,44.12749
23509,652,3.2414,44.12746
23520,641,3.24142,44.12743
23525,649,3.24139,44.1274
23527,649,3.24136,44.1274
23534,649,3.24138,44.12734
23538,649,3.24136,44.12731
23543,646,3.24131,44.12728
23553,650,3.24123,44.12722
23561,651,3.24117,44.12716
23571,649,3.24108,44.1271
23579,648,3.24099,44.12709
23587,654,3.24089,44.12711
23626,655,3.2404,44.12715
23643,657,3.24019,44.12715
23652,660,3.24009,44.12717
23658,660,3.24002,44.12717
23663,664,3.23996,44.12714
23672,668,3.23989,44.12708
23688,672,3.23976,44.127
23699,672,3.23971,44.12691
23714,677,3.23967,44.12677
23748,687,3.23954,44.1265
23798,691,3.23944,44.12606
23807,690,3.23942,44.12598
23833,694,3.23933,44.12575
23846,699,3.23927,44.12565
23853,699,3.23925,44.12559
23870,701,3.2393,44.12544
23873,693,3.23932,44.12542
23884,694,3.23934,44.12532
23894,692,3.23937,44.12523
23903,696,3.23938,44.12515
23915,694,3.23933,44.12505
23923,690,3.23928,44.12499
23927,690,3.23924,44.12498
23933,693,3.23916,44.12497
23942,692,3.23905,44.12497
23957,690,3.23924,44.12498
23964,693,3.23916,44.12497
23973,692,3.23905,44.12497
23978,692,3.23899,44.12499
23991,694,3.23883,44.12502
24000,698,3.23874,44.12507
24011,700,3.23865,44.12514
24026,697,3.23849,44.1252
24031,697,3.23843,44.1252
24037,702,3.23836,44.12523
24045,698,3.2383,44.12528
24048,698,3.23826,44.12528
24054,708,3.23823,44.12533
24059,706,3.23817,44.12535
24065,706,3.23813,44.1254
24069,704,3.23808,44.1254
24080,709,3.23797,44.12545
24084,709,3.23796,44.12548
24087,709,3.23794,44.1255
24091,709,3.23789,44.12549
24095,708,3.23784,44.12551
24102,715,3.23776,44.12553
24114,715,3.23765,44.1256
24128,712,3.23747,44.1256
24138,720,3.23738,44.12565
24146,720,3.23731,44.1257
24152,727,3.23724,44.12571
24158,726,3.23719,44.12575
24165,726,3.23711,44.12578
24173,731,3.23706,44.12582
24181,732,3.23696,44.12584
24192,732,3.23685,44.12589
24202,733,3.23679,44.12597
24205,733,3.23676,44.12599
24210,739,3.23674,44.12603
24222,742,3.23669,44.12612
24229,742,3.23672,44.12618
24233,745,3.23674,44.12621
24245,743,3.23688,44.12617
24249,747,3.23693,44.12618
24251,747,3.23693,44.1262
24254,751,3.23691,44.12621
24258,747,3.23688,44.12624
24276,751,3.23679,44.12638
24282,755,3.23678,44.12644
24288,755,3.23674,44.12648
24294,758,3.23671,44.12653
24309,759,3.23659,44.12664
24314,759,3.23656,44.12668
24330,762,3.23652,44.12681
24346,761,3.23646,44.12695
24352,761,3.23646,44.127
24362,764,3.23641,44.12708
24373,763,3.23632,44.12716
24377,763,3.23632,44.1272
24383,766,3.23629,44.12724
24389,766,3.23624,44.12728
24392,766,3.2362,44.12729
24396,769,3.23616,44.12731
24398,769,3.23615,44.12733
24403,769,3.23621,44.12734
24405,769,3.23622,44.12736
24412,773,3.23621,44.12741
24417,773,3.23623,44.12745
24421,773,3.23621,44.12749
24428,780,3.23613,44.12752
24443,784,3.23604,44.12761
24453,781,3.23597,44.12769
24474,790,3.2359,44.12787
24486,794,3.23584,44.12796
24500,795,3.23574,44.12806
24506,800,3.23571,44.12811
24513,797,3.23564,44.12815
24518,795,3.2356,44.12818
24541,799,3.23546,44.12836
24568,803,3.23527,44.12856
24577,805,3.23523,44.12863
24591,806,3.2352,44.12876
24601,807,3.23521,44.12885
24611,806,3.23517,44.12893
24616,806,3.23514,44.12897
24627,806,3.2351,44.12907
24637,808,3.23509,44.12916
24652,808,3.23497,44.12926
24665,811,3.23486,44.12934
24675,812,3.23481,44.12942
24686,810,3.23471,44.12949
24708,814,3.23455,44.12965
24730,815,3.23437,44.1298
24740,815,3.23426,44.12985
24755,816,3.23413,44.12994
24771,815,3.23403,44.13007
24778,816,3.23401,44.13013
24786,815,3.23397,44.1302
24799,817,3.23394,44.13031
24815,816,3.23398,44.13045
24825,817,3.23393,44.13053
24848,817,3.23387,44.13074
24865,819,3.23377,44.13087
24878,817,3.23361,44.13091
24884,818,3.23356,44.13094
24888,816,3.2335,44.13094
24899,815,3.23338,44.13098
24954,814,3.23282,44.13127
24968,819,3.23274,44.13138
24973,821,3.23268,44.1314
24982,819,3.23258,44.13137
24989,824,3.23252,44.13141
24998,820,3.23241,44.13142
25019,821,3.23216,44.1315
25027,824,3.23209,44.13155
25034,824,3.23202,44.13159
25053,829,3.23192,44.13174
25065,830,3.23184,44.13183
25081,828,3.23169,44.13192
25098,835,3.23152,44.13201
25117,833,3.23128,44.13205
25134,835,3.23111,44.13213
25143,832,3.231,44.13216
25147,832,3.23098,44.13219
25151,832,3.23093,44.13218
25164,831,3.23081,44.1321
25170,832,3.23077,44.13206
25181,832,3.23064,44.13203
25199,831,3.23042,44.13208
25226,834,3.23016,44.13223
25259,836,3.22994,44.13248
25268,838,3.22986,44.13254
25277,840,3.22982,44.13262
25283,839,3.22978,44.13266
25292,838,3.22968,44.1327
25300,839,3.22962,44.13276
25308,842,3.22955,44.13281
25324,839,3.22936,44.13284
25335,836,3.22924,44.1329
25345,839,3.22913,44.13292
25346,839,3.22911,44.13293
25351,840,3.22905,44.13292
25361,840,3.229,44.13284
25367,840,3.22894,44.13281
25406,837,3.22845,44.1328
25416,841,3.22833,44.13281
25425,839,3.22822,44.13278
25432,837,3.22814,44.13276
25440,832,3.22808,44.1327
25454,825,3.22811,44.13258
25459,825,3.2281,44.13254
25471,829,3.22796,44.13251
25482,825,3.22783,44.13247
25487,828,3.22778,44.1325
25494,830,3.2277,44.1325
25507,826,3.22755,44.13244
25515,824,3.22749,44.13239
25522,824,3.2274,44.13238
25540,828,3.22731,44.13253
25557,825,3.22712,44.1326
25562,827,3.22706,44.13262
25568,830,3.227,44.1326
25589,827,3.22703,44.13241
25594,828,3.22699,44.13238
25606,828,3.22684,44.13242
25621,822,3.2267,44.1325
25625,830,3.22665,44.13252
25633,824,3.22656,44.13249
25650,817,3.22635,44.13249
25660,808,3.22624,44.13251
25666,808,3.22621,44.13256
25679,822,3.22619,44.13262
25687,819,3.22621,44.13269
25702,828,3.22631,44.13281
25708,828,3.22632,44.13286
25720,829,3.22625,44.13296
25729,837,3.22624,44.13302
25734,837,3.22629,44.13304
25742,835,3.22639,44.13303
25749,835,3.22645,44.13298
25755,838,3.22652,44.13297
25760,838,3.22657,44.13299
25779,842,3.2266,44.13316
25787,844,3.22659,44.13323
25795,844,3.22661,44.1333
25798,844,3.22665,44.1333
25808,843,3.22676,44.13335
25819,842,3.22689,44.13336
25827,843,3.22693,44.13343
25854,847,3.22691,44.13367
25873,850,3.22699,44.13383
25891,850,3.22689,44.13397
25913,851,3.22678,44.13416
25922,850,3.22678,44.13424
25930,849,3.22679,44.13431
25946,851,3.22686,44.13444
25958,852,3.22687,44.13455
25965,853,3.22688,44.13461
25983,855,3.22701,44.13475
25992,855,3.22708,44.13481
26001,855,3.22719,44.13482
26012,855,3.22732,44.13478
26026,855,3.22749,44.1348
26039,855,3.22763,44.13486
26046,855,3.22769,44.1349
26052,854,3.22774,44.13494
26057,854,3.22776,44.13499
26065,853,3.22773,44.13506
26074,851,3.22768,44.13513
26078,851,3.22767,44.13516
26082,851,3.2277,44.13519
26085,850,3.22774,44.13519
26098,847,3.22784,44.13528
26110,843,3.22795,44.13536
26121,845,3.228,44.13545
26128,842,3.22806,44.13549
26136,843,3.22817,44.13549
26151,845,3.22835,44.13546
26167,844,3.22847,44.13557
26181,846,3.22864,44.13562
26207,846,3.22895,44.13567
26224,843,3.22916,44.13563
26252,839,3.22941,44.13545
26259,839,3.22948,44.13542
26294,838,3.22991,44.13547
26308,836,3.23009,44.13547
26317,838,3.23015,44.13554
26326,839,3.23018,44.13561
26335,839,3.23017,44.13569
26342,836,3.23013,44.13575
26356,838,3.23,44.13583
26387,835,3.22965,44.13596
26409,833,3.22943,44.13608
26416,831,3.2294,44.13614
26422,831,3.2294,44.13619
26438,830,3.2293,44.13632
26443,830,3.22929,44.13636
26469,829,3.22937,44.13659
26479,829,3.22937,44.13668
26493,829,3.22947,44.13678
26514,830,3.22965,44.13691
26523,830,3.2297,44.13699
26532,830,3.22978,44.13704
26546,830,3.22987,44.13715
26552,830,3.22994,44.13718
26561,829,3.23002,44.13723
26568,831,3.23005,44.13729
26573,830,3.23008,44.13733
26581,830,3.23009,44.1374
26594,832,3.23011,44.13752
26615,833,3.23016,44.1377
26621,835,3.23016,44.13776
26630,836,3.23011,44.13783
26638,837,3.23005,44.13788
26643,837,3.23004,44.13793
26659,838,3.23007,44.13807
26667,838,3.23006,44.13814
26676,840,3.22998,44.1382
26682,839,3.22992,44.13823
26693,839,3.22984,44.13831
26701,841,3.22979,44.13837
26709,839,3.22974,44.13844
26726,839,3.22971,44.13859
26735,840,3.22966,44.13866
26741,839,3.2296,44.13869
26753,840,3.22947,44.13874
26779,840,3.22917,44.13884
26786,841,3.2291,44.13888
26799,840,3.22902,44.13898
26811,840,3.22897,44.13908
26832,841,3.22876,44.1392
26839,839,3.22871,44.13925
26851,837,3.22857,44.13928
26860,836,3.22847,44.13925
26888,835,3.22824,44.13905
26902,836,3.22815,44.13895
26918,834,3.22807,44.13881
26927,834,3.22812,44.13874
26935,832,3.22812,44.13867
26943,830,3.22807,44.13861
26953,829,3.22808,44.13852
26970,830,3.22817,44.13838
26981,829,3.22829,44.13834
26990,828,3.22837,44.13828
26994,830,3.22841,44.13826
27004,831,3.22853,44.13823
27018,830,3.22864,44.13813
27048,830,3.22877,44.13788
27059,830,3.22875,44.13778
27070,829,3.22874,44.13768
27084,829,3.22886,44.13759
27093,829,3.22885,44.13751
27114,825,3.22859,44.13748
27123,821,3.22848,44.13746
27129,821,3.22845,44.13741
27142,817,3.22835,44.13733
27156,816,3.22834,44.1372
27167,814,3.22829,44.13711
27178,813,3.22816,44.13708
27190,811,3.22803,44.13702
27200,810,3.22791,44.13705
27213,806,3.22782,44.13714
27244,800,3.22761,44.13737
27312,784,3.22691,44.13767
27345,784,3.2266,44.13787
27371,782,3.22642,44.13807
27413,780,3.22618,44.1384
27425,781,3.2261,44.13849
27440,780,3.22597,44.13859
27462,780,3.22576,44.13872
27492,773,3.22546,44.13888
27515,772,3.22525,44.13902
27522,765,3.22518,44.13899
27561,760,3.22536,44.13867
27594,758,3.22549,44.13839
27624,756,3.22565,44.13815
27639,757,3.22575,44.13803
27647,756,3.22577,44.13796
27657,753,3.22566,44.13792
27665,753,3.22558,44.13796
27687,749,3.22541,44.13811
27762,734,3.22467,44.13851
27808,728,3.22422,44.13876
27816,724,3.22416,44.13871
27852,723,3.22435,44.13842
27858,726,3.2243,44.13838
27869,725,3.22416,44.13839
27886,720,3.22396,44.13843
27899,714,3.22384,44.13851
27911,715,3.22371,44.13855
27926,717,3.22352,44.13859
27943,714,3.22336,44.13868
27961,702,3.22329,44.13883
27982,699,3.22315,44.13899
28039,685,3.22273,44.13938
28049,683,3.22265,44.13945
28060,681,3.22252,44.13946
28113,674,3.22189,44.13932
28135,675,3.22163,44.13927
28188,666,3.22103,44.13906
28203,667,3.22087,44.13899
28230,658,3.22057,44.1389
28268,651,3.22013,44.13878
28298,644,3.21989,44.13859
28310,644,3.21986,44.13848
28324,639,3.2197,44.13843
28337,639,3.21965,44.13832
28361,631,3.21948,44.13816
28388,626,3.2195,44.13792
28419,620,3.21962,44.13766
28425,620,3.21961,44.13761
28429,614,3.21956,44.1376
28442,613,3.21943,44.13767
28449,610,3.21939,44.13763
28458,611,3.21941,44.13755
28461,608,3.21939,44.13753
28465,608,3.21934,44.13754
28483,606,3.21925,44.13769
28488,604,3.21919,44.1377
28495,604,3.21913,44.13766
28500,604,3.21912,44.13761
28519,597,3.2191,44.13745
28523,597,3.21907,44.13742
28528,597,3.21901,44.13741
28535,593,3.21894,44.13744
28550,591,3.21879,44.13752
28564,587,3.21869,44.13761
28579,584,3.21854,44.13769
28609,585,3.21821,44.13783
28615,584,3.21815,44.13781
28620,574,3.21816,44.13778
28636,573,3.21829,44.13767
28667,573,3.21843,44.13741
28693,570,3.21853,44.13718
28699,567,3.21854,44.13713
28710,566,3.21853,44.13703
28719,568,3.21852,44.13695
28735,565,3.21841,44.13684
28752,558,3.21835,44.13669
28765,556,3.21839,44.13659
28769,556,3.21839,44.13655
28787,557,3.21836,44.13639
28796,557,3.21833,44.13631
28803,558,3.21832,44.13625
28841,552,3.21835,44.13591
28851,551,3.21835,44.13582
28869,552,3.21832,44.13566
28880,549,3.21828,44.13556
28893,551,3.21831,44.13545
28897,549,3.21828,44.13542
28902,549,3.21822,44.13542
28915,547,3.21812,44.13551
28920,546,3.21806,44.13551
28926,545,3.21805,44.13545
28944,542,3.21804,44.13529
28962,540,3.21807,44.13513
28978,535,3.21803,44.135
28995,533,3.21802,44.13485
29009,532,3.21804,44.13472
29026,525,3.21808,44.13458
29038,531,3.2182,44.13452
29045,529,3.21821,44.13446
29053,526,3.21814,44.1344
29060,521,3.21819,44.13435
29073,523,3.21822,44.13424
29087,520,3.2183,44.13412
29101,519,3.21839,44.13402
29108,515,3.21838,44.13396
29119,511,3.21837,44.13386
29136,511,3.21847,44.13373
29150,511,3.21854,44.13361
29166,514,3.2186,44.13347
29173,508,3.21868,44.13349
29179,505,3.21874,44.13347
29205,506,3.219,44.13333
29221,500,3.21912,44.13322
29251,502,3.21933,44.13299
29264,493,3.21933,44.13288
29280,498,3.21925,44.13275
29306,492,3.21929,44.13252
29336,490,3.21931,44.13225
29348,489,3.21934,44.13214
29360,490,3.21935,44.13204
29369,487,3.21937,44.13196
29381,486,3.21944,44.13186
29390,490,3.21946,44.13178
29405,495,3.21957,44.13167
29428,482,3.21983,44.1316
29436,481,3.21992,44.13157
29447,484,3.21996,44.13147
29458,480,3.22004,44.13139
29474,482,3.22008,44.13125
29485,482,3.22009,44.13115
29500,478,3.22014,44.13102
29512,473,3.22025,44.13095
29522,474,3.22035,44.13091
29530,473,3.22038,44.13084
29541,471,3.22033,44.13075
29551,473,3.22036,44.13066
29563,471,3.22044,44.13057
29574,470,3.22054,44.1305
29587,472,3.22062,44.1304
29601,470,3.22067,44.13028
29613,469,3.22077,44.1302
29625,473,3.22082,44.13009
29641,467,3.22099,44.13015
29644,467,3.22103,44.13014
29657,466,3.22113,44.13005
29670,465,3.22129,44.13006
29686,464,3.22148,44.13002
29696,465,3.22143,44.12993
29710,465,3.22157,44.12986
29718,462,3.22155,44.12979
29732,460,3.22143,44.1297
29742,466,3.22139,44.12961
29763,459,3.22144,44.12943
29775,454,3.22154,44.12936
29787,453,3.2215,44.12925
29811,452,3.22134,44.12907
29845,448,3.22134,44.12876
29858,446,3.22131,44.12865
29887,442,3.22108,44.12845
29908,443,3.22093,44.1283
29922,440,3.22083,44.12819
29931,440,3.22075,44.12814
29938,441,3.22076,44.12808
29942,441,3.22078,44.12804
29959,440,3.22097,44.12797
29969,436,3.22105,44.12791
29993,436,3.22114,44.1277
30015,434,3.2213,44.12754
30040,432,3.22144,44.12734
30057,434,3.2215,44.1272
30075,429,3.22161,44.12705
30095,427,3.22181,44.12695
30140,423,3.22235,44.12685
30154,420,3.22252,44.12681
30168,419,3.22262,44.12671
30176,419,3.22263,44.12664
30191,418,3.22262,44.1265
30198,420,3.22264,44.12644
30208,420,3.22275,44.1264
30217,421,3.22282,44.12634
30226,421,3.22292,44.1263
30234,421,3.22298,44.12624
30250,421,3.22305,44.12611
30274,421,3.2232,44.12592
30282,422,3.22328,44.12588
30293,423,3.22336,44.1258
30303,423,3.2234,44.12571
30323,429,3.22342,44.12553
30331,422,3.22346,44.12547
30338,430,3.22353,44.12543
30346,427,3.2236,44.12538
30352,427,3.22357,44.12533
30369,422,3.22339,44.12524
30383,420,3.22328,44.12514
30409,416,3.22316,44.12493
30431,411,3.22303,44.12475
30439,412,3.22294,44.12473
30451,407,3.22283,44.12465
30461,405,3.22277,44.12458
30477,404,3.2227,44.12444
30484,405,3.22263,44.12441
30503,405,3.22241,44.12448
30512,405,3.22231,44.12452
30518,405,3.22224,44.1245
30524,403,3.2222,44.12445
30544,404,3.22225,44.12428
30556,405,3.22235,44.1242
30564,405,3.22245,44.12417
30575,403,3.22258,44.1242
30583,403,3.22268,44.1242
30592,402,3.22277,44.12416
30606,402,3.22288,44.12406
30616,401,3.2229,44.12397
30628,402,3.22288,44.12387
30646,401,3.22279,44.12372
30674,400,3.22255,44.12353
30706,400,3.22232,44.1233
30710,399,3.22229,44.12327
30720,400,3.22218,44.12331
30725,400,3.22212,44.12332
30752,401,3.22178,44.12327
30756,398,3.22174,44.12325
30830,400,3.22169,44.12259
30838,400,3.22166,44.12252
30847,409,3.22158,44.12246
30862,403,3.22141,44.12241
30878,408,3.22121,44.12238
30912,411,3.2208,44.1223
30966,408,3.22013,44.12229
31004,410,3.21971,44.12214
31045,410,3.21934,44.12188
31059,408,3.21919,44.12182
31070,411,3.21912,44.12173
31085,415,3.21898,44.12164
31103,417,3.21881,44.12153
31126,421,3.21865,44.12137
31136,424,3.21861,44.12128
31151,426,3.2186,44.12115
31173,431,3.21845,44.12099
31246,441,3.21822,44.12036
31267,438,3.21819,44.12017
31287,441,3.21821,44.11999
31311,443,3.2183,44.11979
31330,441,3.21839,44.11963
31349,446,3.21844,44.11946
31372,448,3.21852,44.11926
31425,457,3.21893,44.1189
31450,462,3.21917,44.11876
31482,471,3.21931,44.1185
31507,475,3.21946,44.11831
31524,481,3.21958,44.11819
31540,483,3.21974,44.11811
31553,489,3.2199,44.11811
31564,491,3.21999,44.11805
31569,497,3.21999,44.118
31578,497,3.21989,44.11797
31592,501,3.21978,44.1179
31610,506,3.21961,44.11779
31623,508,3.2195,44.1177
31631,508,3.21941,44.11768
31645,510,3.21926,44.11773
31662,513,3.21909,44.11782
31676,513,3.21898,44.11792
31689,516,3.21882,44.11796
31709,520,3.21858,44.11797
31737,522,3.21824,44.11793
31747,526,3.21813,44.11789
31764,530,3.21802,44.11777
31777,532,3.21793,44.11767
31788,534,3.21787,44.11758
31800,532,3.21775,44.11752
31807,539,3.21768,44.11749
31821,540,3.21751,44.1175
31832,538,3.21738,44.11753
31850,540,3.21716,44.11751
31859,546,3.21705,44.11748
31876,551,3.21693,44.11737
31891,552,3.21679,44.11728
31900,552,3.21672,44.11721
31911,550,3.21659,44.11721
31921,558,3.21651,44.11714
31941,560,3.2163,44.11704
31961,565,3.21611,44.11693
31974,563,3.21595,44.11692
31987,570,3.21584,44.11684
32002,574,3.2157,44.11675
32037,577,3.21529,44.11664
32099,591,3.21465,44.11637
32112,589,3.21451,44.11631
32127,593,3.21438,44.11621
32135,597,3.21431,44.11616
32145,604,3.21433,44.11609
32153,601,3.21427,44.11603
32164,605,3.21419,44.11595
32176,608,3.21413,44.11585
32187,614,3.21403,44.1158
32196,614,3.21392,44.11578
32207,616,3.21378,44.11579
32230,621,3.2135,44.11575
32250,625,3.21327,44.11576
32271,625,3.21302,44.11583
32296,629,3.21273,44.11591
32301,634,3.21268,44.11589
32306,634,3.21264,44.11586
32331,639,3.21282,44.11568
32339,639,3.21284,44.11561
32357,639,3.21282,44.11544
32372,640,3.2128,44.11531
32397,643,3.21274,44.11509
32414,639,3.21279,44.11494
32431,644,3.21294,44.11484
32482,647,3.21324,44.11443
32522,647,3.2134,44.11409
32547,647,3.21345,44.11387
32580,647,3.21348,44.11357
32614,653,3.2136,44.11328
32641,653,3.21365,44.11304
32671,653,3.21371,44.11278
32692,656,3.21371,44.11259
32724,654,3.21378,44.1123
32759,659,3.21394,44.11201
32801,659,3.21401,44.11164
32832,659,3.21413,44.11137
32859,659,3.21417,44.11113
32879,660,3.21414,44.11095
32894,661,3.21412,44.11082
32920,662,3.21423,44.1106
33002,667,3.21498,44.11009
33039,671,3.21531,44.10987
33085,672,3.21568,44.10955
33126,678,3.21605,44.10929
33175,683,3.21641,44.10894
33215,686,3.21666,44.10863
33251,688,3.21686,44.10834
33296,689,3.21713,44.10798
33313,691,3.21713,44.10783
33341,689,3.21705,44.10759
33363,689,3.21699,44.10739
33387,688,3.21682,44.10722
33430,686,3.21641,44.10696
33476,686,3.21597,44.1067
33520,688,3.2155,44.10649
33543,690,3.21522,44.10645
33559,691,3.21502,44.10648
33574,690,3.21491,44.10659
33590,692,3.21487,44.10673
33622,690,3.21491,44.10701
33652,690,3.21489,44.10728
33698,685,3.21491,44.1077
33728,683,3.21493,44.10796
33770,682,3.21466,44.10829
33794,682,3.21443,44.10843
33845,682,3.214,44.10877
33887,680,3.21361,44.10902
33905,680,3.21342,44.10911
33923,680,3.21321,44.10915
33938,680,3.21302,44.10915
33990,674,3.21239,44.10906
34004,673,3.21221,44.10903
34031,672,3.21188,44.10903
34066,672,3.21145,44.10898
34080,672,3.21127,44.10898
34088,672,3.21117,44.10899
34120,668,3.21079,44.10908
34132,668,3.21065,44.1091
34146,666,3.21047,44.10908
34167,663,3.21023,44.10902
34200,661,3.20987,44.10888
34250,655,3.20927,44.10874
34259,655,3.20918,44.1087
34278,651,3.20899,44.1086
34316,652,3.20876,44.1083
34327,648,3.20865,44.10825
34336,651,3.20856,44.1082
34470,657,3.2083,44.10701
34507,657,3.20819,44.10668
34550,657,3.20825,44.1063
34574,658,3.20824,44.10608
34603,660,3.20829,44.10582
34623,667,3.20852,44.10576
34639,668,3.20855,44.10562
34661,672,3.20866,44.10545
34686,677,3.20881,44.10525
34713,677,3.20903,44.10507
34727,678,3.20909,44.10495
34736,677,3.20904,44.10488
34772,672,3.20859,44.10483
34787,670,3.20841,44.10482
34812,665,3.20812,44.10473
34835,663,3.20799,44.10455
34874,663,3.20754,44.10441
34894,668,3.20736,44.10429
34902,668,3.20726,44.10427
34921,670,3.20702,44.10429
34930,671,3.20691,44.10429
34941,675,3.2068,44.10425
34958,676,3.20665,44.10414
34980,680,3.20639,44.10408
35009,685,3.20604,44.10402
35043,692,3.20562,44.10399
35060,696,3.20543,44.10402
35072,698,3.20532,44.1041
35085,700,3.2052,44.10418
35113,706,3.205,44.10437
35136,709,3.20484,44.10454
35143,711,3.20477,44.10459
35168,715,3.2045,44.10469
35189,718,3.20426,44.10475
35219,722,3.20388,44.10476
35248,725,3.20353,44.10481
35273,727,3.20327,44.10492
35288,728,3.2031,44.10499
35344,732,3.20243,44.10514
35356,733,3.20229,44.10517
35435,742,3.20138,44.10543
35462,745,3.20109,44.10554
35484,747,3.20082,44.10548
35523,751,3.20038,44.10561
35546,751,3.20017,44.10576
35579,758,3.19976,44.10577
35609,762,3.19975,44.10551
35615,765,3.19968,44.10549
35662,772,3.19917,44.10568
35712,779,3.19861,44.10589
35731,776,3.19851,44.10604
35757,782,3.19823,44.10616
35783,789,3.19796,44.10629
35828,792,3.19765,44.10661
35858,794,3.19747,44.10685
35899,795,3.19707,44.10709
35925,797,3.19683,44.10724
35948,801,3.19655,44.10729
36042,804,3.19564,44.10782
36069,807,3.19537,44.10797
36100,807,3.19517,44.10821
36117,808,3.19501,44.1083
36157,810,3.19475,44.10861
36182,810,3.1946,44.10881
36205,810,3.19439,44.10895
36234,810,3.19417,44.10915
36265,810,3.19393,44.10937
36295,812,3.1936,44.1095
36444,819,3.19174,44.10958
36470,819,3.19142,44.10954
36501,819,3.19166,44.10932
36542,821,3.19206,44.1091
36563,822,3.19222,44.10895
36582,823,3.19231,44.10879
36605,825,3.19242,44.1086
36630,826,3.19264,44.10844
36638,826,3.19267,44.10837
36665,827,3.19253,44.10815
36674,828,3.19251,44.10807
36691,828,3.19261,44.10793
36791,831,3.19347,44.10728
36829,832,3.19375,44.10701
36859,833,3.19391,44.10676
36898,837,3.19412,44.10645
36931,839,3.19423,44.10616
36976,839,3.19447,44.1058
37068,838,3.1946,44.10497
37099,837,3.19477,44.10472
37200,827,3.19482,44.10382
37225,823,3.19478,44.10359
37260,819,3.19486,44.10328
37324,812,3.19502,44.10273
37349,809,3.19489,44.10252
37374,807,3.19478,44.10231
37429,802,3.19473,44.10182
37460,800,3.19471,44.10154
37490,797,3.19473,44.10127
37576,789,3.19496,44.10052
37604,785,3.19504,44.10028
37636,782,3.19498,44.09999
37684,779,3.1949,44.09957
37716,776,3.19479,44.09929
37764,773,3.19462,44.09888
37784,771,3.19463,44.0987
37809,769,3.19453,44.09849
37844,766,3.19438,44.09819
37876,764,3.19445,44.09791
37900,761,3.19437,44.0977
37932,760,3.19449,44.09743
37968,757,3.19451,44.09711
38033,750,3.19425,44.09656
38079,745,3.19425,44.09614
38127,739,3.19402,44.09575
38154,736,3.19419,44.09554
38163,735,3.19412,44.09548
38177,735,3.19396,44.09542
38199,733,3.19374,44.09531
38211,733,3.19359,44.09533
38219,733,3.1935,44.09537
38228,733,3.19342,44.09542
38238,733,3.19334,44.09549
38247,733,3.1933,44.09557
38256,733,3.19323,44.09563
38264,733,3.19313,44.09565
38275,733,3.193,44.09565
38284,733,3.1929,44.09569
38295,733,3.19287,44.09579
38307,733,3.1928,44.09588
38321,732,3.19264,44.09593
38331,732,3.19258,44.09601
38355,731,3.19248,44.09622
38385,731,3.19228,44.09644
38403,731,3.19209,44.09653
38419,731,3.19191,44.09659
38441,731,3.1917,44.09672
38501,728,3.19125,44.09715
38532,725,3.19095,44.09733
38559,725,3.19072,44.09716
38582,725,3.19054,44.09699
38602,725,3.19041,44.09684
38624,725,3.19024,44.09669
38656,727,3.18986,44.0966
38667,727,3.18973,44.09656
38677,728,3.18963,44.0965
38703,729,3.1894,44.09634
38714,731,3.18939,44.09624
38724,731,3.18937,44.09615
38733,732,3.18938,44.09607
38748,732,3.18942,44.09594
38767,732,3.18946,44.09577
38779,732,3.1894,44.09567
38820,732,3.18986,44.09552
38866,732,3.18978,44.09511
38877,732,3.18965,44.09516
38886,732,3.18962,44.09509
38915,732,3.18926,44.09516
38951,732,3.18938,44.09547
38969,733,3.18918,44.09555
38993,733,3.18902,44.09573
39005,733,3.18906,44.09583
39015,733,3.18914,44.0959
39027,732,3.18927,44.09596
39043,732,3.1893,44.0961
39062,731,3.1893,44.09627
39075,729,3.18937,44.09638
39092,728,3.1895,44.0965
39105,727,3.18962,44.09657
39120,725,3.1898,44.09663
39145,724,3.18997,44.09681
39155,724,3.19005,44.09688
39184,722,3.19001,44.09714
39199,721,3.19002,44.09728
39226,719,3.19006,44.09752
39256,718,3.18982,44.09773
39295,716,3.18951,44.098
39344,712,3.18925,44.09839
39380,708,3.18898,44.09865
39403,705,3.18881,44.09882
39421,702,3.18863,44.09892
39440,700,3.18843,44.099
39461,696,3.18818,44.09905
39486,693,3.18795,44.09891
39507,691,3.18769,44.09885
39548,685,3.18719,44.09881
39594,681,3.18664,44.09892
39614,679,3.18639,44.09893
39632,679,3.18617,44.09895
39676,676,3.18563,44.09893
39698,674,3.18535,44.09891
39749,672,3.18472,44.09898
39773,672,3.18442,44.09897
39806,671,3.18401,44.09899
39842,668,3.18356,44.09898
39872,664,3.18319,44.099
39929,651,3.1825,44.09901
39951,650,3.18223,44.09901
40148,637,3.18166,44.10073
40179,635,3.18156,44.101
40236,631,3.18114,44.10142
40287,626,3.18066,44.10172
40334,620,3.18056,44.10213
40385,619,3.18061,44.10259
40476,606,3.17985,44.10319
40515,606,3.17963,44.1035
40542,600,3.17929,44.1035
40583,599,3.17879,44.10359
40613,599,3.17858,44.10381
40645,595,3.17825,44.10396
40685,591,3.17782,44.10415
40777,579,3.17672,44.10436
40813,577,3.17629,44.10444
40849,576,3.1759,44.10428
40869,575,3.17568,44.10419
40883,574,3.17567,44.10406
40898,574,3.17552,44.10399
40911,572,3.1754,44.10391
40924,572,3.17525,44.10385
40944,571,3.17502,44.10378
40958,569,3.17485,44.10377
40970,568,3.17471,44.10379
41019,564,3.17412,44.10391
41042,570,3.17384,44.10394
41067,571,3.17356,44.10405
41075,571,3.17347,44.10408
41110,558,3.17304,44.10412
41119,563,3.17293,44.10411
41141,563,3.17271,44.10399
41153,561,3.17256,44.10397
41161,566,3.17246,44.10398
41179,559,3.17227,44.10406
41187,564,3.17218,44.10408
41202,556,3.17199,44.10406
41220,563,3.17177,44.1041
41233,555,3.17162,44.10414
41271,552,3.17121,44.10431
41294,551,3.17097,44.10443
41311,546,3.17118,44.10443
41358,545,3.17172,44.10428
41373,540,3.17191,44.10428
41399,535,3.17221,44.10434
41434,534,3.17264,44.10443
41450,531,3.17284,44.10443
41470,533,3.17307,44.10448
41503,533,3.17349,44.10447
41544,524,3.17399,44.10441
41565,521,3.1738,44.10453
41583,522,3.1736,44.10461
41603,521,3.17338,44.1047
41615,514,3.17324,44.10473
41657,509,3.17272,44.10473
41665,508,3.17262,44.10474
41681,506,3.17243,44.10479
41698,497,3.17226,44.10485
41715,493,3.17206,44.10489
41729,490,3.1719,44.10494
41744,489,3.17178,44.10504
41756,489,3.17166,44.10511
41783,488,3.17151,44.10532
41839,476,3.17108,44.10571
41862,474,3.17086,44.10584
41880,472,3.17068,44.10593
41913,469,3.17031,44.10606
41930,468,3.1701,44.10609
41952,471,3.16988,44.10621
41974,473,3.16969,44.10635
42002,478,3.16941,44.10651
42024,486,3.16918,44.10661
42050,493,3.16889,44.10672
42072,497,3.16868,44.10683
42100,510,3.16839,44.10689
42114,514,3.16821,44.10686
42127,522,3.16815,44.10678
42152,532,3.16818,44.10658
42171,530,3.16835,44.10646
42200,533,3.16847,44.10621
42214,532,3.16856,44.10611
42234,539,3.16856,44.10593
42254,540,3.16863,44.10575
42270,549,3.1686,44.10562
42293,556,3.16853,44.10542
42320,568,3.16854,44.10521
42340,575,3.16857,44.10503
42361,570,3.16853,44.10485
42377,577,3.1684,44.10474
42387,581,3.1683,44.10469
42427,592,3.1681,44.10438
42440,598,3.16798,44.1043
42448,598,3.16797,44.10423
42455,597,3.16794,44.10417
42475,598,3.16796,44.10435
42493,604,3.1679,44.10449
42513,607,3.1678,44.10466
42564,623,3.16748,44.10503
42579,623,3.1674,44.10515
42597,623,3.16724,44.10526
42616,625,3.16706,44.10537
42625,621,3.16695,44.10535
42634,625,3.16688,44.10528
42645,623,3.16676,44.10525
42685,612,3.16626,44.10524
42711,615,3.16594,44.10526
42721,618,3.16584,44.1052
42733,619,3.16571,44.10515
42767,628,3.16533,44.10525
42809,634,3.16497,44.10553
42826,636,3.16484,44.10565
42839,638,3.16473,44.10572
42861,633,3.16447,44.1058
42878,630,3.16426,44.10581
42896,630,3.16409,44.10571
42912,633,3.16395,44.1056
42924,629,3.16389,44.10551
42944,633,3.16372,44.10538
42960,628,3.16357,44.10528
42984,632,3.16355,44.10507
42996,625,3.16359,44.10496
43016,637,3.16372,44.10481
43045,637,3.16386,44.10457
43064,643,3.16396,44.10442
43089,635,3.16384,44.10421
43106,633,3.16374,44.10409
43122,634,3.16369,44.10395
43143,638,3.16355,44.10379
43166,633,3.16342,44.10361
43183,632,3.16336,44.10346
43204,633,3.16334,44.10327
43220,640,3.16342,44.10314
43227,634,3.16347,44.10309
43242,629,3.1636,44.10299
43249,628,3.16361,44.10293
43262,629,3.16361,44.10281
43266,622,3.16357,44.1028
43275,622,3.16357,44.10272
43290,619,3.16351,44.10259
43327,621,3.1634,44.10227
43338,615,3.16329,44.10221
43353,623,3.16323,44.10208
43375,625,3.16316,44.10189
43393,627,3.16303,44.10176
43429,631,3.16281,44.10148
43442,625,3.16269,44.1014
43454,627,3.16263,44.1013
43464,623,3.16254,44.10123
43481,621,3.16246,44.1011
43500,614,3.16238,44.10094
43510,618,3.16241,44.10085
43516,618,3.16247,44.10082
43525,614,3.1625,44.10074
43529,614,3.16249,44.10071
43548,618,3.16265,44.10058
43565,618,3.16269,44.10043
43585,618,3.1626,44.10026
43610,619,3.1625,44.10005
43631,619,3.16248,44.09986
43680,617,3.16253,44.09942
43702,613,3.16258,44.09923
43717,615,3.16265,44.0991
43733,611,3.16274,44.09897
43744,613,3.16286,44.09893
43759,611,3.16304,44.09888
43769,613,3.16313,44.09882
43789,614,3.16332,44.09871
43799,613,3.16341,44.09864
43811,608,3.16348,44.09855
43827,614,3.16352,44.09841
43860,613,3.16352,44.09811
43878,615,3.16343,44.09796
43913,613,3.16333,44.09766
43953,608,3.1633,44.0973
43994,604,3.16334,44.09693
44047,593,3.16389,44.09667
44063,593,3.16407,44.09661
44070,586,3.16413,44.09656
44080,582,3.16413,44.09649
44084,582,3.16412,44.09645
44098,578,3.16395,44.09647
44110,575,3.16383,44.09641
44124,568,3.16379,44.09631
44157,555,3.16342,44.09624
44167,551,3.1633,44.09624
44200,543,3.16303,44.09603
44212,538,3.16289,44.09599
44226,536,3.16272,44.09596
44251,532,3.16243,44.09597
44264,530,3.1623,44.09589
44273,530,3.16219,44.09588
44289,529,3.16202,44.09595
44313,528,3.16173,44.096
44334,528,3.1615,44.0961
44347,529,3.16134,44.09612
44376,530,3.16099,44.09605
44412,533,3.16055,44.09607
44430,535,3.16032,44.09604
44445,539,3.16017,44.09597
44466,537,3.15997,44.09585
44491,540,3.15994,44.09562
44525,543,3.16,44.09532
44554,546,3.16003,44.09506
44566,547,3.15995,44.09497
44579,548,3.15979,44.09494
44590,549,3.15966,44.09493
44609,553,3.15946,44.09501
44617,554,3.15939,44.09506
44625,554,3.15929,44.09503
44639,556,3.15918,44.09494
44666,560,3.15908,44.0947
44672,560,3.15903,44.09466
44684,564,3.15896,44.09474
44691,564,3.15887,44.09475
44695,569,3.15882,44.09474
44705,569,3.15883,44.09465
44716,568,3.15887,44.09456
44726,572,3.15876,44.09451
44736,577,3.15868,44.09455
44764,579,3.15864,44.0948
44775,580,3.15864,44.0949
44814,583,3.15876,44.09524
44823,590,3.15866,44.09521
44834,591,3.15857,44.09514
44854,590,3.15841,44.095
44890,594,3.15825,44.0947
44909,597,3.15807,44.09459
44930,597,3.15783,44.09451
44941,599,3.1577,44.09448
44958,600,3.15751,44.09441
44984,601,3.15719,44.09444
44993,605,3.15708,44.09444
45026,606,3.15668,44.09435
45047,602,3.15644,44.09429
45059,606,3.15629,44.09428
45079,602,3.15604,44.0943
45122,602,3.15551,44.09427
45139,603,3.15529,44.09424
45195,607,3.15467,44.09402
45217,608,3.15443,44.09393
45224,609,3.15434,44.09391
45238,612,3.15418,44.09395
45257,616,3.15395,44.0939
45282,619,3.15385,44.0937
45291,620,3.15374,44.09367
45303,622,3.1536,44.09364
45314,621,3.15352,44.09355
45331,622,3.15339,44.09343
45367,626,3.15328,44.09312
45424,630,3.15329,44.09261
45456,630,3.15332,44.09232
45475,637,3.1533,44.09215
45511,633,3.15332,44.09183
45524,634,3.15331,44.09171
45558,636,3.15303,44.09148
45583,639,3.15298,44.09126
45604,640,3.15285,44.0911
45614,641,3.15275,44.09105
45620,642,3.15271,44.091
45634,642,3.15254,44.09098
45688,646,3.15194,44.09075
45723,652,3.15159,44.09057
45759,656,3.1514,44.09028
45765,656,3.15136,44.09023
45782,656,3.15128,44.09009
45812,656,3.15112,44.08985
45845,664,3.1509,44.0896
45889,675,3.15077,44.08923
45920,675,3.15077,44.08895
45947,676,3.15079,44.08871
45973,678,3.15084,44.08848
46018,681,3.15096,44.08808
46060,683,3.15117,44.08774
46109,685,3.15125,44.0873
46141,687,3.15141,44.08704
46175,690,3.15154,44.08675
46218,696,3.15162,44.08637
46232,699,3.15162,44.08624
46260,705,3.15164,44.086
46287,707,3.15175,44.08577
46300,708,3.15183,44.08567
46419,716,3.15273,44.08482
46431,717,3.15282,44.08473
46444,717,3.15293,44.08465
46451,717,3.15296,44.08459
46460,718,3.15286,44.08455
46469,719,3.15276,44.08458
46512,721,3.15231,44.0848
46548,721,3.15195,44.08499
46582,719,3.15165,44.08521
46613,719,3.15141,44.08542
46654,723,3.15108,44.08571
46694,725,3.15083,44.08602
46720,727,3.15066,44.08622
46794,730,3.15024,44.08681
46810,730,3.15014,44.08693
46841,735,3.14988,44.08714
46858,734,3.14976,44.08726
46906,734,3.14949,44.08765
46954,736,3.14917,44.08801
46966,735,3.14913,44.08812
46974,736,3.14905,44.08816
47044,738,3.14821,44.08799
47066,739,3.14794,44.08793
47125,740,3.14722,44.08782
47136,740,3.14709,44.08781
47178,742,3.14662,44.08765
47194,742,3.14642,44.08766
47216,743,3.1462,44.08754
47229,744,3.14609,44.08745
47249,744,3.14587,44.08737
47265,745,3.14592,44.08723
47281,746,3.14598,44.08709
47325,748,3.14623,44.08674
47353,750,3.14643,44.08653
47368,750,3.1463,44.08643
47384,750,3.14613,44.08637
47427,750,3.14577,44.08608
47470,750,3.14543,44.08578
47488,750,3.1452,44.0858
47495,750,3.14512,44.0858
47524,750,3.14496,44.08604
47557,752,3.14465,44.08623
47584,753,3.14435,44.08633
47612,755,3.14406,44.08619
47624,755,3.14393,44.08613
47662,757,3.14372,44.08582
47695,759,3.14343,44.08561
47722,759,3.14311,44.08554
47737,760,3.14293,44.08551
47748,760,3.14279,44.08554
47771,761,3.14252,44.08558
47815,761,3.14199,44.08571
47871,763,3.14134,44.08589
47895,763,3.14106,44.08596
48034,761,3.13947,44.08645
48057,760,3.13918,44.08648
48093,758,3.13884,44.08669
48109,756,3.13868,44.08678
48141,754,3.1383,44.08685
48158,752,3.13809,44.08685
48171,752,3.13802,44.08696
48215,748,3.13784,44.08733
48248,746,3.13769,44.08761
48259,746,3.13763,44.0877
48278,744,3.13747,44.08782
48293,743,3.13739,44.08794
48361,736,3.13708,44.08851
48378,735,3.13705,44.08866
48411,731,3.13682,44.08891
48434,729,3.13671,44.0891
48468,725,3.13636,44.08927
48488,722,3.13614,44.08934
48506,722,3.13592,44.08936
48521,719,3.13576,44.08944
48525,719,3.13571,44.08945
48532,718,3.13563,44.08945
48541,716,3.13552,44.08943
48543,712,3.1355,44.08942
48548,713,3.13547,44.08938
48570,713,3.13537,44.0892
48590,708,3.13531,44.08902
48599,708,3.13527,44.08895
48633,703,3.13498,44.08874
48660,700,3.13474,44.08857
48682,697,3.13474,44.08837
48712,694,3.13479,44.08811
48757,693,3.13464,44.08772
48805,690,3.13449,44.0873
48864,689,3.13461,44.08677
48885,695,3.13451,44.0866
48902,694,3.13429,44.0866
48920,694,3.13407,44.0866
48963,691,3.13354,44.08666
49002,690,3.13305,44.08668
49021,686,3.13283,44.08662
49051,686,3.1327,44.08637
49108,685,3.13269,44.08586
49140,689,3.13265,44.08557
49183,688,3.13246,44.08521
49216,688,3.13225,44.08495
49279,684,3.13228,44.08439
49322,683,3.13239,44.08401
49365,679,3.13225,44.08363
49394,679,3.13211,44.08339
49441,672,3.13203,44.08298
49454,669,3.13208,44.08286
49491,670,3.13235,44.0826
49519,671,3.13266,44.08247
49552,669,3.13301,44.08231
49588,668,3.13341,44.08218
49616,668,3.13372,44.08206
49623,659,3.13369,44.082
49627,659,3.13365,44.08198
49633,657,3.13358,44.08199
49652,661,3.13336,44.08205
49724,660,3.13253,44.08231
49749,659,3.13225,44.08241
49765,654,3.13209,44.08249
49778,656,3.13199,44.08258
49793,659,3.13185,44.08267
49826,649,3.13147,44.08278
49835,648,3.1314,44.08284
49849,653,3.13144,44.08297
49888,649,3.13163,44.08329
49899,653,3.13165,44.08339
49909,651,3.13161,44.08347
49916,646,3.13153,44.08344
49932,643,3.1315,44.0833
49938,643,3.13142,44.08328
49947,637,3.13137,44.08334
49968,632,3.13139,44.08353
50035,624,3.13134,44.08412
50068,624,3.13133,44.08442
50087,618,3.13124,44.08458
50127,606,3.13109,44.08491
50154,605,3.13102,44.08514
50187,599,3.13097,44.08544
50247,588,3.13089,44.08596
50291,583,3.13081,44.08635
50331,574,3.13086,44.0867
50359,572,3.1308,44.08695
50389,567,3.13074,44.08722
50420,564,3.13065,44.08748
50458,559,3.13053,44.08781
50500,553,3.13056,44.08818
50533,550,3.13061,44.08848
50588,539,3.13069,44.08896
50601,543,3.13085,44.08899
50612,537,3.13093,44.08907
50625,533,3.13089,44.08918
50656,527,3.13065,44.08939
50687,519,3.13036,44.08958
50705,518,3.13028,44.08972
50735,516,3.13011,44.08996
50763,508,3.12997,44.09018
50784,505,3.1299,44.09036
50806,503,3.12985,44.09056
50832,500,3.12984,44.09079
50857,495,3.13006,44.09094
50876,494,3.13018,44.09109
50948,479,3.13,44.09171
50964,482,3.13002,44.09185
50978,473,3.12996,44.09197
50991,473,3.12985,44.09206
50999,472,3.12979,44.09212
51021,466,3.12969,44.09229
51049,466,3.12956,44.09252
51067,464,3.12946,44.09267
51071,464,3.12945,44.0927
51075,459,3.1294,44.09272
51077,459,3.12938,44.09271
51082,461,3.12937,44.09267
51085,461,3.12938,44.09264
51091,461,3.12932,44.09261
51092,463,3.12931,44.0926
51105,465,3.12924,44.0927
51126,463,3.12916,44.09288
51138,459,3.12917,44.09299
51148,457,3.12919,44.09308
51226,448,3.12941,44.09376
51239,445,3.12946,44.09387
51251,444,3.12944,44.09397
51270,444,3.12949,44.09414
51295,440,3.12957,44.09436
51305,439,3.12954,44.09444
51321,436,3.12941,44.09455
51340,434,3.12924,44.09467
51352,433,3.12914,44.09475
51373,429,3.12895,44.09487
51389,432,3.12881,44.09497
51401,427,3.12869,44.09504
51416,431,3.1285,44.09503
51424,431,3.12842,44.09507
51446,429,3.12823,44.09521
51450,433,3.1282,44.09524
51460,431,3.12815,44.09532
51467,431,3.12813,44.09538
51493,431,3.1281,44.09562
51515,429,3.12813,44.09581
51525,431,3.12804,44.09588
51536,428,3.12796,44.09596
51552,430,3.12793,44.0961
51591,427,3.12777,44.09643
51599,427,3.12775,44.0965
51614,421,3.12773,44.09664
51642,415,3.12779,44.09688
51655,410,3.12786,44.09699
51669,407,3.12797,44.09708
51683,405,3.12813,44.0971
51686,404,3.12815,44.09713
51697,403,3.12826,44.09718
51704,401,3.12828,44.09724
51711,401,3.12832,44.0973
51726,397,3.12841,44.09742
51738,397,3.1285,44.0975
51758,396,3.12861,44.09766
51801,391,3.12854,44.09804
51828,389,3.12834,44.09824
51859,391,3.12826,44.09851
51892,385,3.12814,44.09879
51927,380,3.1279,44.09906
51975,377,3.12773,44.09947
51982,376,3.12775,44.09953
51994,376,3.12772,44.09963
52040,377,3.12774,44.10005
52078,378,3.12779,44.10039
52121,384,3.12795,44.10076
52132,382,3.12798,44.10085
52148,384,3.12805,44.10099
52159,386,3.12815,44.10105
52185,387,3.12846,44.10111
52200,390,3.12863,44.10117
52217,391,3.12881,44.10126
52227,397,3.12891,44.10129
52244,390,3.12912,44.1013
52266,390,3.12932,44.10144
52281,386,3.12942,44.10154
52292,383,3.12951,44.10161
52302,394,3.12962,44.10156
52309,393,3.12971,44.10158
52330,381,3.12986,44.10173
52362,379,3.13014,44.10193
52380,375,3.13028,44.10206
52385,377,3.1303,44.1021
52389,373,3.13025,44.10211
52399,373,3.13016,44.10205
52426,376,3.12993,44.10187
52451,370,3.12971,44.10172
52454,383,3.1297,44.10169
52457,383,3.12968,44.10167
52459,383,3.12965,44.10167
52461,383,3.12963,44.10168
52485,369,3.12943,44.10184
52511,368,3.12921,44.10201
52523,366,3.12918,44.10211
52538,367,3.12919,44.10225
52545,366,3.12915,44.1023
52550,368,3.1291,44.10233
52572,367,3.12889,44.1022
52583,367,3.12877,44.10215
52627,367,3.12826,44.10201
52649,366,3.12799,44.10195
52706,366,3.1273,44.10185
52720,366,3.12713,44.10181
52728,366,3.12712,44.10188
52735,366,3.12714,44.10194
52749,366,3.12696,44.10197
52767,366,3.12675,44.10202
52781,366,3.1268,44.10214
52820,371,3.12725,44.10227
52828,373,3.1273,44.10233
52839,376,3.12735,44.10242
52843,376,3.12735,44.10246
52854,378,3.12727,44.10254
52870,381,3.12711,44.10262
52887,381,3.12695,44.10272
52907,382,3.12687,44.10289
52917,384,3.12679,44.10297
52935,392,3.12673,44.10311
52946,393,3.12686,44.10313
52953,395,3.12694,44.10316
52956,395,3.12697,44.10318
52964,399,3.1269,44.10323
52971,399,3.12682,44.10326
52975,398,3.12679,44.10328
52979,401,3.12678,44.10331
52983,401,3.12675,44.10334
52990,400,3.12668,44.10338
53005,402,3.12653,44.10345
53007,402,3.12655,44.10347
53026,404,3.12678,44.10346
53028,405,3.12681,44.10347
53032,405,3.12681,44.1035
53036,410,3.12677,44.10352
53054,408,3.12656,44.10358
53073,409,3.12637,44.10367
53077,414,3.12635,44.10371
53083,414,3.12634,44.10376
53093,420,3.1264,44.10383
53098,420,3.12645,44.10385
53101,420,3.12646,44.10388
53117,424,3.12662,44.10397
53126,428,3.12667,44.10404
53132,428,3.12667,44.10409
53138,432,3.1267,44.10413
53154,435,3.12682,44.10424
53168,438,3.12685,44.10437
53190,447,3.12678,44.10454
53232,451,3.12626,44.1046
53240,456,3.12618,44.10462
53260,461,3.12597,44.10471
53277,461,3.1258,44.1048
53288,468,3.12569,44.10484
53292,468,3.12574,44.10486
53304,473,3.12564,44.10494
53315,473,3.12551,44.10497
53327,474,3.12537,44.10499
53350,481,3.12513,44.10508
53361,489,3.125,44.10512
53369,489,3.12491,44.10514
53396,491,3.12459,44.10517
53413,491,3.12438,44.10518
53430,497,3.12416,44.10521
53444,494,3.124,44.10526
53451,500,3.12399,44.10531
53456,501,3.12406,44.10531
53464,501,3.12414,44.10535
53477,509,3.12412,44.10545
53490,515,3.12422,44.10554
53507,519,3.12436,44.10564
53535,525,3.12463,44.1058
53552,534,3.12472,44.10591
53571,540,3.12489,44.10603
53594,543,3.12508,44.10617
53622,552,3.12519,44.1064
53639,561,3.12522,44.10652
53651,568,3.12528,44.10662
53683,577,3.12529,44.10688
53689,584,3.12528,44.10694
53706,587,3.12522,44.10706
53726,596,3.12523,44.10722
53743,602,3.12524,44.10738
53754,606,3.12514,44.1074
53765,611,3.12503,44.10733
53779,616,3.1249,44.10737
53791,622,3.12477,44.10742
53808,625,3.12458,44.10745
53821,628,3.12441,44.10746
53832,628,3.12432,44.10739
53859,628,3.12412,44.10719
53880,632,3.1239,44.1071
53890,633,3.12378,44.10706
53910,634,3.12355,44.107
53934,636,3.12326,44.10694
53954,636,3.12301,44.10695
53979,639,3.1227,44.10694
53998,625,3.12247,44.10691
54024,629,3.1222,44.10679
54038,612,3.12205,44.10677
54047,611,3.12195,44.1068
54074,634,3.12182,44.10695
54087,638,3.12179,44.10707
54113,654,3.12185,44.10725
54141,661,3.12186,44.1075
54162,670,3.12167,44.10759
54206,679,3.12115,44.10767
54218,679,3.121,44.10769
54232,684,3.12087,44.10777
54252,693,3.12068,44.10786
54260,698,3.12071,44.10793
54272,697,3.12084,44.10798
54281,702,3.12088,44.10804
54286,702,3.12082,44.10804
54292,704,3.12077,44.10808
54295,704,3.12073,44.1081
54309,711,3.12068,44.1082
54317,714,3.12068,44.10827
54337,723,3.12059,44.10842
54347,723,3.12052,44.10849
54353,727,3.12047,44.10853
54369,727,3.12051,44.10867
54378,732,3.1205,44.10874
54389,733,3.12044,44.10883
54400,735,3.12045,44.10893
54411,737,3.12034,44.10899
54423,743,3.12025,44.10906
54430,744,3.12023,44.10912
54445,748,3.12016,44.10925
54462,753,3.12005,44.10936
54476,755,3.12008,44.10949
54482,756,3.12002,44.10951
54490,759,3.11993,44.10955
54504,761,3.11993,44.10968
54516,764,3.11988,44.10977
54532,767,3.11975,44.10987
54545,771,3.11966,44.10997
54583,773,3.11934,44.11022
54620,775,3.11965,44.11047
54666,774,3.12,44.11079
54702,774,3.12023,44.11107
54719,773,3.12032,44.11121
54737,773,3.12035,44.11137
54761,772,3.12042,44.11158
54770,771,3.12051,44.11163
54785,772,3.12063,44.11173
54798,774,3.12069,44.11184
54810,773,3.12072,44.11195
54848,774,3.12073,44.11229
54855,775,3.12075,44.11235
54860,775,3.12078,44.11239
54898,789,3.12069,44.11272
54907,781,3.12071,44.1128
54913,784,3.12071,44.11286
54924,790,3.12079,44.11294
54934,789,3.1209,44.11298
54942,793,3.12088,44.11305
54954,794,3.12094,44.11315
54970,798,3.12095,44.11329
54982,800,3.12098,44.11339
54997,801,3.12103,44.11352
55009,802,3.12103,44.11363
55023,805,3.121,44.11375
55048,805,3.12103,44.11398
55057,808,3.121,44.11405
55070,808,3.121,44.11417
55088,809,3.12092,44.11432
55108,812,3.12083,44.11449
55128,814,3.12073,44.11465
55142,816,3.12065,44.11476
55174,819,3.12051,44.11503
55205,823,3.12035,44.11528
55242,825,3.12016,44.11559
55258,826,3.12002,44.11569
55273,824,3.11999,44.11582
55284,825,3.12001,44.11592
55312,824,3.12009,44.11616
55325,823,3.12015,44.11627
55361,821,3.12029,44.11658
55379,818,3.12045,44.1167
55397,820,3.12065,44.11676
55410,818,3.12081,44.1168
55420,821,3.12077,44.11688
55431,821,3.1207,44.11697
55459,823,3.12057,44.1172
55470,825,3.12056,44.1173
55485,826,3.12051,44.11743
55494,828,3.12049,44.11751
55511,828,3.12052,44.11766
55519,829,3.12052,44.11773
55575,831,3.12014,44.11816
55584,831,3.12008,44.11822
55601,831,3.11999,44.11836
55609,831,3.11993,44.11842
55622,831,3.11982,44.11851
55640,831,3.11975,44.11866
55672,831,3.11958,44.11892
55690,830,3.1195,44.11907
55702,830,3.11945,44.11918
55714,830,3.11943,44.11928
55742,829,3.11931,44.11952
55763,829,3.11923,44.1197
55774,829,3.1192,44.1198
55798,829,3.11912,44.12
55809,829,3.11906,44.12009
55844,829,3.11901,44.12041
55848,829,3.11896,44.12041
55865,831,3.11877,44.12046
55873,831,3.11873,44.12053
55908,833,3.11879,44.12084
55920,832,3.11883,44.12095
55937,834,3.11863,44.121
55963,835,3.11847,44.1208
55973,835,3.11844,44.12071
56002,835,3.11829,44.12048
56015,836,3.1182,44.12038
56025,836,3.11811,44.12032
56036,837,3.11802,44.12024
56050,836,3.11797,44.12012
56058,838,3.11795,44.12005
56078,837,3.11794,44.11987
56104,838,3.11794,44.11964
56111,838,3.11799,44.11958
56148,838,3.1182,44.11929
56177,838,3.11832,44.11904
56230,838,3.11852,44.11859
56247,840,3.1184,44.11846
56275,843,3.11816,44.11827
56294,845,3.11799,44.11816
56309,846,3.11788,44.11805
56331,848,3.11775,44.11788
56359,851,3.11752,44.11768
56366,853,3.11748,44.11763
56434,856,3.11722,44.11705
56470,858,3.11709,44.11674
56509,858,3.11699,44.1164
56519,858,3.117,44.11631
56552,857,3.1171,44.11602
56579,854,3.11713,44.11578
56601,853,3.1171,44.11558
56619,853,3.11702,44.11543
56654,851,3.11688,44.11513
56671,850,3.11682,44.11498
56702,850,3.11675,44.11471
56726,849,3.11668,44.1145
56764,848,3.11651,44.11418
56776,847,3.11647,44.11408
56815,845,3.11639,44.11373
56853,842,3.11627,44.1134
56902,840,3.11608,44.11298
56915,840,3.11607,44.11286
56943,837,3.11614,44.11262
56981,832,3.11621,44.11228
57001,829,3.11622,44.1121
57031,826,3.11622,44.11184
57042,824,3.11619,44.11174
57055,822,3.11612,44.11163
57075,819,3.11605,44.11146
57090,818,3.11602,44.11133
57141,812,3.11599,44.11088
57143,812,3.11596,44.11087
57151,812,3.11587,44.11088
57173,812,3.11564,44.11099
57186,812,3.11552,44.11107
57205,815,3.11539,44.11121
57214,815,3.11531,44.11127
57230,815,3.11515,44.11136
57252,816,3.11494,44.11149
57261,817,3.11487,44.11155
57269,814,3.11479,44.1116
57290,817,3.11469,44.11177
57313,818,3.11458,44.11196
57333,821,3.11452,44.11213
57351,819,3.11448,44.11229
57451,820,3.11445,44.11319
57461,820,3.11442,44.11328
57469,819,3.11438,44.11335
57492,818,3.11422,44.11352
57542,810,3.11384,44.11387
57571,803,3.1136,44.11407
57586,802,3.11349,44.11418
57602,803,3.11341,44.11431
57649,803,3.11321,44.11471
57659,802,3.11316,44.11479
57671,801,3.11309,44.11488
57686,800,3.11294,44.11497
57700,800,3.11287,44.11508
57707,799,3.11278,44.11507
57732,794,3.11255,44.11492
57753,789,3.1124,44.11478
57779,785,3.11215,44.11463
57815,786,3.11176,44.11479
57845,787,3.11144,44.11493
57859,788,3.11127,44.11496
57870,789,3.11113,44.11495
57878,789,3.11104,44.11491
57886,789,3.11103,44.11484
57897,789,3.11111,44.11476
57909,789,3.11121,44.11468
57917,789,3.11124,44.11461
57932,789,3.11125,44.11448
57950,789,3.11131,44.11432
57962,789,3.11135,44.11422
57968,789,3.11134,44.11416
57981,790,3.11134,44.11405
58013,791,3.11127,44.11376
58025,791,3.11123,44.11366
58045,792,3.11115,44.11349
58063,793,3.11107,44.11334
58075,794,3.111,44.11324
58092,793,3.11093,44.1131
58141,793,3.11063,44.11271
58177,793,3.11037,44.11245
58210,792,3.11012,44.11221
58242,794,3.10992,44.11196
58248,793,3.10989,44.11191
58266,794,3.10969,44.11185
58280,797,3.10959,44.11174
58312,794,3.10951,44.11146
58319,794,3.10951,44.1114
58340,795,3.10945,44.11121
58350,794,3.10941,44.11113
58362,796,3.10933,44.11104
58378,796,3.1092,44.11093
58407,798,3.10889,44.11079
58425,800,3.10868,44.11074
58442,799,3.10847,44.1107
58458,802,3.10828,44.11073
58486,803,3.10794,44.1108
58501,806,3.10775,44.11082
58511,808,3.10765,44.11087
58518,810,3.10758,44.11085
58529,808,3.10762,44.11075
58537,810,3.10754,44.11071
58549,813,3.10739,44.1107
58564,815,3.10722,44.11064
58592,822,3.1069,44.11059
58604,823,3.10676,44.11054
58626,822,3.10681,44.11035
58630,823,3.1068,44.11031
58649,823,3.10673,44.11015
58663,826,3.1066,44.11006
58669,826,3.10659,44.11001
58675,822,3.10656,44.10996
58680,824,3.10655,44.10991
58686,820,3.10649,44.10988
58701,823,3.10632,44.10984
58711,823,3.10619,44.10982
58720,824,3.10608,44.10982
58726,824,3.10602,44.10985
58731,826,3.10599,44.10989
58758,830,3.10565,44.10988
58782,837,3.10541,44.10999
58807,837,3.10509,44.10997
58836,833,3.10473,44.11
58879,833,3.10421,44.1101
58919,835,3.10372,44.11016
58956,838,3.10326,44.11021
58990,835,3.10284,44.1102
58995,835,3.10281,44.11016
59002,835,3.10273,44.11018
59007,837,3.10266,44.11018
59015,839,3.10258,44.11021
59022,839,3.10255,44.11027
59040,836,3.10265,44.11042
59054,837,3.10271,44.11054
59067,836,3.10272,44.11065
59076,834,3.10265,44.11072
59088,835,3.10276,44.11079
59103,835,3.10294,44.11083
59114,835,3.10307,44.11085
59139,835,3.10334,44.11097
59177,835,3.10373,44.11117
59210,833,3.10397,44.11141
59223,833,3.1041,44.11147
59231,832,3.10415,44.11154
59257,829,3.10434,44.11172
59265,829,3.10435,44.1118
59303,819,3.10419,44.11211
59320,818,3.10413,44.11226
59330,814,3.10405,44.11233
59348,808,3.10389,44.11243
59352,811,3.10392,44.11246
59358,806,3.10387,44.1125
59365,803,3.10379,44.11251
59371,803,3.10372,44.11252
59376,803,3.10373,44.11257
59382,800,3.10366,44.11259
59393,794,3.10357,44.11255
59399,794,3.10354,44.1126
59418,789,3.10354,44.11277
59431,783,3.10346,44.11286
59436,779,3.1034,44.11287
59441,779,3.10335,44.11284
59462,776,3.1033,44.11266
59468,776,3.10322,44.11265
59476,772,3.10314,44.11265
59481,772,3.10311,44.11269
59487,767,3.1031,44.11274
59493,771,3.10316,44.11277
59497,769,3.10315,44.11281
59501,769,3.1031,44.1128
59508,767,3.10303,44.11277
59515,761,3.10298,44.1128
59528,758,3.10295,44.11292
59533,754,3.10289,44.11293
59538,756,3.10284,44.1129
59560,754,3.1028,44.11271
59568,756,3.10273,44.11266
59575,751,3.10265,44.11268
59591,743,3.10256,44.11281
59609,737,3.10239,44.11277
59618,731,3.1023,44.11282
59644,727,3.10221,44.11303
59649,724,3.10216,44.11306
59658,719,3.10205,44.11304
59676,716,3.10194,44.11292
59688,714,3.10179,44.11289
59695,714,3.10171,44.11289
59705,705,3.10169,44.11296
59718,705,3.1017,44.11308
59724,701,3.10165,44.11312
59731,696,3.10159,44.11313
59744,698,3.10153,44.11302
59750,693,3.10146,44.11301
59759,690,3.10135,44.11302
59764,690,3.10131,44.11306
59776,684,3.10129,44.11315
59780,684,3.10127,44.11319
59805,670,3.10116,44.11336
59815,668,3.10113,44.11345
59835,679,3.1012,44.11361
59857,681,3.10141,44.11374
59865,681,3.10147,44.11379
59876,683,3.10155,44.11387
59897,682,3.10168,44.11404
59923,684,3.10185,44.11424
59942,692,3.10202,44.11435
59954,681,3.10205,44.11439
59968,677,3.10208,44.11451
59986,679,3.10216,44.11466
59997,677,3.10222,44.11475
60013,673,3.10221,44.11489
60037,666,3.10233,44.11508
60065,654,3.10228,44.1153
60075,650,3.10227,44.11539
60084,647,3.10231,44.11547
60092,641,3.10229,44.11551
60097,644,3.10223,44.1155
60111,638,3.10207,44.11545
60120,637,3.10199,44.11551
60125,635,3.10193,44.1155
60146,633,3.10171,44.1154
60152,630,3.10165,44.1154
60166,622,3.10155,44.1155
60174,618,3.10151,44.11553
60196,608,3.10126,44.11553
60206,607,3.10115,44.1155
60215,604,3.10103,44.1155
60225,601,3.10093,44.11545
60233,606,3.10085,44.1154
60252,602,3.10077,44.11524
60277,606,3.10063,44.11504
60291,606,3.10052,44.11494
60301,604,3.1004,44.11492
60310,603,3.10032,44.11487
60325,602,3.10023,44.11475
60339,605,3.10011,44.11465
60379,591,3.09967,44.11451
60401,588,3.09942,44.11442
60411,583,3.0993,44.11441
60415,583,3.09929,44.11445
60426,580,3.09936,44.11452
60437,578,3.09926,44.11458
60445,573,3.09919,44.11464
60463,568,3.09913,44.11477
60471,563,3.09904,44.11481
60482,561,3.09904,44.11491
60496,559,3.0989,44.11497
60515,553,3.09868,44.11502
60534,551,3.09846,44.11509
60550,547,3.09829,44.11513
60574,542,3.09799,44.11517
60614,534,3.09751,44.1152
60645,527,3.09712,44.11519
60675,522,3.09677,44.11515
60806,507,3.09521,44.11482
60834,503,3.09488,44.11474
60853,501,3.09464,44.11472
60860,502,3.09456,44.11472
60874,502,3.09474,44.11473
60882,501,3.09464,44.11472
60889,500,3.09456,44.11472
60907,498,3.09434,44.11476
60924,494,3.09414,44.11482
60940,491,3.09405,44.1147
60963,489,3.09393,44.11452
61007,483,3.09362,44.11419
61012,480,3.09357,44.11417
61016,480,3.09352,44.11418
61022,476,3.0935,44.11423
61041,478,3.09354,44.1144
61079,473,3.09349,44.11474
61103,473,3.09347,44.11495
61150,470,3.09334,44.11536
61198,466,3.09321,44.11578
61209,464,3.0932,44.11588
61239,462,3.0932,44.11615
61249,462,3.09318,44.11624
61253,462,3.09314,44.11627
61255,462,3.09312,44.11628
61262,460,3.09305,44.11627
61267,459,3.09299,44.11624
61277,458,3.09289,44.11619
61285,457,3.0928,44.11617
61301,456,3.09263,44.11609
61311,455,3.09254,44.11603
61338,452,3.09233,44.11584
61359,448,3.0922,44.11568
61370,447,3.09216,44.11559
61383,446,3.09213,44.11547
61390,444,3.09206,44.11543
61398,442,3.09197,44.11543
61435,437,3.09178,44.11513
61465,431,3.0915,44.11495
61512,425,3.09103,44.11471
61544,419,3.09077,44.11449
61559,419,3.09066,44.11438
61573,414,3.09054,44.1143
61597,411,3.09029,44.11418
61611,409,3.09013,44.11413
61621,408,3.09001,44.11413
61631,407,3.08991,44.11408
61639,404,3.08985,44.11403
61649,404,3.08973,44.11399
61655,399,3.08967,44.11397
61662,397,3.0896,44.11393
61666,397,3.08955,44.11393
61668,397,3.08953,44.11394
61676,396,3.08953,44.11401
61680,396,3.08952,44.11405
61690,394,3.08944,44.1141
61707,391,3.08934,44.11424
61720,386,3.08918,44.11427
61744,388,3.08915,44.11448
61764,384,3.08919,44.11465
61781,389,3.08925,44.1148
61796,387,3.0894,44.11488
61805,390,3.08942,44.1148
61827,393,3.08953,44.11462
61852,394,3.08949,44.1144
