year,bib,name,sex,variation_coefficient,vitesse_moy,amplitude,cv_median_peers,cv_median_elite,ecart_cv_peers,ecart_cv_elite
2025,7001,Mathilde VERON,FEMALE,35.27413186959145,5.752663485106765,6.2401170574669855,41.54929235923605,47.35590766593134,-6.275160489644598,-12.08177579633989
2025,7002,Jessica POTHIN,FEMALE,35.2404639003677,3.5756334199106012,2.9839230921742534,,47.35590766593134,,-12.11544376556364
2025,7003,Sarah LEGOIX,FEMALE,39.63234525715194,4.997464192203753,5.981988733388771,41.69686189376111,47.35590766593134,-2.06451663660917,-7.723562408779401
2025,7004,Elisabeth TURPIN,FEMALE,42.28328472066688,5.125549755945582,6.625147006109517,41.19886936395528,47.35590766593134,1.0844153567115953,-5.072622945264463
2025,7005,Benoit MARC,MALE,50.270666884023505,9.97496007430594,15.262121384073417,47.61094808099734,47.35590766593134,2.6597188030261663,2.914759218092165
2025,7006,Renée Paule GALAIS,FEMALE,39.422131975583,6.61976072023653,7.175423512903267,44.23753471451742,47.35590766593134,-4.815402738934424,-7.933775690348341
2025,7007,Celine DELATTRE,FEMALE,44.21712478909867,5.350684017963741,7.273082741252571,41.19013553238509,47.35590766593134,3.026989256713577,-3.1387828768326713
2025,7008,Marie TURMEL,FEMALE,37.661486726297525,6.364840913752376,7.367990918193185,44.55717543692194,47.35590766593134,-6.8956887106244125,-9.694420939633815
2025,7009,Yoland PONTY,MALE,40.86019006067858,5.706926631186069,6.927792312760486,39.984627524873666,47.35590766593134,0.8755625358049173,-6.495717605252757
2025,7010,Cécile MAIURANO,FEMALE,49.92228487387585,6.460638755248922,9.760017314824843,43.780522147964604,47.35590766593134,6.141762725911249,2.5663772079445124
2025,7011,Raissa MAHAMOUDOU,FEMALE,39.712396955971556,7.35091703563074,8.95748978137497,44.450305150795494,47.35590766593134,-4.737908194823937,-7.643510709959784
2025,7012,Frederique GRANGE,FEMALE,52.30003179791811,7.169466273279889,11.593269631201018,45.142986968205264,47.35590766593134,7.157044829712845,4.944124131986769
2025,7013,Stephane OGIRE,MALE,39.410114892872365,4.206211364205856,3.738347599753135,,47.35590766593134,,-7.945792773058976
2025,7014,Antoine PINTO,MALE,40.40471870867384,4.974983085482114,4.754637032299329,,47.35590766593134,,-6.9511889572575
2025,7015,Marie Myriam DAMOUR,FEMALE,38.953865499661696,4.048370915472283,4.294672909351024,41.25270581785105,47.35590766593134,-2.298840318189356,-8.402042166269645
2025,7016,Giovanny DAMOUR,MALE,37.77585377735998,4.804618848581854,5.170502774846556,41.25270581785105,47.35590766593134,-3.4768520404910745,-9.580053888571364
2025,7017,Nambinintsoa RAVAOARISOA,FEMALE,47.37598071533863,8.983042669413347,13.128567150388047,47.189354214146775,47.35590766593134,0.18662650119185287,0.020073049407287158
2025,7018,David PAZ DEL SOCORRO,MALE,47.134764630914724,6.702816378648976,9.632446352005166,44.965163015810646,47.35590766593134,2.169601615104078,-0.2211430350166168
2025,7019,Celine MOULINS ROUDIER,FEMALE,39.7456122439605,6.469620931991179,7.908034980985819,44.35351567345897,47.35590766593134,-4.607903429498471,-7.610295421970839
2025,7020,Bryan MARTIN,MALE,53.72648458158664,7.350623851738559,12.083475174736545,45.30593535916191,47.35590766593134,8.420549222424732,6.370576915655299
2025,7021,Eva ADAM,FEMALE,44.908956218531266,6.005287322040842,8.331012026876971,41.55627906117261,47.35590766593134,3.352677157358656,-2.4469514474000746
2025,7022,Armelle CHOUIN,FEMALE,36.86080340945626,5.045706042850121,4.64002538604891,41.19013553238509,47.35590766593134,-4.329332122928832,-10.49510425647508
2025,7023,Rindraniaina RANDRIANANTOANINA,FEMALE,39.55974663988901,7.638856768434916,9.026674520809074,45.007591718286456,47.35590766593134,-5.447845078397442,-7.796161026042327
2025,7024,Miora RAZANAKOLONA,FEMALE,48.60574737317729,9.51541329464695,14.21510809213449,48.60574737317729,47.35590766593134,0.0,1.2498397072459468
2025,7025,Sébastien TETIA,MALE,46.64349057547414,5.651673854764142,8.15605521953923,41.125634281452776,47.35590766593134,5.517856294021364,-0.7124170904572011
2025,7026,Sylvie DIORFLAR,FEMALE,46.04161163556495,6.028785336958123,8.648652213772689,42.12062822059074,47.35590766593134,3.9209834149742093,-1.3142960303663926
2025,7027,Angèle LEBLANC,FEMALE,53.20722376653788,6.275230796676901,10.526898694451427,41.9495640760095,47.35590766593134,11.257659690528378,5.851316100606539
2025,7028,Mathis GUINCHE,MALE,41.24949683044845,9.607884231410848,11.974106609339486,48.60574737317729,47.35590766593134,-7.356250542728837,-6.10641083548289
2025,7029,Joana GUIOMAR,FEMALE,49.44770122046107,4.0540436986152235,4.005186542968922,,47.35590766593134,,2.0917935545297297
2025,7030,Jean André NIRLO,MALE,35.625844027010714,4.0506447818772156,3.0015415734756665,,47.35590766593134,,-11.730063638920626
2025,7031,Denis JAHAN,MALE,50.11396309485997,6.199915821621452,9.515360760447965,42.24824087550884,47.35590766593134,7.865722219351127,2.7580554289286283
2025,7032,Yoann MARTIN,MALE,48.616141613799435,11.773212300413475,17.435586717997445,47.47597043911402,47.35590766593134,1.1401711746854133,1.2602339478680946
2025,7033,Julie GOFFAUX,FEMALE,50.26517601915552,7.29391686398894,11.170474510388054,45.18824740051136,47.35590766593134,5.0769286186441605,2.909268353224178
2025,7034,Fabiola FENELON,FEMALE,51.26323015536539,7.834285725993681,12.45511221491077,44.40033528074218,47.35590766593134,6.862894874623208,3.9073224894340512
2025,7035,Franck RUPERT,MALE,45.04864967325801,9.457700643903072,12.64715505211883,48.40871395494654,47.35590766593134,-3.3600642816885298,-2.3072579926733283
2025,7036,François DAGUET,MALE,41.92976974736002,5.232941652322808,6.721616918526819,41.19013553238509,47.35590766593134,0.7396342149749273,-5.426137918571321
2025,7037,Coline BENARD,FEMALE,46.268435093271215,6.911212727858234,9.767315589469495,45.46900039698777,47.35590766593134,0.7994346962834484,-1.0874725726601255
2025,7038,Eric CHAVANCE,MALE,57.1723232707222,3.8191123807236855,4.070660655027412,,47.35590766593134,,9.816415604790862
2025,7039,Lambert DE BOISVILLIERS,MALE,48.32438958369717,8.051167405687671,11.954667413978253,45.007591718286456,47.35590766593134,3.316797865410713,0.9684819177658284
2025,7040,Cannelle PHILLIPPS,FEMALE,53.86358981809736,6.147166226617079,10.342763632829861,41.399254899519555,47.35590766593134,12.464334918577805,6.507682152166019
2025,7041,Justine VERET,FEMALE,40.8822527935585,4.234688014538869,3.520652926182882,,47.35590766593134,,-6.47365487237284
2025,7042,Julio PATISSIER,MALE,40.55107499978692,6.885032313324173,7.983406897115173,45.555135569463445,47.35590766593134,-5.0040605696765255,-6.804832666144421
2025,7043,Yannicke BASSAN,FEMALE,53.36617689056177,5.779717079239355,9.637014626068044,40.309689449182464,47.35590766593134,13.056487441379304,6.010269224630427
2025,7044,Cécile JOST,FEMALE,37.71786220875958,6.658208158031573,7.6642645971795975,44.83248830378268,47.35590766593134,-7.114626095023105,-9.638045457171764
2025,7045,Morgane LITOU,FEMALE,43.66649565564768,6.2936145009768,8.330669932309341,43.77645406799741,47.35590766593134,-0.10995841234973369,-3.689412010283661
2025,7046,Gilles MORIN,MALE,39.886964142980034,6.07599676390633,7.489901870953297,42.12062822059074,47.35590766593134,-2.2336640776107046,-7.468943522951307
2025,7048,Ludovic RABAUD,MALE,47.53338598011474,7.206722688538682,10.662260665319396,45.142986968205264,47.35590766593134,2.390399011909473,0.17747831418339644
2025,7051,Julie AGATHE,FEMALE,33.573136618751015,5.600748141316306,5.8998800189285525,41.399254899519555,47.35590766593134,-7.82611828076854,-13.782771047180326
2025,7052,Abed BETTAYEB,MALE,49.75131970254196,5.714243139987338,8.795845746110627,40.347727727356556,47.35590766593134,9.403591975185407,2.3954120366106224
2025,7053,Vincent PAYET,MALE,40.6638081605278,6.305630597703747,7.623389668219996,44.00952795218615,47.35590766593134,-3.3457197916583468,-6.69209950540354
2025,7054,Romain BRIGOT,MALE,47.72385358172138,7.097700378273852,10.30404566890048,45.46888375011854,47.35590766593134,2.2549698316028355,0.3679459157900382
2025,7056,Isabelle BROUSSE,FEMALE,52.42525650461325,7.175831664194501,11.879988204262858,45.68353336942018,47.35590766593134,6.7417231351930695,5.069348838681911
2025,7057,Frederic PONTIER,MALE,39.984627524873666,5.2987265026874475,6.389219948458784,40.99291217106568,47.35590766593134,-1.008284646192017,-7.3712801410576745
2025,7058,Marlène JOLIVET,FEMALE,50.45363244337414,7.288587010841228,11.117717323668614,45.18824740051136,47.35590766593134,5.265385042862782,3.0977247774427994
2025,7059,Grégory THOMAS,MALE,49.263136939303564,5.9976414250964645,8.993801289675098,40.19180870593088,47.35590766593134,9.071328233372682,1.9072292733722236
2025,7060,Nicolas PRETET,MALE,41.897298717107404,7.667200474986705,9.863395189307774,44.500275020848804,47.35590766593134,-2.6029763037414,-5.458608948823937
2025,7061,Manuella SERY,FEMALE,50.570303414408855,8.369631290098813,12.876075618572166,45.222237657969295,47.35590766593134,5.34806575643956,3.2143957484775143
2025,7062,Evan SADZOUTE,MALE,47.38452852912603,7.8448947846366455,11.074615790526888,44.1025168723371,47.35590766593134,3.2820116567889315,0.02862086319468915
2025,7063,Sylvie NICOLI,FEMALE,39.22102375783452,5.667790461470874,6.860829656150301,40.90720352400318,47.35590766593134,-1.6861797661686566,-8.134883908096818
2025,7064,Patrice BRÉZÉ,MALE,45.17512941606425,4.166968193495951,4.287351718642141,,47.35590766593134,,-2.180778249867089
2025,7065,Pierre LAURET,MALE,45.23350783281745,7.64965538610089,10.272491751383964,44.9747905967691,47.35590766593134,0.25871723604835495,-2.1223998331138887
2025,7066,Yves MATHONET,MALE,35.54496241984066,4.822405688498016,4.278894396576096,,47.35590766593134,,-11.810945246090682
2025,7067,Jean-Luc FAYARD,MALE,37.85362652104286,5.577405880532911,6.594721640306582,40.23271434537597,47.35590766593134,-2.379087824333105,-9.502281144888478
2025,7068,Zoé VANIET,FEMALE,38.22230233497667,4.626986726684515,3.6559333613453497,,47.35590766593134,,-9.133605330954673
2025,7069,Arnaud EMMA,MALE,39.95088041674504,6.4783393178803665,7.909298499895744,44.13246625786498,47.35590766593134,-4.181585841119933,-7.405027249186297
2025,7070,Benjamin MAIRE,MALE,43.70096804515951,5.991674437253681,8.167781442196283,42.12062822059074,47.35590766593134,1.5803398245687745,-3.6549396207718274
2025,7071,Nathalie NICOLAS,FEMALE,43.64144661016708,6.0621961436833365,8.345465217009531,42.12062822059074,47.35590766593134,1.5208183895763412,-3.7144610557642608
2025,7073,Matis FORESTIER,MALE,41.86490487051608,7.90026149435791,9.855186298417747,45.114914688127875,47.35590766593134,-3.2500098176117973,-5.4910027954152625
2025,7074,Delphine CHAUVIN,FEMALE,37.40089162732075,5.612029435066587,6.084911542107545,40.51819355281484,47.35590766593134,-3.1173019254940897,-9.955016038610587
2025,7075,Patrick WINZENRIED,MALE,41.099845978480886,6.092946811397214,7.560283508847213,42.45893415846257,47.35590766593134,-1.3590881799816827,-6.256061687450455
2025,7076,Samuel CHAN-THU,MALE,40.806674102008124,7.241130727884537,8.85389204494863,45.142986968205264,47.35590766593134,-4.33631286619714,-6.549233563923217
2025,7077,Romain WEIL,MALE,54.50545469007761,8.905257454237823,14.950660061979951,45.21895591347753,47.35590766593134,9.286498776600084,7.149547024146273
2025,7078,Jocelyn RIVIERE,MALE,43.17075976388427,6.888852114486248,9.145629665678182,44.965163015810646,47.35590766593134,-1.7944032519263757,-4.1851479020470705
2025,7079,Anna GROLLEAU,FEMALE,49.75483878111026,6.316775577596318,9.79327400958843,42.67928699597742,47.35590766593134,7.075551785132838,2.398931115178918
2025,7080,Eric LUCAS,MALE,38.18528956877788,5.221330258617223,6.0012084688622025,41.14316432091617,47.35590766593134,-2.957874752138288,-9.170618097153458
2025,7081,Jean Stéphane NARBÉ,MALE,47.45211506650123,9.904703210876804,14.459845786634173,48.60574737317729,47.35590766593134,-1.1536323066760588,0.09620740056988808
2025,7082,Alison LEE-CHAO-SHIT,FEMALE,35.03220182427732,5.921201528159438,6.154099675125744,42.42267641958803,47.35590766593134,-7.390474595310707,-12.323705841654018
2025,7083,Aurélien DURACHER,MALE,44.63314038341197,6.166187289301079,8.184667801964263,41.99089667909173,47.35590766593134,2.6422437043202365,-2.7227672825193707
2025,7084,Pascal FORTIN,MALE,44.15318594332382,8.351017984599977,11.324078344413586,45.688872432470205,47.35590766593134,-1.5356864891463857,-3.202721722607521
2025,7085,Henri Frédéric LEBRETON,MALE,40.46410667788168,7.821722224612675,9.62882428798812,45.26532852084364,47.35590766593134,-4.801221842961958,-6.89180098804966
2025,7086,Philippe DETREY,MALE,37.347705733805185,4.104413858022783,3.0137210732442026,,47.35590766593134,,-10.008201932126155
2025,7087,Mickael HIS,MALE,41.251256638092315,5.616074661554597,7.029734225006385,39.504472504288174,47.35590766593134,1.746784133804141,-6.104651027839026
2025,7090,Jean Patrick SINAMA MOUTAMA,MALE,44.02739780121253,7.0802655866187285,9.183594687512226,45.68353336942018,47.35590766593134,-1.6561355682076524,-3.3285098647188107
2025,7091,Jérémy LAURET,MALE,39.42062333594682,7.290152104664477,8.471659767321366,45.142986968205264,47.35590766593134,-5.722363632258443,-7.935284329984519
2025,7092,Sylvio ERAPA,MALE,43.77645406799741,6.490243625902292,8.27888807978845,43.77645406799741,47.35590766593134,0.0,-3.5794535979339273
2025,7093,Mathie GONZALEZ,FEMALE,37.65039108912586,6.06519642238202,7.235927828429972,43.02604415444007,47.35590766593134,-5.375653065314211,-9.70551657680548
2025,7094,Charlene BASSIN,FEMALE,40.96365043580397,4.444170551763653,3.8328248546202883,,47.35590766593134,,-6.39225723012737
2025,7095,Emilie BERTIL-JOSSE,FEMALE,35.559099561354934,3.8977019484525712,3.1152384863129226,,47.35590766593134,,-11.796808104576407
2025,7096,Claire VILLARD,FEMALE,45.30841938371798,7.91454773249634,10.767438455736615,45.222237657969295,47.35590766593134,0.08618172574868765,-2.047488282213358
2025,7098,Jimmy ANTAYA,MALE,38.79672392147903,5.430274297960847,6.314013436415115,40.84470104888247,47.35590766593134,-2.047977127403442,-8.559183744452312
2025,7099,Sébastien TONGHINI,MALE,50.84111047681932,8.964114397129784,14.534270722944516,45.688872432470205,47.35590766593134,5.152238044349112,3.4852028108879765
2025,7100,Arnaud Nicolas POTHIN,MALE,47.78528805578215,6.521811996990808,9.54569645317802,43.77645406799741,47.35590766593134,4.00883398778474,0.42938038985081306
2025,7103,Patrice CHABOT,MALE,40.86023777183761,6.525880389040108,7.772074141593041,44.2955251939882,47.35590766593134,-3.435287422150587,-6.49566989409373
2025,7104,Gilles REBOUL,MALE,13.301092700375444,5.966184259061835,1.1222742025488577,,47.35590766593134,,-34.0548149655559
2025,7105,Guillaume K BIDI,MALE,39.29177322994531,6.243841152115737,6.969612937304708,43.77645406799741,47.35590766593134,-4.4846808380521,-8.064134435986027
2025,7106,Roberto MARIMA,MALE,38.68101807320178,6.3171102217962884,7.385233493979198,44.2955251939882,47.35590766593134,-5.614507120786421,-8.674889592729564
2025,7107,Aurélie PONLEVOY,FEMALE,41.77855457169142,3.6016022052438927,3.5071395267513705,,47.35590766593134,,-5.577353094239918
2025,7108,Rudy DUTERTRE,MALE,44.047433611188545,7.381255974563324,9.382945261988375,45.18824740051136,47.35590766593134,-1.140813789322813,-3.3084740547427955
2025,7109,Thibaut BONIDAN,MALE,39.89389664282507,5.415841314690527,6.594743860130278,40.38576600553065,47.35590766593134,-0.4918693627055788,-7.462011023106271
2025,7110,Rachel RAVILY,FEMALE,44.18618749678284,5.253437365503431,7.131296247361387,41.1972618636586,47.35590766593134,2.9889256331242393,-3.1697201691484977
2025,7111,Florent TRAPE,MALE,33.69152829476629,5.4913756727697285,3.7441381000261957,,47.35590766593134,,-13.664379371165047
2025,7112,Eric STADLER,MALE,43.03141645416357,6.6328265912616615,8.488594279256004,44.55717543692194,47.35590766593134,-1.5257589827583686,-4.324491211767771
2025,7113,Cedric JULLIAN,MALE,40.939201033969674,8.60022941603932,10.445015315765476,45.688872432470205,47.35590766593134,-4.749671398500531,-6.416706631961667
2025,7114,Michel BENARD,MALE,41.149730826583706,5.5886610223760735,6.905394853867415,40.451979779172746,47.35590766593134,0.6977510474109607,-6.206176839347634
2025,7115,Christine MWANGI,FEMALE,34.07703147352245,5.410656142010002,5.247174776443076,39.921379801676856,47.35590766593134,-5.844348328154403,-13.278876192408887
2025,7116,Patrick VALOT,MALE,41.136597815248635,5.176631267893354,6.505425826847457,41.131116048350705,47.35590766593134,0.005481766897929674,-6.219309850682706
2025,7118,Marie Josée Claire FONTAINE,FEMALE,41.09079100462371,6.177035719976177,7.430244592279189,42.45893415846257,47.35590766593134,-1.368143153838858,-6.26511666130763
2025,7119,Roger GIGANDET,MALE,42.65961148613915,6.939148156788016,8.651785714285722,44.83248830378268,47.35590766593134,-2.172876817643534,-4.696296179792192
2025,7120,Lucas ROUSSELET,MALE,39.504472504288174,5.491981707630292,6.220892179134832,40.73535547289872,47.35590766593134,-1.230882968610544,-7.851435161643167
2025,7121,Karine CHAPELIN,FEMALE,54.438474399772275,6.3632109796401455,10.902777869432954,42.24824087550884,47.35590766593134,12.190233524263434,7.082566733840935
2025,7122,Jonathan OLIVIER,MALE,36.1688149192727,6.629086274907452,5.62071952924176,,47.35590766593134,,-11.187092746658642
2025,7123,Fidélio PONTALBA,MALE,38.64915350541046,5.129124468568444,5.670176852375198,41.37987418752937,47.35590766593134,-2.730720682118907,-8.70675416052088
2025,7124,Diane DELETREZ,FEMALE,46.308435158526436,5.2930474985070015,7.670718866660293,41.149730826583706,47.35590766593134,5.1587043319427295,-1.0474725074049047
2025,7125,Samuel PONTALBA,MALE,38.10874665271609,5.5325851806707105,6.276403655185432,41.1699331794844,47.35590766593134,-3.06118652676831,-9.247161013215248
2025,7126,Jérémy MOYON,MALE,38.84294975472763,5.228111432576403,5.116104874510464,41.19886936395528,47.35590766593134,-2.355919609227655,-8.512957911203713
2025,7127,Jérémy SPRIMONT,MALE,45.142986968205264,7.096797261706287,9.793941662288436,45.142986968205264,47.35590766593134,0.0,-2.2129206977260765
2025,7128,Nicolas SCHWARTZ,MALE,46.82704978105758,8.139213309223939,11.522058836611436,45.114914688127875,47.35590766593134,1.7121350929297066,-0.5288578848737586
2025,7129,Jason PROSPER,MALE,39.377879865757464,5.19263746039673,6.309761338566892,41.19013553238509,47.35590766593134,-1.8122556666276282,-7.9780278001738765
2025,7130,Lucas BONAMI,MALE,46.99808471179505,7.642106696877195,11.06779687871347,44.500275020848804,47.35590766593134,2.497809690946248,-0.35782295413628873
2025,7131,Thomas JUVESY,MALE,43.22782745456559,6.694782495574334,8.55628433700777,44.35351567345897,47.35590766593134,-1.12568821889338,-4.128080211365749
2025,7132,Sophie JANNIN,FEMALE,39.23539570729167,3.668556509652275,3.283088814471247,,47.35590766593134,,-8.120511958639668
2025,7133,Aurelie THOMARDEL,FEMALE,43.791650237675725,5.830253635906665,8.047025600098234,41.50628433604456,47.35590766593134,2.2853659016311667,-3.5642574282556154
2025,7134,Raymond LIONI,MALE,45.75740817989278,6.121185367785542,8.6086679255716,42.12062822059074,47.35590766593134,3.6367799593020393,-1.5984994860385626
2025,7135,Marielle RONDET,FEMALE,38.690690147431525,5.948499711643653,6.596637896585751,41.9495640760095,47.35590766593134,-3.2588739285779766,-8.665217518499816
2025,7136,Pascal DÉVOILLE,MALE,39.57351084095594,4.294276828358418,3.172141353346385,,47.35590766593134,,-7.7823968249754
2025,7137,Francine DEVOILLE,FEMALE,28.2831258328789,4.662256050622163,2.5431176611824453,,47.35590766593134,,-19.072781833052442
2025,7138,Romain BERNASCONI,MALE,34.493221611334704,6.0159398912427635,5.241725316796065,42.12062822059074,47.35590766593134,-7.627406609256035,-12.862686054596637
2025,7139,Fred TORNEY,MALE,44.73420775736541,5.510665310463491,7.4355921891546775,41.1699331794844,47.35590766593134,3.564274577881008,-2.6216999085659296
2025,7141,Thibault ANDRE,MALE,47.40182037900872,5.790183745066629,8.260211094777228,39.90763822225097,47.35590766593134,7.494182156757752,0.04591271307737799
2025,7142,Sandrine MINATCHY,FEMALE,44.61451146889587,6.012502281417669,8.119181112559971,41.795439828088796,47.35590766593134,2.819071640807074,-2.7413961970354705
2025,7143,Kévin TANJON,MALE,49.179552610094085,6.403067248888346,9.434757681545747,42.12062822059074,47.35590766593134,7.058924389503346,1.8236449441627443
2025,7144,Lionel GAUDILLERE,MALE,50.31322966385133,8.559982181353831,12.773393422215381,45.54541892815471,47.35590766593134,4.767810735696621,2.9573219979199905
2025,7145,Samuel GONTHIER,MALE,43.40008843779907,6.25234614493699,8.018655032827116,42.24824087550884,47.35590766593134,1.1518475622902287,-3.9558192281322704
2025,7146,Mickael VALIEMEN,MALE,49.96862554571814,6.436700035809066,10.132416212050423,42.12062822059074,47.35590766593134,7.847997325127402,2.6127178797868
2025,7147,Julien ROBERT,MALE,48.81149556108856,8.047810511228876,12.19207924475045,45.007591718286456,47.35590766593134,3.8039038428021072,1.4555878951572225
2025,7148,Jean- Bernard CADET,MALE,39.9248567632808,3.9486443472420847,3.535414665796885,,47.35590766593134,,-7.43105090265054
2025,7149,Pierre VOINESON,MALE,30.48095081979783,4.6010543315776555,3.20656715699589,,47.35590766593134,,-16.87495684613351
2025,7150,Sébastien HUGUES,MALE,44.327709092207286,6.141841495998532,8.291765822405175,41.99089667909173,47.35590766593134,2.3368124131155525,-3.0281985737240547
2025,7151,Benjamin LAURENT,MALE,36.41874715109167,6.655204828806185,7.206103835798432,45.555135569463445,47.35590766593134,-9.136388418371773,-10.937160514839668
2025,7152,Pauline FOURNEL BARRET,FEMALE,53.790997754609585,7.189339810454564,11.985317210958732,45.46900039698777,47.35590766593134,8.321997357621818,6.435090088678244
2025,7153,Davy GONFO,MALE,48.70443016728805,5.5066763710377575,8.353433120347999,41.1699331794844,47.35590766593134,7.534496987803649,1.3485225013567117
2025,7154,Mélanie POUDROUX,FEMALE,46.80814661095976,6.231957202720191,9.154975232811578,42.35625866040959,47.35590766593134,4.451887950550173,-0.5477610549715806
2025,7155,Marine LEPÉCULIER,FEMALE,41.26956656962459,5.963326444192136,7.663740260434881,42.24824087550884,47.35590766593134,-0.9786743058842546,-6.086341096306754
2025,7156,"Marie, Daniella VICTORINE",FEMALE,45.04492671973496,5.561642635230395,8.00318340788614,40.451979779172746,47.35590766593134,4.592946940562214,-2.3109809461963806
2025,7157,Maxence MALVOISIN,MALE,34.526858201783405,7.817543027497427,7.363990834232795,45.26532852084364,47.35590766593134,-10.738470319060234,-12.829049464147936
2025,7158,Yassin KOO PIN HIN,MALE,44.82776581075036,9.036496336424056,12.456446991404022,48.40871395494654,47.35590766593134,-3.580948144196185,-2.5281418551809836
2025,7159,Nicolas GONTHIER,MALE,39.60535545379532,3.8265152772973807,3.8568811315913063,,47.35590766593134,,-7.7505522121360215
2025,7160,Jean Pierre LACONI,MALE,45.51461013922802,4.319618594478052,3.935560507438458,,47.35590766593134,,-1.8412975267033218
2025,7161,Eric VANRENTERGHEM,MALE,38.85898857447017,5.750409069194455,6.685840679840597,41.1755513082866,47.35590766593134,-2.3165627338164327,-8.496919091461173
2025,7162,Xavier DELELIENNE,MALE,55.79433606939539,7.40541859872261,12.663290896753255,44.83248830378268,47.35590766593134,10.96184776561271,8.438428403464052
2025,7163,Edyta SEREDYŃSKA,FEMALE,55.2550585920243,5.876027435932084,10.237245540599647,40.145822269418204,47.35590766593134,15.109236322606094,7.8991509260929575
2025,7164,Aouatef KOUBAA,FEMALE,35.35461306782561,5.150728961135432,5.450990576703935,41.19013553238509,47.35590766593134,-5.835522464559482,-12.00129459810573
2025,7165,Cédric BARAKE,MALE,36.80812975623162,7.735144445495649,8.194629160519078,45.222237657969295,47.35590766593134,-8.414107901737673,-10.547777909699718
2025,7166,Yann MICHEL,MALE,42.48804149643584,4.136415682125879,3.8215636688814327,,47.35590766593134,,-4.8678661694955
2025,7167,Rodrigue URBANELLI,MALE,46.98352985924964,6.8649367476828616,9.760801673827793,44.23753471451742,47.35590766593134,2.7459951447322197,-0.3723778066816976
2025,7168,Valerie MAGEMBE,FEMALE,33.90717957444295,5.03636440734812,4.609927979626309,41.1972618636586,47.35590766593134,-7.290082289215654,-13.448728091488391
2025,7169,Thierry HAZEBROUCK,MALE,34.22105575053895,4.2767124924633775,2.8141895238284502,,47.35590766593134,,-13.134851915392389
2025,7170,Thomas CLENET,MALE,37.393723074233115,5.6895702262404,6.152044686354481,41.17102382135801,47.35590766593134,-3.7773007471248974,-9.962184591698225
2025,7171,Freddy BIGOT,MALE,41.197006089461226,7.0299682889427,8.84487403735359,45.142986968205264,47.35590766593134,-3.945980878744038,-6.1589015764701145
2025,7172,Cédric COLLINET,MALE,36.387391880635704,6.753532256219819,7.201292825840768,45.46888375011854,47.35590766593134,-9.08149186948284,-10.968515785295637
2025,7173,Sabine LEPERLIER,FEMALE,45.47874850070423,6.43563715586112,9.010046224961487,43.781521189854864,47.35590766593134,1.6972273108493638,-1.8771591652271127
2025,7174,Mickael HOARAU,MALE,46.557220975542656,7.9432422451015166,11.108976148176682,45.222237657969295,47.35590766593134,1.3349833175733608,-0.7986866903886849
2025,7175,Bernard MAUNIER,MALE,43.779523106074336,6.388609213137575,8.496176405759156,43.73871105657847,47.35590766593134,0.040812049495869474,-3.5763845598570043
2025,7176,Maxime KEREBEL,MALE,35.69566264828573,5.849124572555497,5.838536150003943,41.50628433604456,47.35590766593134,-5.810621687758825,-11.660245017645607
2025,7177,Serge DUBLET,MALE,68.15838075897139,3.5042667617100824,5.087044256959755,,47.35590766593134,,20.80247309304005
2025,7180,Bruno TRANCHANT,MALE,44.12520978695316,4.020623469101486,3.7305147749823213,,47.35590766593134,,-3.2306978789781837
2025,7181,Jérôme TOARD,MALE,45.03382309032661,5.837257324720804,7.425626070304586,40.38576600553065,47.35590766593134,4.648057084795958,-2.322084575604734
2025,7182,Nicolas LEBRETON,MALE,48.988731278721644,6.360956366024224,9.69208238724154,42.42267641958803,47.35590766593134,6.566054859133615,1.632823612790304
2025,7183,Émilie ATCHAPA,FEMALE,40.38576600553065,5.268620745633319,6.409540375600702,41.1699331794844,47.35590766593134,-0.7841671739537546,-6.970141660400692
2025,7184,Charles Alfred GIBRALTA,MALE,36.16368314753128,7.069952886226849,7.559383029851687,45.46888375011854,47.35590766593134,-9.305200602587263,-11.19222451840006
2025,7185,Hervé BEGEL,MALE,43.146190324499514,3.861512032677069,3.9844889242580157,,47.35590766593134,,-4.209717341431826
2025,7186,Michel Jean Patrick FONTAINE,MALE,44.71607336072075,7.3971765411281245,9.94241839003149,45.46888375011854,47.35590766593134,-0.7528103893977942,-2.6398343052105915
2025,7187,Albin VIDOT,MALE,39.43379821330456,5.589009208281347,6.295297906852785,40.1679753516478,47.35590766593134,-0.7341771383432345,-7.922109452626778
2025,7188,Gerard FISNE,MALE,48.252670273885435,6.110001889976318,9.03396160770939,41.9495640760095,47.35590766593134,6.303106197875934,0.8967626079540949
2025,7189,Mary Diane JOLICOEUR,FEMALE,38.79510027342427,5.910485473870578,7.049493142516406,42.24824087550884,47.35590766593134,-3.4531406020845736,-8.560807392507073
2025,7190,Laurine GRONDIN,FEMALE,42.67928699597742,6.268329597295171,8.323965746429858,43.73871105657847,47.35590766593134,-1.0594240606010459,-4.67662066995392
2025,7191,Calvert IMACHE,MALE,35.66125327671838,5.266537030260585,4.96976441632344,41.136597815248635,47.35590766593134,-5.475344538530258,-11.694654389212964
2025,7192,Vincent ARMOUGOM,MALE,43.447420031238806,6.902342500122678,9.327092460900726,45.555135569463445,47.35590766593134,-2.107715538224639,-3.908487634692534
2025,7193,Franck POLI,MALE,52.3503329580141,3.924102991565797,4.687353273881673,,47.35590766593134,,4.994425292082759
2025,7194,Louis DRONEAU,MALE,40.7793571691623,7.467874159294627,9.043808984607235,44.450305150795494,47.35590766593134,-3.6709479816331907,-6.576550496769038
2025,7195,Mickael RENE,MALE,42.82426085431456,6.057330431765763,7.685644800555888,41.9495640760095,47.35590766593134,0.8746967783050579,-4.531646811616781
2025,7196,Marc PUECH,MALE,49.7489611922113,8.431953255872937,11.787263193844554,45.114914688127875,47.35590766593134,4.634046504083422,2.3930535262799566
2025,7197,Eric ALONZO,MALE,43.28580171935717,5.624355689654267,7.675787547107062,40.12198891513512,47.35590766593134,3.1638128042220472,-4.070105946574174
2025,7198,Gaëtan MAILLOT,MALE,45.57493245018407,5.6982499859066325,6.915115116586792,41.195654363361925,47.35590766593134,4.379278086822147,-1.7809752157472687
2025,7199,David GAUTIER,MALE,40.48007697188577,5.214680344469849,6.374938665035753,41.1972618636586,47.35590766593134,-0.7171848917728312,-6.875830694045568
2025,7200,Yves Mario BEGUE,MALE,47.91399298776008,6.41584726498756,9.490582954736183,43.64144661016708,47.35590766593134,4.272546377593002,0.5580853218287416
2025,7201,Yannick IMBROSCIANO,MALE,37.84626315405682,10.197813325584146,11.379591499983132,42.29877073115249,47.35590766593134,-4.452507577095666,-9.50964451187452
2025,7202,Dominique FERRAND,FEMALE,47.78245721753155,7.099394834829516,10.464954119699659,44.98773763599397,47.35590766593134,2.794719581537578,0.42654955160021046
2025,7203,Mickael HOAREAU,MALE,36.839064797492846,4.00541069444588,3.042193689070181,,47.35590766593134,,-10.516842868438495
2025,7204,Olivier POIRIER,MALE,38.36701425063594,5.286987679662556,6.096930131192623,41.125634281452776,47.35590766593134,-2.758620030816836,-8.9888934152954
2025,7205,Benjamin HOUOT,MALE,44.7608352003849,6.927531833848597,9.526317003824303,45.305993682596515,47.35590766593134,-0.5451584822116118,-2.595072465546437
2025,7206,Arnaud HERSAN,MALE,38.8869697241415,5.430918730113005,6.351264076959122,40.451979779172746,47.35590766593134,-1.5650100550312445,-8.46893794178984
2025,7207,Christine MOREL,FEMALE,39.11549485110399,5.694364567113207,6.842329637098448,40.76458277773487,47.35590766593134,-1.6490879266308838,-8.240412814827351
2025,7208,Vincent CAMBEFORT,MALE,32.997644802128505,3.9154139544626134,2.7525241969774514,,47.35590766593134,,-14.358262863802835
2025,7209,Armand D’EXPORT,MALE,51.86885475001192,7.754472188763663,12.297380021270612,45.142986968205264,47.35590766593134,6.725867781806656,4.512947084080579
2025,7210,Antoine WATERLOOS,MALE,49.17394071631357,6.769861810642059,10.101234173348256,44.7608352003849,47.35590766593134,4.413105515928663,1.8180330503822262
2025,7212,Marine DUVAL,FEMALE,29.62885031631727,6.787719462356347,5.845430448707906,45.351195791468,47.35590766593134,-15.722345475150732,-17.72705734961407
2025,7213,Philippe CEROU,MALE,32.746585317512775,5.179429050780728,4.50936383362083,41.16336667381687,47.35590766593134,-8.416781356304092,-14.609322348418566
2025,7214,Olivier Thierry MAUNIER,MALE,43.56702521930808,5.408445505898283,7.035053270024753,41.1699331794844,47.35590766593134,2.3970920398236757,-3.788882446623262
2025,7215,Jean Claude AOUNETSE,MALE,44.55784204135935,4.357801734926734,4.465876742658331,,47.35590766593134,,-2.79806562457199
2025,7216,Jean Hugues KONDOKI,MALE,46.29373733181652,7.497775972075592,10.551663009777599,44.60817419078478,47.35590766593134,1.6855631410317429,-1.0621703341148176
2025,7217,Michael BALLANT,MALE,41.54932237320562,7.899500157406349,9.433938053097354,45.114914688127875,47.35590766593134,-3.565592314922256,-5.806585292725721
2025,7218,Roland CARPAYE,MALE,40.66581114319986,5.608412442160244,7.049649097687132,40.12198891513512,47.35590766593134,0.5438222280647409,-6.69009652273148
2025,7219,Denise LEBOT,FEMALE,43.98348280274181,5.363183658918411,7.304038708403284,41.14316432091617,47.35590766593134,2.8403184818256406,-3.3724248631895293
2025,7220,Patrice MICHEL,MALE,49.52175285669269,9.714694864699279,14.751472025576629,48.87923663654291,47.35590766593134,0.6425162201497798,2.1658451907613525
2025,7221,Rohann MAILLOT,MALE,45.641270741939124,7.1746771615787654,9.771149167134578,44.98773763599397,47.35590766593134,0.6535331059451508,-1.7146369239922166
2025,7222,Fabiola LEBON,FEMALE,48.06064743070302,5.524966250052579,8.103554775194052,41.14316432091617,47.35590766593134,6.9174831097868505,0.7047397647716807
2025,7223,Mickaël COUSIN,MALE,44.57290850972952,6.363387250682243,8.318831168831176,42.24824087550884,47.35590766593134,2.324667634220681,-2.782999156201818
2025,7224,Jean Renal SINIMALE,MALE,41.25270581785105,5.23571614978993,6.64914118357642,41.149730826583706,47.35590766593134,0.10297499126734522,-6.103201848080289
2025,7225,Vincent BERGE,MALE,34.2349086519273,3.6129355795947355,3.184511440113945,,47.35590766593134,,-13.120999014004042
2025,7226,Maëva CAM,FEMALE,38.26941045710122,5.291805545684642,5.865214708841632,41.136597815248635,47.35590766593134,-2.8671873581474117,-9.086497208830117
2025,7227,Marie Line VANJY,FEMALE,44.99929714541337,5.881391724269179,8.164079568989955,41.54929235923605,47.35590766593134,3.450004786177324,-2.356610520517968
2025,7229,Vincent ROBIN,MALE,48.08013623846143,6.463119705296871,9.392512690106953,43.77645406799741,47.35590766593134,4.303682170464015,0.7242285725300874
2025,7230,Ameline RANGOULAMAN,FEMALE,11.352037852318096,4.858718211519076,0.7800286253563815,,47.35590766593134,,-36.00386981361324
2025,7231,Yoann RAMPHAN,MALE,43.979839112262766,8.049933044844394,10.266271603056355,45.114914688127875,47.35590766593134,-1.135075575865109,-3.376068553668574
2025,7232,Nathalie TRINH,FEMALE,39.67104549229497,5.659333115026031,6.8071342762672975,40.76458277773487,47.35590766593134,-1.0935372854399006,-7.684862173636368
2025,7233,David MONGAZON,MALE,46.44337308267331,6.189446995161329,8.671327647249603,42.228467545989375,47.35590766593134,4.214905536683936,-0.9125345832580294
2025,7234,Chloé THIRY,FEMALE,40.091976968086904,6.073434356901054,7.346259065668625,43.781521189854864,47.35590766593134,-3.68954422176796,-7.263930697844437
2025,7235,Marion RIBES,FEMALE,46.157273891056875,7.006606456430394,9.815674967300891,44.83248830378268,47.35590766593134,1.3247855872741923,-1.198633774874466
2025,7236,Sebastien ITEY,MALE,41.732481849035025,5.360728376433681,7.023518176405169,41.16336667381687,47.35590766593134,0.5691151752181582,-5.623425816896315
2025,7237,Sandrine AH-KEN,FEMALE,40.14074147235061,5.800543180246617,7.08171128226901,41.667485330667006,47.35590766593134,-1.5267438583163937,-7.215166193580728
2025,7239,Simone PAYET,FEMALE,40.23271434537597,5.4262111820273216,6.730519480519487,40.347727727356556,47.35590766593134,-0.11501338198058875,-7.123193320555373
2025,7240,Gaëlle JANSSENS,FEMALE,43.4183539064212,7.964464386509611,10.48447084965359,45.222237657969295,47.35590766593134,-1.803883751548092,-3.9375537595101378
2025,7241,Christophe GARSANY,MALE,40.19570136593183,9.93299387700384,11.833503002963237,47.33583461652406,47.35590766593134,-7.140133250592228,-7.160206299999508
2025,7242,Yann GRANGER-VEYRON,MALE,45.688872432470205,8.409829555579071,11.697553224587768,45.455555045219754,47.35590766593134,0.2333173872504517,-1.6670352334611351
2025,7243,Mael PICARD,MALE,38.331954997722306,8.306044565147845,9.358778828358258,45.45391417297387,47.35590766593134,-7.121959175251561,-9.023952668209034
2025,7244,Camille ANDRE,FEMALE,45.85409752296003,4.090769557040927,4.513043142832103,,47.35590766593134,,-1.5018101429713084
2025,7245,Amélie PAQUET,FEMALE,42.45453517505586,6.689924566545077,8.304329660116776,44.7608352003849,47.35590766593134,-2.306300025329044,-4.901372490875481
2025,7246,Corinne SCOURZIC,FEMALE,3.8752715303496674,4.706694498531402,0.2579485825550325,,47.35590766593134,,-43.480636135581676
2025,7247,Sylvain LEGAST,MALE,36.17490055908901,6.6819603449407285,6.971460858295094,44.79666175208379,47.35590766593134,-8.621761192994782,-11.18100710684233
2025,7248,Anita FOUDRAIN,FEMALE,37.45394339215008,6.896950039120691,8.006036603160052,44.71607336072075,47.35590766593134,-7.262129968570669,-9.90196427378126
2025,7249,Sandra BEAUPRÉAU,FEMALE,41.195654363361925,5.09707983527189,6.362842363447697,41.25270581785105,47.35590766593134,-0.05705145448912674,-6.160253302569416
2025,7250,Marina BOYER,FEMALE,42.35764667155893,5.298524429763611,7.01266337667496,41.149730826583706,47.35590766593134,1.2079158449752256,-4.998260994372409
2025,7251,Berengere LEREBOURG,FEMALE,48.89430406385708,6.931913029621296,10.496859278628891,44.83248830378268,47.35590766593134,4.061815760074396,1.5383963979257373
2025,7252,Marie SEROC,FEMALE,43.87125281067659,7.948802592943684,10.658815915649257,45.114914688127875,47.35590766593134,-1.243661877451288,-3.484654855254753
2025,7253,Cyriane TABESSE,FEMALE,50.11639751946046,6.6937574945430525,10.246868282671276,44.23753471451742,47.35590766593134,5.87886280494304,2.7604898535291227
2025,7254,Charles GAMBLIN,MALE,38.75615720851637,5.81404639460862,6.688645879280292,41.399254899519555,47.35590766593134,-2.6430976910031845,-8.59975045741497
2025,7255,Juan Gerardo MARIN Y RODRIGUEZ,MALE,38.31670315918586,5.770793679312395,6.41333494697265,41.1755513082866,47.35590766593134,-2.858848149100737,-9.039204506745477
2025,7256,Clarie ZAMMIT,FEMALE,52.642549598803235,6.824468591739617,11.123322705575465,44.2955251939882,47.35590766593134,8.347024404815038,5.286641932871895
2025,7257,Cyrielle LETICHE,FEMALE,49.667638269806424,6.947039382122262,10.749547456189944,45.0978377278386,47.35590766593134,4.5698005419678225,2.311730603875084
2025,7258,Victoria HAMONY,FEMALE,45.64242897752097,5.294453862243532,7.3379839641669795,41.19289494787351,47.35590766593134,4.4495340296474595,-1.713478688410369
2025,7259,Léa BORGNE,FEMALE,41.795439828088796,6.041727910041237,7.6822286290556665,42.42267641958803,47.35590766593134,-0.6272365914992335,-5.560467837842545
2025,7260,Anthony ROY,MALE,46.62659182730042,5.432679193743273,7.702987957923243,41.19013553238509,47.35590766593134,5.436456294915331,-0.7293158386309173
2025,7261,John Harry BOJNAUTH,MALE,33.032783058536026,4.233775955706056,3.235201994904873,,47.35590766593134,,-14.323124607395314
2025,7263,Anthony LEBRETON,MALE,39.07429631907254,5.392255667222395,6.349224294855484,40.51819355281484,47.35590766593134,-1.4438972337423053,-8.281611346858803
2025,7264,Elodie TIREL UMLAUF,FEMALE,48.150063939944765,8.186780459541273,12.115287360988333,45.114914688127875,47.35590766593134,3.0351492518168897,0.7941562740134245
2025,7265,Samuel PAYET,MALE,57.59089489278074,8.827511671131282,15.576810292817768,45.222237657969295,47.35590766593134,12.368657234811444,10.234987226849398
2025,7266,Marie Jocelyne PAROS,FEMALE,46.35166796812057,6.064500853464327,8.725616787950953,42.0127888951921,47.35590766593134,4.338879072928471,-1.0042396978107675
2025,7267,Laurent AMPLE,MALE,45.56880407114547,8.041092485927761,11.497132407946147,45.222237657969295,47.35590766593134,0.346566413176177,-1.7871035947858687
2025,7268,Marion PARSEYAN,FEMALE,47.96908997276667,6.614956197542043,9.61194029850747,44.00952795218615,47.35590766593134,3.9595620205805204,0.613182306835327
2025,7269,Hyanis BARET,MALE,44.40033528074218,7.714545029757645,9.62180560372708,44.40033528074218,47.35590766593134,0.0,-2.955572385189157
2025,7270,William SERCOMBE,MALE,52.52366212468762,8.363928299521495,13.306241213587484,45.21895591347753,47.35590766593134,7.304706211210089,5.167754458756278
2025,7271,Anthony MUSIYAN,MALE,31.603573287620772,5.875072392301248,4.899411404821855,42.35625866040959,47.35590766593134,-10.752685372788815,-15.752334378310568
2025,7272,Laurent GRONDIN,MALE,51.19292898530866,8.88328489474904,14.17369039555401,45.688872432470205,47.35590766593134,5.504056552838456,3.837021319377321
2025,7273,Guillaume PICARD,MALE,40.008579163459764,5.546760364354412,6.798605607718155,39.90763822225097,47.35590766593134,0.1009409412087976,-7.347328502471576
2025,7274,Gilles MAILLY,MALE,44.1025168723371,8.04342683907764,10.157493236475386,45.30841938371798,47.35590766593134,-1.2059025113808843,-3.2533907935942423
2025,7275,Florent SIONG,MALE,40.51819355281484,5.712058517289583,6.460782332349614,40.51819355281484,47.35590766593134,0.0,-6.837714113116498
2025,7276,Valentin HAUCHECORNE,MALE,49.17517301262026,6.968802345878238,9.777419354838718,44.23753471451742,47.35590766593134,4.93763829810284,1.8192653466889226
2025,7278,Jean HASTOURNY,MALE,40.141842873732585,6.093498582339844,6.97605872364921,42.0127888951921,47.35590766593134,-1.8709460214595168,-7.214064792198755
2025,7279,Anne-Caroline PRIGENT,FEMALE,49.49843349538865,5.969536567965031,8.948562451746115,40.877001115433124,47.35590766593134,8.621432379955529,2.1425258294573126
2025,7280,Mboahangy BAUDE,FEMALE,40.877001115433124,5.986166080319824,7.070463028021486,41.7786916001614,47.35590766593134,-0.9016904847282774,-6.478906550498216
2025,7281,Christian BUNDY,MALE,46.601475454394134,6.04747334715945,8.672617781791898,41.667485330667006,47.35590766593134,4.933990123727128,-0.7544322115372069
2025,7282,Anthony MONNIN,MALE,42.40437947433348,8.672484505630612,10.98202380952382,47.002727712954915,47.35590766593134,-4.598348238621433,-4.951528191597859
2025,7283,Claude GRONDIN,MALE,39.919318666055034,8.139704626554655,9.704840928408915,45.688872432470205,47.35590766593134,-5.7695537664151715,-7.436588999876307
2025,7284,Noémie AUTHIER,FEMALE,53.8612741728483,6.915206794683998,11.432714168074515,44.35351567345897,47.35590766593134,9.507758499389325,6.505366506916957
2025,7285,Mickaël RAVELLI,MALE,42.4951918973371,6.024459726878566,7.419200178271459,41.54929235923605,47.35590766593134,0.9458995381010524,-4.86071576859424
2025,7286,Enora EZANNO,FEMALE,43.65583319170216,7.413180726655932,9.976636839240467,44.40033528074218,47.35590766593134,-0.7445020890400258,-3.700074474229183
2025,7287,Pascale COEUGNET LEGENDRE,FEMALE,43.30117060470546,5.311417690985461,6.886420337326179,41.195654363361925,47.35590766593134,2.105516241343537,-4.054737061225879
2025,7288,Charlotte MONTRESOR,FEMALE,33.09755622798924,3.836309709980312,2.671096856410829,,47.35590766593134,,-14.258351437942103
2025,7289,Guillaume LEGIER,MALE,43.49508364933552,5.284443102613289,6.715849549816017,41.1972618636586,47.35590766593134,2.2978217856769163,-3.8608240165958208
2025,7290,Nicolas HADYS,MALE,47.818834924387325,6.946776756690257,9.564858225964555,44.35351567345897,47.35590766593134,3.465319250928353,0.46292725845598426
2025,7291,Romain RUTKOWSKI,MALE,43.47948462247195,7.931248851068624,9.969697380644032,45.114914688127875,47.35590766593134,-1.6354300656559246,-3.87642304345939
2025,7292,Jean Max LAHIRE,MALE,44.22882793624745,5.771538371360034,7.953972216641466,40.19180870593088,47.35590766593134,4.037019230316567,-3.127079729683892
2025,7293,Emilie MARIN,FEMALE,45.99646858210315,6.874802892925906,9.736612860962136,44.79666175208379,47.35590766593134,1.1998068300193552,-1.3594390838281925
2025,7294,Clément GORCE,MALE,41.52610091312494,6.824824582897383,7.996311037345916,45.555135569463445,47.35590766593134,-4.029034656338503,-5.829806752806398
2025,7295,Trules LUCIANO,MALE,47.555082874746695,5.444854883772351,8.139927043343906,41.1972618636586,47.35590766593134,6.357821011088092,0.19917520881535467
2025,7296,Laurent MAUBECQ,MALE,38.546918395690085,5.307322380007275,5.795022276434932,41.19013553238509,47.35590766593134,-2.6432171366950072,-8.808989270241256
2025,7298,Thierry DEWYSPELAERE,MALE,49.90117728674706,7.223078115747787,10.797810090660247,44.98773763599397,47.35590766593134,4.913439650753084,2.5452696208157164
2025,7299,Virginie COURTILLIER,FEMALE,48.37711263392865,5.267568428382067,7.830311456076319,41.37987418752937,47.35590766593134,6.99723844639928,1.0212049679973063
2025,7300,Thomas SIVADON,MALE,38.002891722865144,5.724600289625154,6.227358028649997,40.66897549479116,47.35590766593134,-2.6660837719260186,-9.353015943066197
2025,7301,Jean Hugues PALAMA,MALE,40.886746156603046,6.294541394347446,7.401147041184715,43.73871105657847,47.35590766593134,-2.851964899975421,-6.469161509328295
2025,7302,Marielle LE GOULM,FEMALE,42.169116273247965,5.43735990220569,7.263275246427108,40.38576600553065,47.35590766593134,1.7833502677173172,-5.186791392683375
2025,7304,Alexis PICARD,MALE,44.296434786233284,5.404545375000884,7.1350268440744,41.1972618636586,47.35590766593134,3.099172922574681,-3.059472879698056
2025,7305,Jean Noël CAROUMBAYE,MALE,30.190340750344536,3.810957352261472,2.2366648803163156,,47.35590766593134,,-17.165566915586805
2025,7306,Cedric LEBON,MALE,46.59428910972637,7.32918533765835,10.314070669901554,44.98773763599397,47.35590766593134,1.6065514737323952,-0.7616185562049722
2025,7308,Marine LEBEAU,FEMALE,30.90069559494654,5.33636803159956,4.568061008821576,39.469135358796365,47.35590766593134,-8.568439763849824,-16.4552120709848
2025,7309,Emma CONVERT,FEMALE,49.30585248669863,6.559478496545513,10.23102846520569,44.81548634942304,47.35590766593134,4.490366137275593,1.9499448207672927
2025,7310,Déborah HUBERT,FEMALE,33.69470124190764,5.40723905325216,5.177204424623817,39.782471067560024,47.35590766593134,-6.087769825652387,-13.661206424023703
2025,7311,Thierry Jean Eric PAYET,MALE,34.4171205712498,5.029108289886275,5.230423466431409,41.1972618636586,47.35590766593134,-6.780141292408807,-12.938787094681544
2025,7312,Gilbert BAUDOIN,MALE,43.79349641180282,8.240676201790617,10.205046013855867,45.26532852084364,47.35590766593134,-1.4718321090408182,-3.56241125412852
2025,7313,Louise MARTINIE,FEMALE,47.12662536663805,7.387623736099721,10.77015564380984,45.142986968205264,47.35590766593134,1.983638398432788,-0.22928229929328836
2025,7314,Rémy COURTOIS,MALE,38.122097651863825,5.780905830184888,6.622973281955069,41.251256638092315,47.35590766593134,-3.1291589862284894,-9.233810014067515
2025,7315,Jean Patrick IDOUMBIN,MALE,32.83343903548717,5.666326506658626,4.445750630427641,40.23271434537597,47.35590766593134,-7.3992753098888,-14.522468630444173
2025,7316,Mario CAPET,MALE,48.825329513180726,5.584809709918065,7.9144163130239695,41.19289494787351,47.35590766593134,7.632434565307214,1.4694218472493858
2025,7317,Louis-Fréderic BAERT,MALE,42.24824087550884,5.943697876162003,7.5958600272789685,41.457383710841846,47.35590766593134,0.7908571646669955,-5.107666790422499
2025,7318,Alain Georges HUBERT,MALE,32.32998886103531,5.186287034277508,4.436794510232938,40.99291217106568,47.35590766593134,-8.662923310030372,-15.02591880489603
2025,7319,David DEL,MALE,39.45707913027564,6.126310494185988,7.109709810364125,43.02604415444007,47.35590766593134,-3.5689650241644344,-7.898828535655703
2025,7320,Vinciane PARDESSUS,FEMALE,45.41500833987378,5.678553420136401,7.853167821610686,39.43379821330456,47.35590766593134,5.981210126569216,-1.9408993260575613
2025,7321,Pauline BARRAY,FEMALE,34.70956999334356,4.988589634241565,3.6308289553210296,,47.35590766593134,,-12.646337672587784
2025,7322,Jean-Marie GILBOIRE,MALE,46.8066018914385,6.973302859134892,9.39011446089429,44.2955251939882,47.35590766593134,2.5110766974502994,-0.5493057744928436
2025,7323,Marie RAVENEL,FEMALE,48.03700429490495,6.945596805725428,10.397918456914205,45.305993682596515,47.35590766593134,2.731010612308438,0.6810966289736129
2025,7324,Jean-Sébastien LEBOUCHER,MALE,34.92605157813168,6.76623440302127,6.407160580969574,45.46888375011854,47.35590766593134,-10.542832171986866,-12.429856087799664
2025,7325,Eva CECILLON,FEMALE,51.211900925873124,5.841719819793107,9.47501107897903,40.19180870593088,47.35590766593134,11.020092219942242,3.8559932599417834
2025,7327,Corinne DAMBREVILLE,FEMALE,41.341126088197264,5.65528609318958,7.233716428369356,40.14074147235061,47.35590766593134,1.2003846158466516,-6.014781577734077
2025,7328,Jean René BOUDOC,MALE,38.69666475030505,5.934095099120743,6.891504620647041,42.00184278714192,47.35590766593134,-3.305178036836871,-8.659242915626294
2025,7329,Cindy NOIRET,FEMALE,35.89839901710803,5.011561882704563,5.185307283500553,41.131116048350705,47.35590766593134,-5.232717031242679,-11.457508648823314
2025,7331,Olivier GONIER,MALE,42.04281577022732,7.8171697383634955,9.790476190476198,45.114914688127875,47.35590766593134,-3.0720989179005542,-5.313091895704019
2025,7332,Jean Pascal FOUQUET,MALE,38.47215765643388,5.4798067616768416,6.25992822877956,40.51819355281484,47.35590766593134,-2.046035896380964,-8.883750009497462
2025,7333,Solenn ROBIN,FEMALE,53.53797483710877,7.337715823190376,11.841085707849992,44.7608352003849,47.35590766593134,8.777139636723867,6.1820671711774295
2025,7334,Jean Baptiste Hugues TIBERE,MALE,38.8510675974837,5.240639297092369,5.562712746295746,41.22578759090317,47.35590766593134,-2.3747199934194683,-8.504840068447642
2025,7335,Marine LE BRIS,FEMALE,37.40628568488704,5.638530538674369,6.417102406144419,41.251256638092315,47.35590766593134,-3.8449709532052765,-9.949621981044302
2025,7336,Johnny RIVIERE,MALE,47.7596990052932,8.419946016944184,12.021867439317898,45.26532852084364,47.35590766593134,2.4943704844495613,0.4037913393618595
2025,7337,Nina CHEVALLIER,FEMALE,50.162473489655234,6.898784274121601,10.665265901186185,45.555135569463445,47.35590766593134,4.607337920191789,2.8065658237238935
2025,7338,Anais GAUTHIER,FEMALE,50.722965624376215,7.265307762144273,11.167076855699642,45.142986968205264,47.35590766593134,5.579978656170951,3.3670579584448745
2025,7339,Brice GAUTHIER,MALE,47.002727712954915,9.15481817204784,13.185536002099807,48.40871395494654,47.35590766593134,-1.4059862419916271,-0.3531799529764257
2025,7340,Mallory GIRAUD,FEMALE,34.32966686340081,5.257301390998442,5.293654313921883,40.51819355281484,47.35590766593134,-6.188526689414033,-13.02624080253053
2025,7341,Fanny ROUET,FEMALE,57.73978121024403,7.508569003996154,13.492756391279032,44.98773763599397,47.35590766593134,12.75204357425006,10.383873544312692
2025,7342,Gayelord BENARD,MALE,47.219473445382576,7.586673789501954,10.366036094803231,45.46888375011854,47.35590766593134,1.7505896952640327,-0.13643422054876453
2025,7343,Cyril BARRANCO,MALE,38.48653976900966,5.277324890314192,5.748692320703352,41.19289494787351,47.35590766593134,-2.706355178863852,-8.86936789692168
2025,7345,Eva OESTERREICHER,FEMALE,55.30058256137574,6.722712753768535,11.67478511059163,43.70096804515951,47.35590766593134,11.599614516216228,7.9446748954444
2025,7346,Vincent ETHEVES,MALE,10.881113155481772,7.429317025730828,1.1432394848381122,,47.35590766593134,,-36.47479451044957
2025,7347,Aurelien BEY,MALE,34.168039665408045,5.252979280195973,5.249846463164668,40.51819355281484,47.35590766593134,-6.3501538874067975,-13.187868000523295
2025,7348,Julien GOASDOUE,MALE,33.93364370060482,5.83402218251659,6.002628785821842,42.23835421074911,47.35590766593134,-8.30471051014429,-13.422263965326522
2025,7349,Romain JAMET,MALE,49.39967924450482,9.468067630439656,13.959624570791867,48.40871395494654,47.35590766593134,0.9909652895582752,2.0437715785734767
2025,7351,Stephanie SINCÈRE,FEMALE,37.16959220091168,4.088251864996771,3.668403778049055,,47.35590766593134,,-10.18631546501966
2025,7352,Elvis REGNIER,MALE,33.7665170434965,6.5520253407519,6.11565360720173,45.305993682596515,47.35590766593134,-11.539476639100016,-13.589390622434841
2025,7353,Nolwenn GRANLIN,FEMALE,31.766043345319094,4.933527365039069,4.7066495204286785,41.19886936395528,47.35590766593134,-9.432826018636188,-15.589864320612246
2025,7354,Ulyss CLAIN,MALE,48.40486315263512,5.533943092927926,8.458865001029809,41.19013553238509,47.35590766593134,7.214727620250031,1.0489554867037825
2025,7355,Thibaud GERLACH,MALE,49.13794646410716,10.339728681167959,15.710772196592165,43.85054002792661,47.35590766593134,5.287406436180547,1.7820387981758188
2025,7356,Camille POLLACCHI,FEMALE,38.38208551345869,5.977993121909784,6.835240268177628,42.12062822059074,47.35590766593134,-3.738542707132048,-8.97382215247265
2025,7357,Marion FRANÇOIS,FEMALE,41.457383710841846,5.564892809548484,7.3673811427205695,40.05590776068969,47.35590766593134,1.4014759501521539,-5.898523955089495
2025,7358,Darry DEPECHE,MALE,48.936626380155076,9.660791376744234,14.337341874324574,48.60574737317729,47.35590766593134,0.3308790069777885,1.5807187142237353
2025,7359,Nicolas PELTIER,MALE,34.48815168994568,5.6911432082599696,5.559327765731217,41.30534632891093,47.35590766593134,-6.817194638965248,-12.86775597598566
2025,7360,Stéphane BLOTTIERE,MALE,48.36434799770806,6.757463011685239,9.670468465863706,43.73871105657847,47.35590766593134,4.625636941129592,1.0084403317767183
2025,7361,Hugues THIRIOT,MALE,45.52203378516395,7.9497926297118795,11.121147492674847,45.26532852084364,47.35590766593134,0.2567052643203098,-1.833873880767392
2025,7362,Etienne LEBEAU,MALE,42.11249122238354,5.264021782321795,6.965298125763557,41.14316432091617,47.35590766593134,0.9693269014673689,-5.243416443547801
2025,7363,Pauline RAVANNE,FEMALE,44.310751719788236,5.512697743287521,7.493271789302207,40.451979779172746,47.35590766593134,3.8587719406154903,-3.0451559461431046
2025,7364,Marion RIVALIN,FEMALE,50.30324138875718,6.1859302430994,9.612061953100183,41.9495640760095,47.35590766593134,8.353677312747678,2.9473337228258387
2025,7365,Nicolas LOREAL,MALE,49.417401379545545,7.338888690971029,11.165377564192974,44.98773763599397,47.35590766593134,4.429663743551572,2.0614937136142046
2025,7366,Mathilde CHEVALLIER,FEMALE,42.228467545989375,5.939302967131422,8.186681906363455,41.399254899519555,47.35590766593134,0.82921264646982,-5.127440119941966
2025,7367,Timothée CHAMBONNEAU,MALE,46.05061586067122,8.145475405893668,10.849331235247845,45.114914688127875,47.35590766593134,0.9357011725433466,-1.3052918052601186
2025,7368,Elsa KNOSP,FEMALE,46.935186703593594,7.593198289605701,10.754788686051649,44.9747905967691,47.35590766593134,1.960396106824497,-0.4207209623377466
2025,7371,Cynthia LARCHER,FEMALE,45.7096675253723,7.957755969310691,11.178040215939234,45.26532852084364,47.35590766593134,0.4443390045286648,-1.646240140559037
2025,7372,Magali DEVERT,FEMALE,47.45740220254865,6.9330407381430215,10.203888061597063,45.555135569463445,47.35590766593134,1.9022666330852047,0.10149453661730945
2025,7373,Jezabel MELCHIOR,FEMALE,55.94306854758179,6.791777091327414,11.731007881088942,44.00952795218615,47.35590766593134,11.933540595395641,8.587160881650448
2025,7375,Frederique ELCAMAN,FEMALE,43.94980887326575,5.384548768203594,7.115111052066608,41.149730826583706,47.35590766593134,2.800078046682046,-3.4060987926655883
2025,7376,Fabien MAILLOT,MALE,47.07748815174029,6.747295317638734,9.3676302139821,44.2955251939882,47.35590766593134,2.781962957752093,-0.27841951419105015
2025,7377,Stephane CHARRIAU,MALE,48.390249271792776,3.7484673141435096,3.866472328143794,,47.35590766593134,,1.0343416058614352
2025,7378,Thomas RUCHE,MALE,37.28663324982643,6.9077369190616835,7.641364724909035,45.142986968205264,47.35590766593134,-7.856353718378834,-10.06927441610491
2025,7379,Aurélie LOLJEET,FEMALE,55.77099323090459,5.574780077757833,9.474787248961162,41.19886936395528,47.35590766593134,14.572123866949305,8.415085564973246
2025,7380,Keny BILON MARGUERITE,MALE,46.214318591474665,5.437119806200469,7.831993902597595,41.149730826583706,47.35590766593134,5.064587764890959,-1.1415890744566752
2025,7381,Simon LEBOSSÉ,MALE,52.3854624685678,7.0625007996783244,11.254580856732947,44.79666175208379,47.35590766593134,7.588800716484009,5.029554802636461
2025,7382,Justine AUBRIOT,FEMALE,40.529012355941724,6.202903073020763,7.44111328889555,43.77645406799741,47.35590766593134,-3.2474417120556893,-6.826895309989617
2025,7383,Jerome NASSIBOU,MALE,36.724969042346636,5.488263568238102,6.3603458086305364,39.984627524873666,47.35590766593134,-3.25965848252703,-10.630938623584704
2025,7384,Stephanie ROBERT,FEMALE,40.043344385038445,5.137498428021081,6.195074832096555,41.25270581785105,47.35590766593134,-1.2093614328126066,-7.3125632808928955
2025,7385,Lucie FOURQUIER,FEMALE,37.069375202112134,5.785407360520451,6.564542830771941,41.54929235923605,47.35590766593134,-4.479917157123914,-10.286532463819206
2025,7387,Alwenna LEVEQUE,FEMALE,48.60247714779382,7.693595245378492,11.56748797132591,44.500275020848804,47.35590766593134,4.102202126945016,1.2465694818624797
2025,7388,Sebastien BARET,MALE,44.83248830378268,7.235554709359364,9.490011471718798,45.142986968205264,47.35590766593134,-0.3104986644225818,-2.5234193621486583
2025,7389,Olivier GARDIANOT,MALE,47.98379400822984,5.32872677772484,8.110334884655742,41.19013553238509,47.35590766593134,6.793658475844751,0.6278863422985026
2025,7390,Ludovic ROUX,MALE,45.83545973687134,4.090284539078118,4.509220556803241,,47.35590766593134,,-1.5204479290599977
2025,7391,Eric VOLLAND,MALE,40.66897549479116,5.5113481024761874,6.89992441362814,39.67104549229497,47.35590766593134,0.9979300024961901,-6.686932171140178
2025,7392,William QUEMADES,MALE,41.756142224164854,7.300675169400009,9.337379069528613,44.40033528074218,47.35590766593134,-2.644193056577329,-5.599765441766486
2025,7393,Jean Pierre FANGUIMACHE,MALE,40.6372911687496,6.172813169281219,7.827537212318113,43.77798858703588,47.35590766593134,-3.1406974182862797,-6.718616497181742
2025,7394,Jean-Hugues CRESCENCE,MALE,44.23753471451742,6.664412300087316,9.076334144294577,44.55717543692194,47.35590766593134,-0.3196407224045146,-3.1183729514139173
2025,7396,Pierre-Jean BREGEON,MALE,34.42440023488705,5.849452475023995,5.71988719488463,41.667485330667006,47.35590766593134,-7.2430850957799535,-12.931507431044288
2025,7397,David BESNARD,MALE,43.994950882764726,7.828812162061855,10.539184213348598,45.26532852084364,47.35590766593134,-1.2703776380789122,-3.360956783166614
2025,7398,Maud LAMBERT,FEMALE,43.32506884260284,5.676417560846439,7.953982059214505,40.145822269418204,47.35590766593134,3.179246573184635,-4.0308388233285015
2025,7399,Fabrice Olivier FONTAINE,MALE,42.47666237819615,6.563868479619938,8.626545006717427,44.2955251939882,47.35590766593134,-1.8188628157920448,-4.879245287735188
2025,7400,Yasmina RENE,FEMALE,42.34647150813884,6.560231397396021,8.588742551900456,44.2955251939882,47.35590766593134,-1.949053685849357,-5.0094361577925
2025,7401,Eric TRUONG,MALE,41.125634281452776,5.257833521307413,6.490648784207311,41.19013553238509,47.35590766593134,-0.06450125093231662,-6.230273384478565
2025,7402,Renaud HUGELMANN,MALE,36.472163761471485,6.090931353464299,6.293242680823467,43.64144661016708,47.35590766593134,-7.169282848695595,-10.883743904459855
2025,7403,Victor ROUGIER,MALE,43.46245260531486,6.676618552141661,8.925384853998656,44.13246625786498,47.35590766593134,-0.6700136525501179,-3.893455060616482
2025,7404,Mathieu STEFFAN,MALE,41.2975971815152,6.6043712802504455,8.50957737242145,45.555135569463445,47.35590766593134,-4.2575383879482445,-6.05831048441614
2025,7405,Willy EMMA,MALE,42.29877073115249,9.910018131544204,12.945225237127945,47.33583461652406,47.35590766593134,-5.037063885371573,-5.057136934778853
2025,7406,Jerome AMOUNIE,MALE,39.62672663625675,5.320396015413966,5.523701482862009,41.1972618636586,47.35590766593134,-1.5705352274018551,-7.729181029674592
2025,7407,Mathis FLINOIS,MALE,38.61159166699313,4.147454831118611,3.305175439278695,,47.35590766593134,,-8.744315998938212
2025,7408,José Marius PONTALBA,MALE,36.38522837700356,5.375093084196656,5.366021919285323,41.1699331794844,47.35590766593134,-4.784704802480846,-10.970679288927784
2025,7409,Lucas TAURAN,MALE,42.58114458666955,5.224616961586318,6.640857522082291,41.19886936395528,47.35590766593134,1.38227522271427,-4.774763079261788
2025,7410,Eric VIDOT,MALE,43.71712332023701,5.245863819096378,7.137821071155595,41.19013553238509,47.35590766593134,2.5269877878519154,-3.638784345694333
2025,7411,Thierry BELLO,MALE,35.252064730277574,5.696422547879614,5.713152395404299,41.50628433604456,47.35590766593134,-6.254219605766984,-12.103842935653766
2025,7412,Beatrice BELLO,FEMALE,32.617795293685106,3.9515275746344765,2.882907988651025,,47.35590766593134,,-14.738112372246235
2025,7413,Magali MELCHIOR,FEMALE,41.6612419384872,5.3337477121685195,6.626528578661246,41.149730826583706,47.35590766593134,0.511511111903495,-5.694665727444139
2025,7414,Alix Freddy ROCHEFEUILLE,MALE,45.222237657969295,8.381371804143132,10.422150587151751,45.114914688127875,47.35590766593134,0.10732296984141954,-2.1336700079620456
2025,7415,Christophe WILLIAME,MALE,44.73845937178859,5.649000582441362,7.50721225171351,40.1679753516478,47.35590766593134,4.570484020140796,-2.617448294142747
2025,7416,Karen LEMARCHAND,FEMALE,49.145634413116944,7.424442846175008,11.222996957403659,45.23350783281745,47.35590766593134,3.9121265802994927,1.789726747185604
2025,7417,Marie PERSÉE,FEMALE,51.82809201410086,8.309291874493459,13.398584246440905,45.114914688127875,47.35590766593134,6.713177325972985,4.47218434816952
2025,7418,Pauline BOUFFIL,FEMALE,43.22100349508917,7.43008973439113,9.83886458946766,44.40033528074218,47.35590766593134,-1.1793317856530123,-4.134904170842169
2025,7419,Habiba MAOULANA,FEMALE,44.35351567345897,6.6691254737891725,8.945082047134811,44.35351567345897,47.35590766593134,0.0,-3.0023919924723685
2025,7420,Eric DIETRICH,MALE,37.71064391942652,5.620210960723193,6.123110673185973,40.66581114319986,47.35590766593134,-2.955167223773337,-9.645263746504817
2025,7421,Justine BAILLEUL,FEMALE,33.318449330297526,5.5407498712157635,5.649537601647076,40.76458277773487,47.35590766593134,-7.446133447437347,-14.037458335633815
2025,7422,Gabrielle AIPAR,FEMALE,50.57862622960199,6.649941115211947,10.324411965525636,43.65397113290738,47.35590766593134,6.924655096694607,3.2227185636706466
2025,7423,Sarah FLAUX,FEMALE,45.731306992176236,7.386326191820703,10.299478902217029,44.60817419078478,47.35590766593134,1.1231328013914563,-1.6246006737551042
2025,7424,Karine PAYET,FEMALE,48.998012093110695,5.426172192493625,8.17879544695985,41.19289494787351,47.35590766593134,7.805117145237183,1.6421044271793548
2025,7425,Paulette CARO,FEMALE,43.8905915815962,5.195626203317374,7.088836688378813,41.22578759090317,47.35590766593134,2.6648039906930308,-3.465316084335143
2025,7426,Nathanael TECHER,MALE,38.40224281106628,5.105460442464372,5.718136598903026,41.25270581785105,47.35590766593134,-2.8504630067847714,-8.95366485486506
2025,7427,Antoine ALBERT,MALE,43.645886663097464,3.7632744537090232,3.7809436145834567,,47.35590766593134,,-3.7100210028338765
2025,7428,Isabelle DRIESSENS,FEMALE,38.859708822585695,5.333911341102394,6.220997461250674,40.309689449182464,47.35590766593134,-1.4499806265967692,-8.496198843345645
2025,7429,Gabrielle LIEVIN,FEMALE,45.826521858494026,5.017627149398986,4.422212275615512,,47.35590766593134,,-1.5293858074373148
2025,7430,Noëmie CAPREDON,FEMALE,43.462958760161236,7.078116549430149,9.294830324572306,45.142986968205264,47.35590766593134,-1.6800282080440283,-3.8929489057701048
2025,7431,Alexia DE RAVEL,FEMALE,55.16762811604605,6.434062348760262,10.968685091925504,43.520767523983075,47.35590766593134,11.646860592062978,7.811720450114713
2025,7433,Heliette HEEKENG,FEMALE,42.42267641958803,5.666645667542481,6.906072237584649,41.47026301478964,47.35590766593134,0.9524134047983921,-4.933231246343311
2025,7434,Robin MELCHIOR,MALE,47.653271565915865,8.11003515652908,11.397994803886796,45.222237657969295,47.35590766593134,2.4310339079465706,0.29736389998452495
2025,7435,Stephane VALLDENEU,MALE,41.942703301473536,5.2163939821128835,6.521214796914219,41.37987418752937,47.35590766593134,0.5628291139441686,-5.413204364457805
2025,7436,Giovanni BARET,MALE,35.72173332967936,9.116204457406425,8.336154554335469,,47.35590766593134,,-11.63417433625198
2025,7437,Anne Marie ROUGIER,FEMALE,43.110567111020245,5.727686594776209,7.709416549956627,40.90720352400318,47.35590766593134,2.2033635870170656,-4.245340554911095
2025,7438,Stephane HAMON,MALE,35.459055309179696,4.223065086368241,3.420074406679661,,47.35590766593134,,-11.896852356751644
2025,7439,Kevin FIRMIN,MALE,34.7587104590639,6.65743209637725,6.737518246821985,44.83248830378268,47.35590766593134,-10.073777844718784,-12.597197206867442
2025,7440,Céline CONSTANZA,FEMALE,45.33194305012735,6.267016195683764,8.517038875351911,43.73871105657847,47.35590766593134,1.5932319935488835,-2.0239646158039903
2025,7441,Dominique CRESCENCE,MALE,38.90704314519034,5.218655814754162,6.322160814871749,41.149730826583706,47.35590766593134,-2.242687681393363,-8.448864520740997
2025,7442,Elodie HAMON,FEMALE,35.49756358873067,4.223198839237535,3.421733957676544,,47.35590766593134,,-11.85834407720067
2025,7443,Sonny LEPERLIER,MALE,44.00145138410221,6.005895737040836,7.902848281026484,41.54929235923605,47.35590766593134,2.4521590248661624,-3.3544562818291297
2025,7444,Anabel LOPEZ LOZANO,FEMALE,43.59445484305214,7.734380690894648,9.804616214719985,44.60817419078478,47.35590766593134,-1.0137193477326392,-3.7614528228791997
2025,7445,Sylvain SOUBADOU,MALE,28.368095708104168,5.623493176586656,4.615630227439475,42.35625866040959,47.35590766593134,-13.98816295230542,-18.987811957827173
2025,7446,Clement DEL MARCO,MALE,45.46900039698777,6.6067072492572825,9.291886232865558,44.7608352003849,47.35590766593134,0.708165196602863,-1.886907268943574
2025,7447,Yoann DURAND,MALE,42.602452016865286,5.416875788185196,6.719607340679275,41.149730826583706,47.35590766593134,1.4527211902815793,-4.753455649066055
2025,7448,Olivier IZOARD,MALE,32.683223556334184,6.265297084605134,5.856921471555596,44.35351567345897,47.35590766593134,-11.670292117124788,-14.672684109597157
2025,7449,Valentine MARCHAND,FEMALE,47.00084918304544,6.512650643875477,9.438469879739515,44.35351567345897,47.35590766593134,2.647333509586467,-0.3550584828859016
2025,7450,Frédéric SIMOULIN,MALE,35.08825885891131,5.487594356203594,5.222315131644098,39.996603344166715,47.35590766593134,-4.908344485255405,-12.26764880702003
2025,7451,Tiphaine DEVILLAIRS,FEMALE,36.10216267811984,7.166302162660599,7.800807779729944,45.23350783281745,47.35590766593134,-9.131345154697613,-11.253744987811501
2025,7452,Jean François DEMOUSTIER,MALE,53.212103643394485,4.947434396924838,4.924118772218245,,47.35590766593134,,5.856195977463145
2025,7453,Michel Marceau Camille ROCHE,MALE,36.63518488629597,3.733287977879493,3.256069341097522,,47.35590766593134,,-10.720722779635373
2025,7454,Brian FRANÇOIS FILS,MALE,46.335799264428616,11.973614561330425,16.873310849670812,47.47597043911402,47.35590766593134,-1.1401711746854062,-1.0201084015027249
2025,7455,Anne Marie JOHN,FEMALE,50.06101136776444,10.331202824918202,15.834363414131792,47.393974841512645,47.35590766593134,2.667036526251799,2.705103701833103
2025,7456,Teddy MARDAMA-NAYAGOM,MALE,46.69016208426841,7.026723571315199,9.95062530217934,45.555135569463445,47.35590766593134,1.135026514804963,-0.6657455816629323
2025,7457,Claire CAMBEFORT,FEMALE,33.01897281052623,3.915787861326751,2.755508814164939,,47.35590766593134,,-14.336934855405111
2025,7458,Ibtissame BAALI,FEMALE,38.15966713532368,3.7695526338101257,3.6384757309038633,38.112334352373125,47.35590766593134,0.047332782950554986,-9.19624053060766
2025,7459,Paul BONNARD,MALE,45.30723699271444,4.563971048509838,4.516385051546159,,47.35590766593134,,-2.048670673216904
2025,7460,Eric FIX,MALE,49.295860248870426,5.923692645742767,8.921424446526327,39.996603344166715,47.35590766593134,9.29925690470371,1.9399525829390853
2025,7461,Marie Helene TORINIERE,FEMALE,48.069754665572795,6.761885100118331,9.8630110900774,44.35351567345897,47.35590766593134,3.716238992113823,0.7138469996414543
2025,7462,Arnaud FOURQUIER,MALE,37.17777362834141,5.785789883106354,6.581057453872996,41.54929235923605,47.35590766593134,-4.3715187308946355,-10.178134037589928
2025,7464,Claude BEAUJEAN,MALE,38.25693438490199,5.2324004213738675,5.964386498715145,41.136597815248635,47.35590766593134,-2.879663430346646,-9.098973281029352
2025,7465,Sébastien FILLATRE,MALE,35.644406723094995,8.278659961853585,7.979923733910498,46.88924832814449,47.35590766593134,-11.244841605049494,-11.711500942836345
2025,7466,Remi MAUNIER,MALE,43.655181017923056,7.990771182707373,10.651713515295533,45.222237657969295,47.35590766593134,-1.5670566400462391,-3.7007266480082848
2025,7467,Juliette LLORET,FEMALE,44.59987880454299,5.317878743979048,7.352305640934751,41.149730826583706,47.35590766593134,3.4501479779592827,-2.7560288613883515
2025,7468,Guillaume SCHLIFFER,MALE,51.26066892189598,9.855355990906013,15.726407703508963,48.60574737317729,47.35590766593134,2.65492154871869,3.9047612559646367
2025,7469,Marine DZUBA,FEMALE,41.54230565729948,6.182421721557825,7.544466214871882,42.42267641958803,47.35590766593134,-0.8803707622885497,-5.813602008631861
2025,7470,Pierre ESTEVIN,MALE,46.02938519198558,9.59768093843071,13.51820021829666,48.77118687666618,47.35590766593134,-2.7418016846805955,-1.326522473945758
2025,7471,Fabien DURAND,MALE,36.93352125342454,6.64097253414589,7.420577100287835,44.83248830378268,47.35590766593134,-7.898967050358145,-10.422386412506803
2025,7472,Laura VERHELST,FEMALE,27.901699843321325,4.950374492338423,3.7797072070900706,41.149730826583706,47.35590766593134,-13.248030983262382,-19.454207822610016
2025,7473,Dany VIRAMA,MALE,45.86329541560383,6.5924114739394275,8.723732234837719,43.780522147964604,47.35590766593134,2.082773267639226,-1.492612250327511
2025,7474,Maxime GATINEAU,MALE,41.5694852196374,7.684406151012894,8.976404428773169,45.46888375011854,47.35590766593134,-3.899398530481143,-5.78642244629394
2025,7475,Mickael MIRAVOUTIN,MALE,41.9495640760095,6.375977297087813,7.944573399822096,43.77645406799741,47.35590766593134,-1.8268899919879118,-5.406343589921839
2025,7476,Korentin GUEZENEC,MALE,58.52194598572805,9.130701411479096,16.330686433466443,45.21895591347753,47.35590766593134,13.302990072250523,11.166038319796712
2025,7477,Jean Stephane VINCENT,MALE,39.94053119308155,5.262522510874787,6.293413334158091,41.1699331794844,47.35590766593134,-1.2294019864028556,-7.415376472849793
2025,7478,Désiré PAYET,MALE,37.003605331191494,4.077629376089211,3.3017334736981256,,47.35590766593134,,-10.352302334739846
2025,7479,Leo SERCA,MALE,48.92082753166953,11.689330425906812,17.188805158902888,47.178839718141795,47.35590766593134,1.7419878135277358,1.5649198657381902
2025,7480,Jamel DAOUDI,MALE,37.87800371213422,3.8882347683811758,2.816787873477613,,47.35590766593134,,-9.477903953797117
2025,7481,Leslie BOURIEL,FEMALE,53.230522520720655,7.673185613029808,12.576430022781857,44.60817419078478,47.35590766593134,8.622348329935875,5.874614854789314
2025,7482,Gilbert MARTINO,MALE,34.42225000635296,5.026416429026258,5.232614277838273,41.1972618636586,47.35590766593134,-6.775011857305643,-12.93365765957838
2025,7483,Caroline CHEUL,FEMALE,46.40251594095035,8.314263389280155,11.714351819999024,45.26532852084364,47.35590766593134,1.137187420106713,-0.9533917249809889
2025,7484,Solène SOTON,FEMALE,54.325434375055224,6.43770777250773,10.863880554563748,42.56758925027523,47.35590766593134,11.75784512477999,6.969526709123883
2025,7485,Frederic VASSILTCHENKO,MALE,53.54997216610816,8.205772066899257,13.235509661677899,45.114914688127875,47.35590766593134,8.435057477980287,6.194064500176822
2025,7486,Mickélig PONSOT,FEMALE,48.899345064611865,7.02187990563628,10.994895042869821,44.83248830378268,47.35590766593134,4.066856760829182,1.543437398680524
2025,7487,Violette SIBI,FEMALE,45.72579599690124,6.80056447405998,9.462946898405384,45.46900039698777,47.35590766593134,0.2567955999134739,-1.6301116690301
2025,7488,Evelyne ROULON,FEMALE,38.714022982853606,3.7051263496580105,3.3467022658911554,,47.35590766593134,,-8.641884683077734
2025,7489,Yannick HOAREAU,MALE,38.883667794516526,5.2981578989962195,6.529935392542859,41.125634281452776,47.35590766593134,-2.2419664869362492,-8.472239871414814
2025,7490,Laura DURST,FEMALE,51.68645829821109,7.4652651668082,11.974527933599461,45.55507724602883,47.35590766593134,6.131381052182263,4.330550632279753
2025,7491,Christopher Hélio Mickaël PARIS,MALE,40.9685429056801,7.966835189131623,10.250433204542803,45.26532852084364,47.35590766593134,-4.296785615163536,-6.387364760251238
2025,7492,Johnny BEGE,MALE,37.83762542466112,5.252621163600316,6.059597467636782,41.136597815248635,47.35590766593134,-3.2989723905875152,-9.51828224127022
2025,7493,Jean-Christophe LUZ,MALE,33.95109881124292,5.399180305160372,5.4375036100834855,39.90763822225097,47.35590766593134,-5.956539411008045,-13.404808854688419
2025,7494,Joseph ATTIAVE,MALE,40.09648834233599,6.67780329282742,8.19481192895865,44.965163015810646,47.35590766593134,-4.868674673474658,-7.259419323595353
2025,7495,Marion MENET,FEMALE,41.90398991555331,5.601148237761557,7.125541470069928,39.43379821330456,47.35590766593134,2.470191702248748,-5.45191775037803
2025,7496,Gauthier BLONDEL,MALE,42.56876167954587,7.139235471864186,9.344869011846923,45.142986968205264,47.35590766593134,-2.5742252886593917,-4.787145986385468
2025,7497,Nazir PATEL,MALE,47.946046647294615,6.90846298821533,10.151534400349895,45.46900039698777,47.35590766593134,2.4770462503068487,0.5901389813632747
2025,7498,Richard Luc LORION,MALE,46.48199353215851,6.333285005507083,9.171393038414097,43.64144661016708,47.35590766593134,2.8405469219914323,-0.8739141337728284
2025,7499,Bertrand SERY,MALE,41.930393127431756,8.28613209000105,10.25916389745823,45.26532852084364,47.35590766593134,-3.3349353934118824,-5.425514538499584
2025,7500,Nicolas CHARRETIER,MALE,51.09734630484056,10.206210599360457,15.602294944453211,48.60574737317729,47.35590766593134,2.491598931663276,3.741438638909223
2025,7501,Maxime DUJARDIN,MALE,40.92043561107822,7.646872856994436,9.743004232561912,44.450305150795494,47.35590766593134,-3.529869539717275,-6.435472054853122
2025,7502,Ny Aina Tinnie RAKOTOMALALA,FEMALE,43.781320177418486,3.7122873741409586,3.3107767990239205,,47.35590766593134,,-3.5745874885128543
2025,7503,Christopher CAMACHETTY,MALE,47.178839718141795,11.206240386817353,15.681091900204354,47.178839718141795,47.35590766593134,0.0,-0.1770679477895456
2025,7504,Jean-Matthieu LEGER,MALE,40.96485982702812,6.264628622587292,7.819937692146672,43.64144661016708,47.35590766593134,-2.6765867831389585,-6.391047838903219
2025,7505,Nicolas HOLDER,MALE,41.47026301478964,5.951934023029676,6.845794261508528,41.26041160385845,47.35590766593134,0.20985141093118642,-5.885644651141703
2025,7506,Nathalie ABROUSSE,FEMALE,41.7786916001614,5.57874405699261,7.256923842618007,39.984627524873666,47.35590766593134,1.7940640752877357,-5.577216065769939
2025,7507,Stéphanie MICHEL,FEMALE,37.39459274165505,5.314088980077269,6.485646792770371,40.451979779172746,47.35590766593134,-3.0573870375176924,-9.961314924276287
2025,7508,Willy Boris GENCE,MALE,37.24648862692589,5.517957176810899,5.061051147650945,40.05590776068969,47.35590766593134,-2.8094191337638037,-10.109419039005452
2025,7509,Andrea HASLEBACHER,FEMALE,57.202016360973964,8.48695148662977,15.179107372833702,45.222237657969295,47.35590766593134,11.97977870300467,9.846108695042624
2025,7510,Claude PAULET,MALE,46.95651356953835,5.932041809106653,8.4980387074908,40.90720352400318,47.35590766593134,6.049310045535172,-0.39939409639298873
2025,7511,Ted SALLÉ,MALE,43.79658159921519,7.062283303945016,9.116886503587967,45.55507724602883,47.35590766593134,-1.7584956468136426,-3.559326066716153
2025,7512,Patrick JABERG,MALE,42.077828895815735,9.93358928722867,12.67906956784931,47.393974841512645,47.35590766593134,-5.31614594569691,-5.278078770115606
2025,7513,Moritz METZGER,MALE,55.952620413401945,8.253127118235534,13.637690168270634,45.114914688127875,47.35590766593134,10.83770572527407,8.596712747470605
2025,7514,Damien VAUCELLE,MALE,40.309689449182464,5.247591444590702,6.56926103355074,41.149730826583706,47.35590766593134,-0.8400413774012421,-7.046218216748876
2025,7515,Appolinaire Simon LAVERNAY,MALE,44.423662496691335,6.0067557128523426,8.135833867793092,41.667485330667006,47.35590766593134,2.7561771660243295,-2.932245169240005
2025,7516,Jean Philippe ALEF,MALE,50.22672935340178,6.8015426699568735,9.96177876569736,42.82426085431456,47.35590766593134,7.40246849908722,2.870821687470439
2025,7517,Sebastien PIERREJEAN,MALE,41.72408170467525,4.995721209844448,4.701042336200139,,47.35590766593134,,-5.631825961256091
2025,7518,Yohan PATCHÉ,MALE,42.553066979968236,8.843971518395264,11.082869873137751,47.189354214146775,47.35590766593134,-4.636287234178539,-4.802840685963105
2025,7519,Julien HOAREAU,MALE,33.82572648879487,10.404258431149373,10.326980380749482,37.84626315405682,47.35590766593134,-4.02053666526195,-13.53018117713647
2025,7520,Philippe LESNE,MALE,38.06500156942258,4.9406820173000945,5.445881647341068,41.19886936395528,47.35590766593134,-3.133867794532705,-9.290906096508763
2025,7521,Didier AH-KEN,MALE,40.1509030664858,5.802547482269044,7.086601449771216,41.667485330667006,47.35590766593134,-1.5165822641812028,-7.205004599445537
2025,7522,Tony LAMONGE,MALE,43.05633137200775,8.045975499754993,10.808606283192425,45.114914688127875,47.35590766593134,-2.058583316120128,-4.299576293923593
2025,7523,Salmane MALECK,MALE,43.6164078286115,7.499706511300691,10.250519635035328,44.40033528074218,47.35590766593134,-0.7839274521306834,-3.7394998373198405
2025,7524,Theo REBOUR,MALE,48.710950545491094,8.111416224667238,12.166969147005455,45.26532852084364,47.35590766593134,3.445622024647456,1.355042879559754
2025,7525,Denis CAPRON,MALE,34.91808060459064,5.360409391941673,5.51411277576296,39.504472504288174,47.35590766593134,-4.5863918996975315,-12.437827061340698
2025,7526,Ludovic SITALAPRESAD,MALE,50.64792372104945,4.376728101261418,4.663698624236527,,47.35590766593134,,3.2920160551181112
2025,7527,Étienne AH-KOW,MALE,34.44887376041848,5.304444360511563,5.3514912644539265,40.73535547289872,47.35590766593134,-6.286481712480239,-12.907033905512861
2025,7528,Fred LEVENEUR,MALE,40.845298720903585,6.491909103170244,7.194727463807912,43.73871105657847,47.35590766593134,-2.8934123356748813,-6.510608945027755
2025,7529,Francoise BRABANT,FEMALE,50.661947186140935,6.194114527133184,9.933161953727513,41.99089667909173,47.35590766593134,8.671050507049202,3.3060395202095947
2025,7530,Stéven KERDANET,MALE,53.64394711528243,8.023423103794727,13.306973649958072,44.40033528074218,47.35590766593134,9.243611834540246,6.288039449351089
2025,7531,Lucie TRAISSAC,FEMALE,47.76978109549345,9.905826755174896,14.23674993416351,48.77118687666618,47.35590766593134,-1.0014057811727284,0.41387342956210915
2025,7532,Loick FILAIN,MALE,38.051100741469625,6.149882546740567,6.953012128612011,43.77645406799741,47.35590766593134,-5.725353326527788,-9.304806924461715
2025,7533,Christelle NERBARD,FEMALE,50.93567236961669,6.97314655213603,10.573699770981934,44.13246625786498,47.35590766593134,6.803206111751713,3.579764703685349
2025,7534,Sabrina SAVARINO,FEMALE,31.126576762904634,5.990437737152162,5.34165593603949,43.781521189854864,47.35590766593134,-12.65494442695023,-16.229330903026707
2025,7535,Joël BEGUE,MALE,36.94237691181369,5.485838854697063,5.508888657796115,39.94053119308155,47.35590766593134,-2.9981542812678583,-10.413530754117652
2025,7536,Pascal SORLIER,MALE,34.59061287956579,6.451076141622626,6.137494883748795,44.23753471451742,47.35590766593134,-9.646921834951634,-12.765294786365551
2025,7537,Mathieu HOAREAU,MALE,44.87013749846117,6.328089036924928,8.73928524368966,43.73871105657847,47.35590766593134,1.1314264418827022,-2.4857701674701715
2025,7538,Louis David CLAIN,MALE,36.55065270876805,5.19751582124445,5.385209512481596,41.1972618636586,47.35590766593134,-4.646609154890555,-10.805254957163292
2025,7539,Julie GENNESSEAUX,FEMALE,42.56758925027523,5.999364295796396,7.689972521909458,41.99089667909173,47.35590766593134,0.5766925711835,-4.788318415656107
2025,7540,Alexandre LANCEART,MALE,50.45345166578373,7.4331264927579515,11.430843146145648,45.142986968205264,47.35590766593134,5.3104646975784675,3.097543999852391
2025,7541,Frederic FLEURIE,MALE,46.17467381781894,5.605435031385046,7.853074926285447,41.125634281452776,47.35590766593134,5.049039536366166,-1.1812338481123987
2025,7542,Nicolas MOREL,MALE,38.8634509492181,5.319383716034907,6.008813030816102,41.1699331794844,47.35590766593134,-2.3064822302663046,-8.492456716713242
2025,7543,Loes VAN DER VELDE,FEMALE,36.151502103313156,5.6491697053407846,5.821896969917637,40.66897549479116,47.35590766593134,-4.517473391478006,-11.204405562618184
2025,7545,Jimmy Marc PAYET,MALE,47.620491954965985,8.88648186302668,12.777701757739802,45.21895591347753,47.35590766593134,2.4015360414884555,0.26458428903464437
2025,7546,Eric MUSSARD,MALE,41.19886936395528,5.3113467440263165,6.306558195582687,41.16336667381687,47.35590766593134,0.035502690138415005,-6.157038301976058
2025,7547,Laurent CHALOPIN,MALE,48.7852516571827,6.773723002130901,10.049354895722878,44.55717543692194,47.35590766593134,4.2280762202607605,1.4293439912513577
2025,7548,Yaseen ATCHIA,MALE,43.1202043537554,6.737644731690237,8.827933563147456,45.555135569463445,47.35590766593134,-2.4349312157080476,-4.235703312175943
2025,7549,Kenny ROBERT,MALE,41.23460569231567,6.504336262060642,7.622118097274377,44.2955251939882,47.35590766593134,-3.0609195016725295,-6.121301973615672
2025,7550,Ismael MONFORT,MALE,43.50176045598672,8.06914261847865,10.626620199977172,45.222237657969295,47.35590766593134,-1.7204772019825754,-3.854147209944621
2025,7551,Helijah ICHIZA,MALE,46.82180223723897,3.815021912226442,3.5418790298583556,,47.35590766593134,,-0.5341054286923708
2025,7552,Louise LOGIE,FEMALE,42.289840901231145,5.978082740604137,7.7915218269168545,42.228467545989375,47.35590766593134,0.0613733552417699,-5.066066764700196
2025,7553,Maxime LAMAZERE,MALE,35.471136839006554,7.4776449672092715,7.731274593506387,45.007591718286456,47.35590766593134,-9.536454879279901,-11.884770826924786
2025,7554,Mathis BOURRAT,MALE,48.780861987589326,6.8347047295309045,9.482858854667326,44.55717543692194,47.35590766593134,4.223686550667388,1.4249543216579852
2025,7555,Capucine CHAMBRIARD,FEMALE,41.99089667909173,6.182551094217503,7.929307203241092,42.42267641958803,47.35590766593134,-0.43177974049629597,-5.365010986839607
2025,7556,Jordan BULOT,MALE,11.548712519360297,9.076073519843852,1.4823357189329887,,47.35590766593134,,-35.80719514657105
2025,7557,Ingrid AKOSSI,FEMALE,40.90780770299761,3.739636017864421,2.84673711381786,,47.35590766593134,,-6.448099962933732
2025,7558,Gregory ROBERT,MALE,42.5271270415677,7.0896810541955055,8.967388751141858,45.142986968205264,47.35590766593134,-2.6158599266375617,-4.828780624363638
2025,7559,Johanna SALIM,FEMALE,42.31977278860073,5.398507446647934,7.290060523893536,40.73535547289872,47.35590766593134,1.5844173157020123,-5.0361348773306105
2025,7560,Yoland MAILLOT,MALE,51.97210713451638,6.854805986904321,10.278506564073105,43.77645406799741,47.35590766593134,8.195653066518965,4.616199468585037
2025,7561,Guillaume DARTHAYETTE,MALE,47.00557544045721,7.314071784617112,10.38008254906001,44.83248830378268,47.35590766593134,2.173087136674525,-0.35033222547413345
2025,7562,Alain RIBAUT,MALE,34.43258266308275,6.886198876356606,6.60883328080828,44.98773763599397,47.35590766593134,-10.555154972911225,-12.923325002848593
2025,7563,Jean Yves GEDEAS,MALE,40.60630302502298,7.34325135108265,8.754709684117639,45.142986968205264,47.35590766593134,-4.5366839431822825,-6.749604640908359
2025,7564,Alix SINDRAYE,MALE,41.507042557207676,5.278054086118507,6.814129041894988,41.1699331794844,47.35590766593134,0.337109377723273,-5.848865108723665
2025,7565,Jérémy AH-HEE-AYAN,MALE,38.71638927212116,5.8124129773290925,6.681385888366432,41.399254899519555,47.35590766593134,-2.6828656273983924,-8.639518393810178
2025,7567,Zaidou TAVANDAY,MALE,45.0117750321888,5.512624672878086,7.361807136544723,41.136597815248635,47.35590766593134,3.875177216940166,-2.3441326337425394
2025,7568,Marie-Claire PARASSOURAMIN,FEMALE,38.88283814179807,4.04039695075196,3.459417001810282,,47.35590766593134,,-8.473069524133273
2025,7570,Mathieu PELÉ,MALE,31.175330237652037,4.441378075134056,3.474259433548751,39.984627524873666,47.35590766593134,-8.809297287221629,-16.180577428279303
2025,7571,Adeline AARON,FEMALE,35.029970178602575,5.058225564379461,5.358581833351464,41.14316432091617,47.35590766593134,-6.113194142313596,-12.325937487328765
2025,7572,Emma METRO,FEMALE,51.22581729448282,9.378785881675542,15.144363475293833,48.507230664061915,47.35590766593134,2.7185866304209085,3.8699096285514827
2025,7573,Frederic SAMSORA,MALE,44.500275020848804,7.428327751825625,9.89366144568903,44.71607336072075,47.35590766593134,-0.2157983398719452,-2.8556326450825367
2025,7574,Valentin GRENIER,MALE,46.57486503388761,5.38247434471321,7.774866704760816,41.19013553238509,47.35590766593134,5.38472950150252,-0.7810426320437287
2025,7575,François ADANT,MALE,47.495855360385306,8.29002171384882,12.308527802126248,45.54541892815471,47.35590766593134,1.950436432230596,0.1399476944539657
2025,7576,Hugo CORTEN,MALE,49.909535988331776,9.799944518307273,15.327318512088873,48.60574737317729,47.35590766593134,1.3037886151544882,2.553628322400435
2025,7577,Jackie DOUSSOT,FEMALE,42.86310470159436,5.211718305042638,6.937791558582897,41.19289494787351,47.35590766593134,1.6702097537208473,-4.492802964336981
2025,7578,Youssef CHOUCAIR,MALE,81.02452863292395,3.7435642917194003,4.289600103037178,,47.35590766593134,,33.668620966992606
2025,7579,Sylvain POILBOUC,MALE,40.436134086981845,5.5764170910756,4.218534045276027,,47.35590766593134,,-6.919773578949496
2025,7581,Antoine Luc ROBERT,MALE,40.88961626659816,8.884705682380366,10.701350124268671,48.40871395494654,47.35590766593134,-7.519097688348381,-6.46629139933318
2025,7582,Pascal HOARAU,MALE,34.84207333308345,5.0626383383759235,4.841189127777867,41.58414224784744,47.35590766593134,-6.7420689147639905,-12.513834332847892
2025,7583,Nicolas CERVEAU,MALE,36.52884150463994,5.539425160681656,5.010801842541345,40.347727727356556,47.35590766593134,-3.818886222716614,-10.827066161291398
2025,7584,Sébastien DUBOIS,MALE,29.931758194172925,6.569664744988923,5.147323925924645,45.68353336942018,47.35590766593134,-15.751775175247257,-17.424149471758415
2025,7585,Melvin BERTHELIER,MALE,48.87923663654291,9.204643869486956,13.889319227470054,48.40871395494654,47.35590766593134,0.47052268159637123,1.5233289706115727
2025,7586,Jean Patrice PAYET,MALE,47.33583461652406,10.69930851479325,15.095317584734323,43.85054002792661,47.35590766593134,3.485294588597448,-0.020073049407280052
2025,7587,Alexandre REIBEL,MALE,41.89754176944811,6.1945151630412,7.739331194245333,43.02604415444007,47.35590766593134,-1.128502384991961,-5.45836589648323
2025,7588,Samuel BOYER,MALE,43.87352200170348,5.477438694427672,7.636512356634401,40.347727727356556,47.35590766593134,3.5257942743469215,-3.4823856642278628
2025,7589,Elsa GRONDIN,FEMALE,42.49142780654721,5.3583952572255615,6.846471058980919,41.1699331794844,47.35590766593134,1.3214946270628047,-4.864479859384133
2025,7590,Emma LEROUX,FEMALE,41.55627906117261,6.214134077035808,7.812720486056106,43.73871105657847,47.35590766593134,-2.1824319954058566,-5.79962860475873
2025,7591,Jasmine TAILE,FEMALE,40.73535547289872,5.2493616943390595,6.5045699892047555,41.14316432091617,47.35590766593134,-0.4078088480174529,-6.620552193032623
2025,7592,Julien GIDEL,MALE,37.526696293063026,5.473115379570938,6.451654421466316,40.05590776068969,47.35590766593134,-2.5292114676266664,-9.829211372868315
2025,7593,Loïc TOULCANON,MALE,43.85054002792661,9.92687364870093,13.334711993001484,47.61094808099734,47.35590766593134,-3.7604080530707265,-3.505367638004728
2025,7594,Aurore CLAUDE,FEMALE,37.86945444883706,6.274410328092156,7.062505959082663,44.87013749846117,47.35590766593134,-7.000683049624108,-9.48645321709428
2025,7596,Martin COUSSEAU,MALE,45.21895591347753,8.711066967853224,11.228239088419091,46.40251594095035,47.35590766593134,-1.1835600274728222,-2.136951752453811
2025,7597,Jean David BOYER,MALE,13.560458262095851,9.258909803718332,1.7756166859996334,,47.35590766593134,,-33.79544940383549
2025,7598,Alice HAMONEAU,FEMALE,40.01764753287319,7.283168828022612,8.735997360008565,44.60817419078478,47.35590766593134,-4.590526657911589,-7.338260133058149
2025,7599,Stéphane BÉGAUD,MALE,39.89484929772745,7.2771038168999755,8.699462035627473,44.60817419078478,47.35590766593134,-4.713324893057333,-7.461058368203894
2025,7600,Cyrielle DELAMARRE,FEMALE,38.87543228639756,5.4371053991115375,6.409577094306569,40.1679753516478,47.35590766593134,-1.2925430652502357,-8.480475379533779
2025,7601,Virginie BENOIS,FEMALE,45.007591718286456,7.873657018379193,11.129521032321254,45.222237657969295,47.35590766593134,-0.21464593968283907,-2.3483159476448847
2025,7602,Jean Pierre MUSSARD,MALE,46.43827304631681,6.0795279349661,8.723461717946304,42.23835421074911,47.35590766593134,4.199918835567701,-0.9176346196145317
2025,7603,François SERGEANT,MALE,38.151820681058986,5.877868867688075,6.51971113448465,41.9495640760095,47.35590766593134,-3.7977433949505155,-9.204086984872355
2025,7604,Thierry GANGLOFF,MALE,37.69528418211425,6.431774959957618,7.298165951844333,44.23753471451742,47.35590766593134,-6.542250532403173,-9.66062348381709
2025,7605,Pascal SEBODIER,MALE,44.15631873748714,5.752869250836954,7.49569419401371,39.782471067560024,47.35590766593134,4.373847669927116,-3.1995889284442
2025,7606,Jerome BLACHE,MALE,38.67499612346103,5.973441631312878,6.395084326678235,41.7786916001614,47.35590766593134,-3.1036954767003735,-8.680911542470312
2025,7607,Jean Jacques HOAREAU,MALE,53.67360597288098,7.313245598701135,12.187922523170283,44.98773763599397,47.35590766593134,8.685868336887005,6.317698306949637
2025,7608,Clément MENU,MALE,45.74267386683394,5.582076710377571,7.82275481317907,40.1679753516478,47.35590766593134,5.574698515186142,-1.6132337990974008
2025,7609,Sylvain BERNARD,MALE,42.736710028188625,5.2079129278216145,6.909751762816287,41.19289494787351,47.35590766593134,1.5438150803151132,-4.619197637742715
2025,7610,Vincent GILLET,MALE,45.926594302924244,7.0856383646963215,9.8098990901486,44.98773763599397,47.35590766593134,0.9388566669302705,-1.4293133630070969
2025,7611,Franck HUET,MALE,44.92983411055406,5.9670235600440495,8.089420025421193,41.667485330667006,47.35590766593134,3.2623487798870556,-2.426073555377279
2025,7613,Joseph Jean Damien RAVINA,MALE,43.818824914920164,11.662701501162308,15.426942273739506,47.47597043911402,47.35590766593134,-3.657145524193858,-3.5370827510111766
2025,7614,Nicolas VIGNERON,MALE,45.0978377278386,6.707260699074786,9.312085954717713,44.2955251939882,47.35590766593134,0.8023125338504045,-2.2580699380927385
2025,7615,Ludivine RABUEL,FEMALE,48.40871395494654,9.039196136328632,13.490214623256325,48.507230664061915,47.35590766593134,-0.09851670911537269,1.0528062890152015
2025,7616,Adrien GAUTIER,MALE,50.2216490841351,6.310420224937736,9.658775520576354,43.02604415444007,47.35590766593134,7.19560492969503,2.8657414182037613
2025,7617,Brigitte MICHEL,FEMALE,37.50402166267748,5.754426626777844,6.5389234856145215,41.54929235923605,47.35590766593134,-4.045270696558568,-9.85188600325386
2025,7619,Christelle MENU,FEMALE,42.0127888951921,6.079563847637608,7.539838794002449,42.12062822059074,47.35590766593134,-0.10783932539863628,-5.343118770739238
2025,7620,Kevin BONNABEAU,MALE,43.071954355189796,7.119009425996073,9.330347991150475,45.142986968205264,47.35590766593134,-2.0710326130154684,-4.283953310741545
2025,7621,Astrid JULIOT,FEMALE,50.40423652887367,6.595996540262815,10.335053863971606,44.23753471451742,47.35590766593134,6.166701814356244,3.048328862942327
2025,7622,Pierre DUCLOU,MALE,37.39309921786656,6.748178491309616,7.699975674270349,44.83248830378268,47.35590766593134,-7.439389085916119,-9.962808448064777
2025,7623,Baptiste AOUSTET,MALE,48.007260892216195,7.816627000906726,11.451435416318759,44.251426076539644,47.35590766593134,3.7558348156765504,0.6513532262848543
2025,7624,Candice VAYSSIER,FEMALE,40.10323635791963,5.404629176932154,6.64467627704439,40.73535547289872,47.35590766593134,-0.6321191149790906,-7.252671308011713
2025,7627,Christophe WAI-LUNE,MALE,51.73659826273486,9.735957751271528,15.12394939349381,48.60574737317729,47.35590766593134,3.1308508895575713,4.380690596803518
2025,7628,Diana IAFARE,FEMALE,36.74636376799161,4.1421417273687124,3.272267629242812,,47.35590766593134,,-10.60954389793973
2025,7629,Ludovic TANTALIDES,MALE,40.90760038125371,4.375794330487364,3.2292991376361093,,47.35590766593134,,-6.448307284677632
2025,7630,Jean-Yves LABRY,MALE,41.47035308469803,4.1394150196184345,3.773006732897374,,47.35590766593134,,-5.885554581233308
2025,7631,Clémence CEYRAT,FEMALE,40.95157206148582,6.676297841179098,8.374980280801397,45.555135569463445,47.35590766593134,-4.603563507977626,-6.404335604445521
2025,7633,Benoît ROUSSEL,MALE,41.19013553238509,5.370326764808541,6.275865283766466,41.149730826583706,47.35590766593134,0.04040470580138589,-6.165772133546248
2025,7634,Aymane BANA,MALE,39.89989211156482,4.2629646241335895,3.552414716942562,,47.35590766593134,,-7.456015554366523
2025,7635,Maxime JULIEN,MALE,47.170382392271264,7.228759200655614,10.494704993303788,45.142986968205264,47.35590766593134,2.0273954240660004,-0.1855252736600761
2025,7636,Guilhem GAUGRY,MALE,34.75864512998908,4.038224274042571,3.263578144077453,,47.35590766593134,,-12.597262535942264
2025,7638,Ewan BOOGAERTS,MALE,44.95662776352407,5.398218198913632,7.3147690163553705,41.131116048350705,47.35590766593134,3.825511715173363,-2.3992799024072724
2025,7639,Mickaël GONTHIER,MALE,41.19382893631451,7.896581830378074,9.402059128887942,45.114914688127875,47.35590766593134,-3.921085751813365,-6.16207872961683
2025,7640,Morgane Clara DICHTL,FEMALE,31.315422078363575,3.8434568655505927,2.838101598427278,,47.35590766593134,,-16.040485587567765
2025,7641,Romain HEUDIARD,MALE,4.792520598100815,5.69923949635119,0.38627437052632274,,47.35590766593134,,-42.563387067830526
2025,7642,Florian LOUET,MALE,40.829212037086364,5.343607729265166,6.730636346817846,41.14316432091617,47.35590766593134,-0.31395228382980633,-6.526695628844976
2025,7643,Aurelia GUILLAUME,FEMALE,40.90720352400318,5.741825265046555,7.186342839683954,40.76458277773487,47.35590766593134,0.14262074626830668,-6.448704141928161
2025,7644,Clémence REY,FEMALE,36.97136503238242,5.6570992653514915,6.200607371288763,40.90720352400318,47.35590766593134,-3.935838491620757,-10.384542633548918
2025,7645,Jérémy GRONDIN,MALE,44.4680456541885,5.901337841086918,7.615052197308145,40.1509030664858,47.35590766593134,4.317142587702698,-2.8878620117428397
2025,7646,Edouard TREFOUEL,MALE,37.00841350521119,5.657326350379379,6.208064006235206,40.90720352400318,47.35590766593134,-3.898790018791992,-10.347494160720153
2025,7647,Mustapha LALAM,MALE,45.169873941333954,6.351103048705291,8.741662091816506,43.77645406799741,47.35590766593134,1.3934198733365406,-2.1860337245973867
2025,7650,Chloé LECONTE,FEMALE,44.42801123175785,5.947938559479829,8.238840315749695,41.55627906117261,47.35590766593134,2.87173217058524,-2.9278964341734905
2025,7651,Quentin KUSMIERECK,MALE,49.33038857131918,7.750012804957215,11.659186465344742,44.60817419078478,47.35590766593134,4.722214380534403,1.9744809053878427
2025,7652,Jean Richel AUGUSTINE,MALE,45.46888375011854,7.523761906207981,10.152659438282903,45.46888375011854,47.35590766593134,0.0,-1.8870239158127973
2025,7653,Pierre DE QUATREBARBES,MALE,42.769450581241934,6.560412085525813,8.554946852383313,44.35351567345897,47.35590766593134,-1.5840650922170383,-4.586457084689407
2025,7654,Pauline BROUCQSAULT,FEMALE,48.22094210873705,6.660620936917601,9.898705601776847,44.7608352003849,47.35590766593134,3.460106908352145,0.8650344428057082
2025,7655,Caroline SEREIS,FEMALE,39.921379801676856,5.935396945613563,6.272862478472607,40.90720352400318,47.35590766593134,-0.9858237223263231,-7.434527864254484
2025,7656,Matthieu PETIT,MALE,52.52768495121026,5.6989974132712895,9.583931613956828,41.1972618636586,47.35590766593134,11.330423087551658,5.171777285278921
2025,7657,Thomas MAURAS,MALE,43.65698232134292,7.062756321995721,8.771201573556116,45.305993682596515,47.35590766593134,-1.6490113612535922,-3.6989253445884174
2025,7658,Nicolas FOUBERT,MALE,44.68212177139457,5.319628210380792,7.366895388554204,41.149730826583706,47.35590766593134,3.5323909448108637,-2.6737858945367705
2025,7659,David SAVIGNAN,MALE,43.781521189854864,6.236845399712868,8.390764191083484,43.31395794618233,47.35590766593134,0.46756324367253654,-3.5743864760764765
2025,7660,Bastien MATHI,MALE,41.85370308352787,6.192638220812753,7.7349027276491205,43.02604415444007,47.35590766593134,-1.1723410709122035,-5.502204582403472
2025,7662,Elodie POSÉ,FEMALE,28.709494489196548,3.5474552898248133,2.2617131622224633,,47.35590766593134,,-18.646413176734793
